id_cliente,razon_social,id_tributario,segmento,ciudad,contacto_nombre,contacto_email,contacto_telefono,dias_credito,ejecutivo_comercial,fecha_alta,limite_credito
C0001,Maestranza Andina SpA,76829491-2,Taller,Puerto Montt,Daniela Silva,dsilva@maestranza1.cl,+56 9 2862 1941,30,Ignacio Reyes,2022-03-26,4300000
C0002,Carpintería Buena Vista S.A.,77042883-3,Contratista,Puerto Montt,Carlos Rojas,crojas@carpinteria2.cl,+56 9 2585 1700,30,Diego Navarro,2024-07-28,1000000
C0003,Metalúrgica Quillota Ltda.,77303087-3,Mantención industrial,Talca,Catalina Fuentes,cfuentes@metalurgica3.cl,+56 9 8741 2622,30,Ignacio Reyes,2023-01-24,7400000
C0004,Servicios Industriales Vargas EIRL,76687630-2,Contratista,Antofagasta,Rodrigo Martínez,rmartinez@servicios4.cl,+56 9 4246 3198,30,Ignacio Reyes,2025-03-21,9400000
C0005,Taller El Molino S.A.,77050310-9,Fábrica,Santiago,Valentina Rodríguez,vrodriguez@taller5.cl,+56 9 4215 4079,30,Macarena Lagos,2023-07-08,1000000
C0006,Obras Civiles Horizonte EIRL,77858678-4,Fábrica,Rancagua,Luis Flores,lflores@obras6.cl,+56 9 6493 4767,30,Ignacio Reyes,2023-12-31,1000000
C0007,Constructora Díaz Ltda. Ltda.,77602246-3,Taller,La Serena,Francisca Rojas,frojas@constructora7.cl,+56 9 8994 1290,30,Tomás Bravo,2018-02-09,3400000
C0008,Plásticos Rojas y Cía. SpA,77398839-5,Contratista,Talca,Camila Rodríguez,crodriguez@plasticos8.cl,+56 9 1898 7777,30,Ignacio Reyes,2024-10-18,2000000
C0009,Tornería Rojas y Cía. Ltda.,76101723-2,Mantención industrial,La Serena,Catalina Silva,csilva@torneria9.cl,+56 9 2037 5138,30,Tomás Bravo,2020-08-18,2800000
C0010,Obras Civiles El Faro SpA,76814649-0,Fábrica,La Serena,Andrea Silva,asilva@obras10.cl,+56 9 2097 2792,30,Tomás Bravo,2018-09-27,1000000
C0011,Taller Los Pinos SpA,77925246-6,Mantención industrial,Concepción,Pedro Torres,ptorres@taller11.cl,+56 9 7787 1930,30,Tomás Bravo,2019-01-02,8700000
C0012,Inversiones Aconcagua SpA,77383977-9,Mantención industrial,Antofagasta,Patricio Fuentes,pfuentes@inversiones12.cl,+56 9 5734 2289,30,Sofía Castro,2017-07-25,7700000
C0013,Inversiones Central EIRL,76885212-1,Contratista,Concepción,Luis Muñoz,lmuñoz@inversiones13.cl,+56 9 1397 2889,30,Macarena Lagos,2022-05-29,3200000
C0014,Tornería El Roble EIRL,76124653-7,Fábrica,Puerto Montt,Cristián Valenzuela,cvalenzuela@torneria14.cl,+56 9 3915 5215,30,Ignacio Reyes,2017-12-15,11900000
C0015,Maestranza Fuentes SpA,76172749-4,Mantención industrial,Concepción,Rodrigo Díaz,rdiaz@maestranza15.cl,+56 9 6191 9240,30,Macarena Lagos,2019-02-11,5200000
C0016,Metalúrgica Mirador Ltda.,77849882-K,Fábrica,Puerto Montt,Sergio Díaz,sdiaz@metalurgica16.cl,+56 9 2532 8211,30,Diego Navarro,2017-09-17,1000000
C0017,Comercial Norte Grande SpA,76652065-8,Taller,Antofagasta,Camila Flores,cflores@comercial17.cl,+56 9 5487 5777,30,Macarena Lagos,2021-08-27,4600000
C0018,Metalúrgica Horizonte SpA,76579563-0,Contratista,Valparaíso,Francisca Silva,fsilva@metalurgica18.cl,+56 9 9736 9607,30,Ignacio Reyes,2022-07-29,1000000
C0019,Transportes El Roble Ltda.,77610583-8,Contratista,Talca,Jorge Torres,jtorres@transportes19.cl,+56 9 4577 8152,30,Diego Navarro,2020-11-30,8700000
C0020,Tornería Buena Vista Ltda.,76940338-4,Mantención industrial,Antofagasta,Catalina Contreras,ccontreras@torneria20.cl,+56 9 2152 6890,30,Macarena Lagos,2023-01-22,2700000
C0021,Mantención Ñuble S.A.,76433717-1,Fábrica,Santiago,Daniela Silva,dsilva@mantención21.cl,+56 9 2738 9835,30,Diego Navarro,2024-10-30,2300000
C0022,Obras Civiles El Faro Ltda.,77597050-K,Taller,Rancagua,Carlos Rojas,crojas@obras22.cl,+56 9 8794 1279,30,Ignacio Reyes,2020-11-16,1200000
C0023,Constructora San Pedro S.A.,77154808-4,Mantención industrial,Rancagua,Sergio Silva,ssilva@constructora23.cl,+56 9 4227 6999,30,Diego Navarro,2022-05-07,13400000
C0024,Inversiones Rancagua EIRL,76879382-6,Contratista,Valparaíso,Daniela Torres,dtorres@inversiones24.cl,+56 9 4883 8205,30,Ignacio Reyes,2020-07-09,2400000
C0025,Hidráulica Monte Verde EIRL,76758093-0,Taller,Santiago,Javiera Hernández,jhernandez@hidraulica25.cl,+56 9 9339 8217,30,Macarena Lagos,2018-01-31,1700000
C0026,Fábrica de Muebles Cordillera Ltda.,77461001-8,Mantención industrial,Concepción,Pedro Contreras,pcontreras@fabrica26.cl,+56 9 4523 7955,30,Macarena Lagos,2022-12-29,1900000
C0027,Servicios Industriales La Esperanza EIRL,76541857-7,Taller,Santiago,Daniela Rojas,drojas@servicios27.cl,+56 9 5058 9722,30,Diego Navarro,2021-01-19,5700000
C0028,Metalúrgica San Martín Ltda.,76767385-7,Mantención industrial,Rancagua,Camila Fuentes,cfuentes@metalurgica28.cl,+56 9 5155 3620,30,Macarena Lagos,2020-04-24,4600000
C0029,Constructora Río Claro EIRL,76700849-4,Mantención industrial,Talca,Carlos López,clopez@constructora29.cl,+56 9 5989 4327,30,Macarena Lagos,2023-01-23,4900000
C0030,Obras Civiles Díaz Ltda. EIRL,77940470-4,Contratista,Santiago,Jorge Contreras,jcontreras@obras30.cl,+56 9 4111 1634,30,Diego Navarro,2022-08-04,5000000
C0031,Obras Civiles Los Álamos SpA,77064287-9,Mantención industrial,Puerto Montt,Andrea Muñoz,amuñoz@obras31.cl,+56 9 1851 3750,30,Diego Navarro,2024-04-26,42300000
C0032,Servicios Industriales Los Álamos S.A.,77001296-9,Taller,Rancagua,Camila Rojas,crojas@servicios32.cl,+56 9 7507 9715,30,Macarena Lagos,2022-07-04,1700000
C0033,Maestranza Rancagua Ltda.,77726516-0,Taller,La Serena,Patricio Valenzuela,pvalenzuela@maestranza33.cl,+56 9 2930 8023,30,Diego Navarro,2021-02-03,1500000
C0034,Carpintería Del Valle SpA,77516345-K,Fábrica,Rancagua,Felipe Contreras,fcontreras@carpinteria34.cl,+56 9 7799 5791,30,Tomás Bravo,2023-07-30,1100000
C0035,Mecánica Valle Central SpA,77052367-1,Taller,Temuco,Manuel Morales,mmorales@mecanica35.cl,+56 9 8440 9734,30,Diego Navarro,2018-02-16,6300000
C0036,Carpintería Cordillera S.A.,76362933-8,Fábrica,Concepción,Catalina Contreras,ccontreras@carpinteria36.cl,+56 9 6375 1941,30,Tomás Bravo,2020-03-25,11900000
C0037,Taller Aconcagua SpA,77984670-7,Fábrica,Puerto Montt,Francisca Soto,fsoto@taller37.cl,+56 9 1473 6908,30,Ignacio Reyes,2017-12-24,2500000
C0038,Obras Civiles Punta Arenas S.A.,77694367-1,Taller,Puerto Montt,Jorge Martínez,jmartinez@obras38.cl,+56 9 4531 1935,30,Sofía Castro,2018-02-27,1000000
C0039,Montajes Bellavista Ltda.,77842644-K,Fábrica,Puerto Montt,Rodrigo Contreras,rcontreras@montajes39.cl,+56 9 6210 9809,30,Macarena Lagos,2025-08-19,1000000
C0040,Montajes Los Álamos S.A.,77233220-0,Taller,Antofagasta,Javiera Martínez,jmartinez@montajes40.cl,+56 9 1346 9420,30,Sofía Castro,2020-02-20,6600000
C0041,Montajes Río Claro EIRL,77826856-8,Taller,Valparaíso,Catalina Fuentes,cfuentes@montajes41.cl,+56 9 6063 1749,30,Ignacio Reyes,2025-06-15,7400000
C0042,Inversiones Llanquihue S.A.,76671146-8,Contratista,La Serena,Valentina Espinoza,vespinoza@inversiones42.cl,+56 9 7690 2359,30,Sofía Castro,2018-09-28,5700000
C0043,Constructora Punta Arenas SpA,76478966-3,Contratista,Valparaíso,Andrea Rodríguez,arodriguez@constructora43.cl,+56 9 5467 2827,30,Tomás Bravo,2021-11-18,1300000
C0044,Obras Civiles La Colina Ltda.,76904347-2,Mantención industrial,Santiago,Daniela Soto,dsoto@obras44.cl,+56 9 1049 6109,30,Sofía Castro,2019-04-10,3900000
C0045,Fábrica de Muebles La Colina Ltda.,77872551-1,Mantención industrial,Santiago,Felipe Soto,fsoto@fabrica45.cl,+56 9 3976 8924,30,Macarena Lagos,2018-07-11,3400000
C0046,Ingeniería Santa Elena EIRL,77976764-3,Contratista,Santiago,Valentina Sepúlveda,vsepulveda@ingenieria46.cl,+56 9 4357 8657,30,Sofía Castro,2026-01-12,3800000
C0047,Mecánica San Pedro SpA,76116541-5,Mantención industrial,Puerto Montt,Luis Martínez,lmartinez@mecanica47.cl,+56 9 3432 7047,30,Tomás Bravo,2024-05-13,8600000
C0048,Servicios Industriales Talca SpA,76869463-9,Mantención industrial,Antofagasta,Andrea Díaz,adiaz@servicios48.cl,+56 9 7973 2347,30,Tomás Bravo,2021-08-19,3800000
C0049,Hidráulica Hermanos Soto S.A.,76429717-3,Fábrica,Santiago,Cristián Espinoza,cespinoza@hidraulica49.cl,+56 9 5827 3166,30,Macarena Lagos,2017-10-26,6800000
C0050,Metalúrgica Del Valle Ltda.,76153402-1,Fábrica,Antofagasta,Valentina Fuentes,vfuentes@metalurgica50.cl,+56 9 9671 8126,30,Ignacio Reyes,2018-09-17,3200000
C0051,Soldaduras Central SpA,77703017-6,Fábrica,Puerto Montt,Javiera Morales,jmorales@soldaduras51.cl,+56 9 2688 9378,30,Sofía Castro,2020-11-02,4200000
C0052,Comercial La Colina EIRL,77924313-9,Fábrica,La Serena,Camila Valenzuela,cvalenzuela@comercial52.cl,+56 9 8902 6215,30,Diego Navarro,2022-08-16,6400000
C0053,Metalúrgica Punta Arenas SpA,76234574-9,Fábrica,Temuco,Pedro Fuentes,pfuentes@metalurgica53.cl,+56 9 1909 4506,30,Macarena Lagos,2019-01-28,1000000
C0054,Plásticos Fuentes Ltda.,77010687-2,Taller,Talca,Sergio Torres,storres@plasticos54.cl,+56 9 5335 3199,30,Diego Navarro,2021-01-29,1900000
C0055,Tornería San Pedro S.A.,77276150-3,Contratista,Concepción,Daniela Sepúlveda,dsepulveda@torneria55.cl,+56 9 9838 7564,30,Ignacio Reyes,2020-09-24,1600000
C0056,Constructora Aconcagua EIRL,77820152-7,Mantención industrial,Rancagua,Fernanda Rojas,frojas@constructora56.cl,+56 9 4824 9413,30,Macarena Lagos,2022-08-30,1300000
C0057,Transportes Altamira Ltda.,76255558-1,Mantención industrial,Rancagua,Jorge González,jgonzalez@transportes57.cl,+56 9 4758 2158,30,Sofía Castro,2024-09-15,2100000
C0058,Mantención Maule S.A.,77762416-1,Mantención industrial,Concepción,Catalina Silva,csilva@mantención58.cl,+56 9 8151 2990,30,Macarena Lagos,2018-11-09,18800000
C0059,Mantención Quillota SpA,76137804-8,Mantención industrial,Puerto Montt,Manuel Valenzuela,mvalenzuela@mantención59.cl,+56 9 3559 7354,30,Macarena Lagos,2023-03-14,1000000
C0060,Servicios Industriales Oriente EIRL,77461006-K,Fábrica,Puerto Montt,Felipe Silva,fsilva@servicios60.cl,+56 9 8868 1594,30,Macarena Lagos,2025-06-22,9800000
C0061,Ingeniería La Esperanza EIRL,77880003-3,Fábrica,Antofagasta,Luis Sepúlveda,lsepulveda@ingenieria61.cl,+56 9 5683 5557,30,Tomás Bravo,2021-11-24,1000000
C0062,Obras Civiles San Martín Ltda.,76867224-6,Contratista,Rancagua,Jorge Silva,jsilva@obras62.cl,+56 9 7210 6217,30,Ignacio Reyes,2024-05-04,1900000
C0063,Hidráulica La Colina SpA,77253276-6,Taller,Rancagua,Catalina Hernández,chernandez@hidraulica63.cl,+56 9 7014 2022,30,Macarena Lagos,2022-08-10,3600000
C0064,Mecánica Talca S.A.,77581014-7,Taller,Antofagasta,Patricio López,plopez@mecanica64.cl,+56 9 6567 2227,30,Tomás Bravo,2025-05-05,6100000
C0065,Mecánica La Colina Ltda.,77162421-4,Mantención industrial,Temuco,Constanza Silva,csilva@mecanica65.cl,+56 9 5155 9648,30,Ignacio Reyes,2021-06-03,7100000
C0066,Mecánica San Pedro EIRL,77862976-2,Taller,La Serena,Camila Hernández,chernandez@mecanica66.cl,+56 9 2928 5025,30,Diego Navarro,2024-07-14,7800000
C0067,Carpintería Díaz Ltda. S.A.,77148457-2,Mantención industrial,Concepción,Luis Fuentes,lfuentes@carpinteria67.cl,+56 9 2696 5429,30,Ignacio Reyes,2022-11-14,1900000
C0068,Montajes El Molino SpA,76371459-5,Fábrica,La Serena,Pedro Hernández,phernandez@montajes68.cl,+56 9 1871 5607,30,Tomás Bravo,2017-12-19,1600000
C0069,Hidráulica Mirador S.A.,76397496-8,Taller,Antofagasta,Constanza González,cgonzalez@hidraulica69.cl,+56 9 4644 3021,30,Sofía Castro,2026-04-27,8500000
C0070,Taller Muñoz e Hijos S.A.,76829804-3,Taller,Concepción,Carlos Silva,csilva@taller70.cl,+56 9 9768 3206,30,Sofía Castro,2025-01-05,2300000
C0071,Inversiones Oriente S.A.,77165039-7,Fábrica,Antofagasta,Patricio Contreras,pcontreras@inversiones71.cl,+56 9 6864 9915,30,Sofía Castro,2018-08-01,1000000
C0072,Tornería Hermanos Soto S.A.,77768338-1,Taller,Talca,Camila Sepúlveda,csepulveda@torneria72.cl,+56 9 6707 4237,30,Diego Navarro,2026-05-04,1000000
C0073,Mecánica Altamira Ltda.,76267489-K,Contratista,Valparaíso,Luis Espinoza,lespinoza@mecanica73.cl,+56 9 4879 4279,30,Tomás Bravo,2025-05-18,1000000
C0074,Tornería Horizonte S.A.,76408935-6,Fábrica,Valparaíso,Valentina Flores,vflores@torneria74.cl,+56 9 5810 4323,30,Diego Navarro,2017-08-04,5400000
C0075,Fábrica de Muebles del Sur EIRL,76957054-6,Fábrica,Temuco,Constanza Díaz,cdiaz@fabrica75.cl,+56 9 9627 6945,30,Sofía Castro,2025-05-05,3500000
C0076,Hidráulica Las Palmas SpA,76406890-7,Mantención industrial,La Serena,Fernanda Flores,fflores@hidraulica76.cl,+56 9 7351 5905,30,Diego Navarro,2023-03-20,6900000
C0077,Montajes Costa Azul Ltda.,77044168-7,Contratista,Temuco,Luis Martínez,lmartinez@montajes77.cl,+56 9 9125 4497,30,Diego Navarro,2025-04-21,1700000
C0078,Tornería Díaz Ltda. EIRL,76621918-7,Fábrica,Concepción,Rodrigo González,rgonzalez@torneria78.cl,+56 9 9421 7855,30,Macarena Lagos,2018-11-10,3500000
C0079,Comercial Monte Verde SpA,77823212-9,Fábrica,Puerto Montt,Rodrigo Martínez,rmartinez@comercial79.cl,+56 9 2057 3543,30,Ignacio Reyes,2025-03-08,6400000
C0080,Mantención Santa Elena S.A.,76009471-7,Contratista,Temuco,Daniela Fuentes,dfuentes@mantención80.cl,+56 9 8511 9431,30,Macarena Lagos,2024-05-27,2000000
C0081,Plásticos Andina S.A.,77444337-6,Contratista,Talca,Francisca Silva,fsilva@plasticos81.cl,+56 9 5813 1622,30,Diego Navarro,2018-03-23,5100000
C0082,Estructuras Oriente SpA,77742476-5,Fábrica,Temuco,Javiera Flores,jflores@estructuras82.cl,+56 9 6106 7370,30,Tomás Bravo,2022-06-10,1300000
C0083,Soldaduras Mirador Ltda.,77585677-5,Taller,Puerto Montt,Paula Contreras,pcontreras@soldaduras83.cl,+56 9 5004 9901,30,Sofía Castro,2025-02-26,1800000
C0084,Comercial Los Pinos EIRL,76344298-8,Fábrica,Valparaíso,Felipe Espinoza,fespinoza@comercial84.cl,+56 9 9717 3598,30,Sofía Castro,2023-02-22,1800000
C0085,Soldaduras El Faro SpA,77582550-0,Contratista,Talca,Camila Sepúlveda,csepulveda@soldaduras85.cl,+56 9 2704 5621,30,Ignacio Reyes,2023-05-06,1000000
C0086,Constructora Quillota SpA,76395872-1,Taller,Talca,Jorge Torres,jtorres@constructora86.cl,+56 9 9678 2798,30,Macarena Lagos,2024-11-25,5300000
C0087,Transportes Ñuble SpA,77347874-4,Mantención industrial,Valparaíso,Camila Muñoz,cmuñoz@transportes87.cl,+56 9 8804 2147,30,Ignacio Reyes,2019-11-30,1600000
C0088,Mecánica Poniente S.A.,77081581-2,Contratista,Talca,Patricio Muñoz,pmuñoz@mecanica88.cl,+56 9 8469 2142,30,Ignacio Reyes,2017-09-25,3000000
C0089,Ingeniería Horizonte EIRL,77238220-9,Contratista,Puerto Montt,Fernanda Valenzuela,fvalenzuela@ingenieria89.cl,+56 9 8578 4257,30,Macarena Lagos,2017-12-31,5300000
C0090,Plásticos Ñuble SpA,77252724-4,Taller,Valparaíso,Patricio Fuentes,pfuentes@plasticos90.cl,+56 9 2142 9305,30,Sofía Castro,2019-03-14,5100000
C0091,Comercial Mirador S.A.,76600402-2,Taller,Concepción,Camila Silva,csilva@comercial91.cl,+56 9 5910 4492,30,Ignacio Reyes,2021-04-01,6700000
C0092,Hidráulica Ñuble EIRL,77930747-3,Fábrica,Talca,Francisca Muñoz,fmuñoz@hidraulica92.cl,+56 9 9089 2939,30,Macarena Lagos,2017-10-07,2600000
C0093,Taller Fuentes Ltda.,76875890-K,Contratista,La Serena,Felipe Espinoza,fespinoza@taller93.cl,+56 9 7342 7877,30,Ignacio Reyes,2026-05-05,1700000
C0094,Montajes Norte Grande S.A.,76913314-4,Fábrica,Temuco,Andrea Soto,asoto@montajes94.cl,+56 9 5107 8762,30,Ignacio Reyes,2022-07-12,2600000
C0095,Plásticos Vargas SpA,76559846-8,Mantención industrial,Temuco,Cristián Martínez,cmartinez@plasticos95.cl,+56 9 4254 2753,30,Ignacio Reyes,2022-06-27,1000000
C0096,Tornería Pacífico EIRL,76228156-4,Taller,Valparaíso,Rodrigo Valenzuela,rvalenzuela@torneria96.cl,+56 9 1807 7513,30,Sofía Castro,2025-01-15,1000000
C0097,Carpintería Talca S.A.,77136409-0,Contratista,Temuco,Felipe Espinoza,fespinoza@carpinteria97.cl,+56 9 8018 7519,30,Diego Navarro,2022-01-16,1000000
C0098,Plásticos La Esperanza Ltda.,76387263-K,Mantención industrial,Valparaíso,Patricio Fuentes,pfuentes@plasticos98.cl,+56 9 9375 8515,30,Macarena Lagos,2020-09-09,1000000
C0099,Estructuras La Colina SpA,76173523-2,Fábrica,La Serena,Rodrigo Díaz,rdiaz@estructuras99.cl,+56 9 1316 3836,30,Macarena Lagos,2024-05-22,4800000
C0100,Soldaduras Díaz Ltda. EIRL,77720712-7,Taller,Antofagasta,Catalina Muñoz,cmuñoz@soldaduras100.cl,+56 9 2852 3543,30,Tomás Bravo,2017-09-26,1000000
C0101,Fábrica de Muebles Horizonte EIRL,77636519-K,Mantención industrial,La Serena,Sergio González,sgonzalez@fabrica101.cl,+56 9 2968 4451,30,Ignacio Reyes,2021-06-23,1800000
C0102,Comercial Del Valle SpA,77328539-K,Mantención industrial,Santiago,Fernanda Torres,ftorres@comercial102.cl,+56 9 9424 8839,30,Sofía Castro,2017-09-21,14800000
C0103,Montajes Quillota Ltda.,76081290-7,Taller,Santiago,Francisca Hernández,fhernandez@montajes103.cl,+56 9 3127 6066,30,Diego Navarro,2025-04-09,1900000
C0104,Ingeniería Río Claro SpA,76710682-8,Mantención industrial,Valparaíso,Catalina González,cgonzalez@ingenieria104.cl,+56 9 2382 9395,30,Sofía Castro,2025-02-25,7300000
C0105,Maestranza Maule S.A.,76296808-4,Fábrica,La Serena,Jorge Torres,jtorres@maestranza105.cl,+56 9 2755 2337,30,Macarena Lagos,2021-01-17,1000000
C0106,Transportes Aconcagua EIRL,76728694-6,Contratista,Puerto Montt,Catalina Pérez,cperez@transportes106.cl,+56 9 9211 3347,30,Sofía Castro,2021-04-20,2200000
C0107,Taller La Esperanza EIRL,77320178-4,Taller,Talca,Rodrigo Araya,raraya@taller107.cl,+56 9 6633 8166,30,Tomás Bravo,2026-05-15,1000000
C0108,Carpintería Talca EIRL,77014911-8,Mantención industrial,Antofagasta,Jorge Hernández,jhernandez@carpinteria108.cl,+56 9 8204 8766,30,Tomás Bravo,2020-08-24,1900000
C0109,Obras Civiles Llanquihue EIRL,77303782-3,Contratista,La Serena,Manuel Morales,mmorales@obras109.cl,+56 9 8776 6623,30,Sofía Castro,2017-12-14,8300000
C0110,Hidráulica Pacífico SpA,76255187-6,Contratista,Temuco,Constanza López,clopez@hidraulica110.cl,+56 9 4130 2009,30,Ignacio Reyes,2024-12-06,1000000
C0111,Inversiones Central SpA,76943881-1,Mantención industrial,Santiago,Paula Hernández,phernandez@inversiones111.cl,+56 9 3033 4664,30,Sofía Castro,2022-02-09,5000000
C0112,Hidráulica Muñoz e Hijos Ltda.,77241846-4,Fábrica,La Serena,Luis Torres,ltorres@hidraulica112.cl,+56 9 9510 8643,30,Ignacio Reyes,2022-08-05,3900000
C0113,Fábrica de Muebles Fuentes EIRL,76651169-8,Taller,Valparaíso,Rodrigo Torres,rtorres@fabrica113.cl,+56 9 7936 2112,30,Sofía Castro,2021-04-10,1400000
C0114,Soldaduras El Faro S.A.,76846032-K,Taller,Temuco,Javiera Díaz,jdiaz@soldaduras114.cl,+56 9 2645 6547,30,Sofía Castro,2023-01-23,1000000
C0115,Soldaduras Andina S.A.,76371197-4,Fábrica,Antofagasta,Rodrigo Muñoz,rmuñoz@soldaduras115.cl,+56 9 6878 2567,30,Macarena Lagos,2020-03-13,3200000
C0116,Inversiones Aconcagua EIRL,76324187-2,Contratista,Valparaíso,Patricio Soto,psoto@inversiones116.cl,+56 9 4912 8271,30,Diego Navarro,2023-10-23,1500000
C0117,Mecánica Hermanos Pérez Ltda.,77535254-2,Contratista,Temuco,Constanza Espinoza,cespinoza@mecanica117.cl,+56 9 7496 9123,30,Tomás Bravo,2024-04-18,3900000
C0118,Plásticos Mirador S.A.,77430232-K,Contratista,Valparaíso,Manuel Sepúlveda,msepulveda@plasticos118.cl,+56 9 9429 7866,30,Macarena Lagos,2024-02-21,3000000
C0119,Estructuras Talca SpA,77644321-7,Fábrica,Rancagua,Javiera Martínez,jmartinez@estructuras119.cl,+56 9 1965 6299,30,Macarena Lagos,2021-08-15,21500000
C0120,Transportes Cordillera Ltda.,77062158-5,Fábrica,Talca,Cristián Espinoza,cespinoza@transportes120.cl,+56 9 5675 1283,30,Ignacio Reyes,2021-07-15,2200000
C0121,Mecánica La Esperanza S.A.,77873487-9,Mantención industrial,Talca,Patricio Muñoz,pmuñoz@mecanica121.cl,+56 9 4929 3491,30,Sofía Castro,2017-07-31,1000000
C0122,Tornería Monte Verde Ltda.,76197984-4,Contratista,Valparaíso,Pedro Valenzuela,pvalenzuela@torneria122.cl,+56 9 5376 5612,30,Ignacio Reyes,2021-10-13,3600000
C0123,Soldaduras Ñuble S.A.,77843451-2,Taller,Talca,Patricio Rodríguez,prodriguez@soldaduras123.cl,+56 9 4795 9758,30,Tomás Bravo,2025-02-15,3800000
C0124,Hidráulica Las Palmas Ltda.,77467871-5,Fábrica,Concepción,Jorge Flores,jflores@hidraulica124.cl,+56 9 6336 3164,30,Tomás Bravo,2023-10-25,15900000
C0125,Transportes Bellavista SpA,77439359-1,Contratista,Rancagua,Paula Hernández,phernandez@transportes125.cl,+56 9 6737 6499,30,Macarena Lagos,2025-04-04,8300000
C0126,Obras Civiles Tres Ríos S.A.,77195765-4,Taller,Temuco,Cristián González,cgonzalez@obras126.cl,+56 9 9831 1155,30,Tomás Bravo,2021-11-09,4500000
C0127,Montajes Talca EIRL,76988754-K,Contratista,Temuco,Valentina Díaz,vdiaz@montajes127.cl,+56 9 9069 3545,30,Ignacio Reyes,2021-10-20,18100000
C0128,Tornería Quillota SpA,77434383-K,Taller,Temuco,Fernanda Silva,fsilva@torneria128.cl,+56 9 1542 8209,30,Tomás Bravo,2018-12-26,1000000
C0129,Hidráulica Horizonte Ltda.,77439293-4,Mantención industrial,Valparaíso,Andrea Muñoz,amuñoz@hidraulica129.cl,+56 9 6833 7727,30,Ignacio Reyes,2019-04-25,1300000
C0130,Ingeniería Llanquihue Ltda.,77806789-5,Mantención industrial,Concepción,Cristián Hernández,chernandez@ingenieria130.cl,+56 9 4853 5104,30,Macarena Lagos,2020-06-25,1000000
C0131,Maestranza Poniente EIRL,76386178-5,Contratista,Temuco,Felipe Muñoz,fmuñoz@maestranza131.cl,+56 9 8705 7933,30,Macarena Lagos,2026-03-11,1800000
C0132,Ingeniería Tres Ríos S.A.,76603302-K,Fábrica,Santiago,Valentina Flores,vflores@ingenieria132.cl,+56 9 4128 4914,30,Macarena Lagos,2026-07-13,1000000
C0133,Montajes Santa Elena S.A.,77556068-K,Contratista,Santiago,Manuel Rojas,mrojas@montajes133.cl,+56 9 7046 9368,30,Ignacio Reyes,2026-07-13,6400000
C0134,Fábrica de Muebles Aconcagua Ltda.,77409810-1,Contratista,Rancagua,Patricio Contreras,pcontreras@fabrica134.cl,+56 9 4337 6391,30,Sofía Castro,2022-03-19,2200000
C0135,Fábrica de Muebles Norte Grande S.A.,77258192-2,Fábrica,Concepción,Felipe Pérez,fperez@fabrica135.cl,+56 9 8308 4323,30,Ignacio Reyes,2021-07-22,1000000
C0136,Metalúrgica Valle Central S.A.,76091272-9,Fábrica,Santiago,Valentina Silva,vsilva@metalurgica136.cl,+56 9 7628 5408,30,Sofía Castro,2021-12-06,1000000
C0137,Montajes Los Álamos Ltda.,77064860-1,Taller,Temuco,Javiera Araya,jaraya@montajes137.cl,+56 9 2939 6381,30,Macarena Lagos,2019-08-11,4300000
C0138,Estructuras Central S.A.,76699352-3,Taller,Puerto Montt,Manuel Araya,maraya@estructuras138.cl,+56 9 2180 4481,30,Tomás Bravo,2024-01-21,8300000
C0139,Plásticos Muñoz e Hijos S.A.,76747878-6,Mantención industrial,Valparaíso,Andrea Torres,atorres@plasticos139.cl,+56 9 6640 2020,45,Macarena Lagos,2019-08-05,35300000
C0140,Plásticos El Roble S.A.,76449227-2,Taller,Concepción,Rodrigo Valenzuela,rvalenzuela@plasticos140.cl,+56 9 9051 7591,30,Tomás Bravo,2023-06-15,111000000
C0141,Tornería Rojas y Cía. SpA,77126454-8,Fábrica,Temuco,Cristián Valenzuela,cvalenzuela@torneria141.cl,+56 9 1996 1897,30,Diego Navarro,2017-11-23,4900000
C0142,Tornería Buena Vista S.A.,77604861-3,Mantención industrial,Temuco,Paula Flores,pflores@torneria142.cl,+56 9 2389 3543,30,Sofía Castro,2024-01-23,1000000
C0143,Hidráulica San Pedro EIRL,76790321-1,Fábrica,La Serena,Cristián Fuentes,cfuentes@hidraulica143.cl,+56 9 3621 3952,30,Tomás Bravo,2021-05-13,1000000
C0144,Montajes Tres Ríos Ltda.,76378106-1,Taller,Valparaíso,Constanza Rojas,crojas@montajes144.cl,+56 9 8944 7548,30,Macarena Lagos,2019-06-27,4100000
C0145,Maestranza Tres Ríos Ltda.,76338954-9,Fábrica,Valparaíso,Catalina Muñoz,cmuñoz@maestranza145.cl,+56 9 7372 8525,30,Macarena Lagos,2024-03-30,1100000
C0146,Estructuras Díaz Ltda. EIRL,77502555-9,Fábrica,Antofagasta,Andrea Sepúlveda,asepulveda@estructuras146.cl,+56 9 4218 8087,30,Ignacio Reyes,2021-10-12,1700000
C0147,Carpintería Central Ltda.,77604416-3,Taller,Antofagasta,Jorge Torres,jtorres@carpinteria147.cl,+56 9 2326 4501,30,Diego Navarro,2023-06-12,1400000
C0148,Estructuras Horizonte SpA,76496728-6,Taller,Talca,Patricio Silva,psilva@estructuras148.cl,+56 9 3774 4441,30,Ignacio Reyes,2024-08-19,2400000
C0149,Servicios Industriales La Esperanza SpA,77414164-0,Contratista,Concepción,Rodrigo Rodríguez,rrodriguez@servicios149.cl,+56 9 5951 8462,30,Diego Navarro,2019-12-09,11000000
C0150,Mecánica El Roble Ltda.,76298086-8,Contratista,La Serena,Carlos Rojas,crojas@mecanica150.cl,+56 9 1629 4804,30,Macarena Lagos,2021-10-04,3500000
C0151,Plásticos San Pedro Ltda.,76480499-5,Taller,Santiago,Valentina Sepúlveda,vsepulveda@plasticos151.cl,+56 9 8039 6233,30,Sofía Castro,2019-08-03,2400000
C0152,Servicios Industriales Hermanos Pérez S.A.,76218020-7,Mantención industrial,Temuco,Luis Martínez,lmartinez@servicios152.cl,+56 9 8334 2854,30,Diego Navarro,2022-01-09,1000000
C0153,Plásticos La Colina SpA,76878742-1,Fábrica,La Serena,Pedro Araya,paraya@plasticos153.cl,+56 9 8384 3491,30,Ignacio Reyes,2023-09-17,1000000
C0154,Soldaduras Fuentes EIRL,76679255-0,Contratista,La Serena,Sergio Sepúlveda,ssepulveda@soldaduras154.cl,+56 9 4246 2634,30,Diego Navarro,2024-03-27,1600000
C0155,Constructora del Sur Ltda.,76462676-2,Fábrica,Talca,Francisca Contreras,fcontreras@constructora155.cl,+56 9 5206 4089,30,Tomás Bravo,2022-06-25,2700000
C0156,Maestranza del Sur EIRL,77438111-2,Mantención industrial,Puerto Montt,Javiera Soto,jsoto@maestranza156.cl,+56 9 3168 9188,30,Sofía Castro,2019-07-23,26500000
C0157,Taller Altamira S.A.,76349374-7,Taller,Antofagasta,Javiera González,jgonzalez@taller157.cl,+56 9 3824 2651,30,Diego Navarro,2023-06-14,3400000
C0158,Hidráulica Rancagua EIRL,76730992-1,Mantención industrial,Santiago,Javiera Sepúlveda,jsepulveda@hidraulica158.cl,+56 9 2177 1129,30,Tomás Bravo,2022-02-06,9900000
C0159,Servicios Industriales Hermanos Pérez EIRL,77401981-6,Taller,Rancagua,Valentina Rojas,vrojas@servicios159.cl,+56 9 3726 8743,30,Macarena Lagos,2022-09-01,1600000
C0160,Carpintería Altamira S.A.,77801593-5,Contratista,Antofagasta,Cristián Sepúlveda,csepulveda@carpinteria160.cl,+56 9 3123 5853,30,Sofía Castro,2026-04-16,1000000
C0161,Taller Central S.A.,76118078-3,Fábrica,Antofagasta,Sergio Araya,saraya@taller161.cl,+56 9 9369 4284,30,Sofía Castro,2021-08-15,1000000
C0162,Ingeniería Cordillera Ltda.,77256877-2,Contratista,Valparaíso,Felipe Contreras,fcontreras@ingenieria162.cl,+56 9 6786 1212,30,Sofía Castro,2018-08-14,1200000
C0163,Transportes Maule EIRL,77247208-5,Fábrica,Concepción,Patricio Valenzuela,pvalenzuela@transportes163.cl,+56 9 9988 5243,45,Macarena Lagos,2020-09-05,41600000
C0164,Taller Oriente EIRL,76882125-9,Taller,Antofagasta,Francisca Martínez,fmartinez@taller164.cl,+56 9 9007 8490,30,Diego Navarro,2018-04-13,1000000
C0165,Taller Punta Arenas EIRL,77008561-0,Fábrica,Talca,Manuel Muñoz,mmuñoz@taller165.cl,+56 9 8122 4228,30,Ignacio Reyes,2021-12-03,8300000
C0166,Taller Hermanos Pérez EIRL,77520435-8,Taller,Temuco,Manuel Espinoza,mespinoza@taller166.cl,+56 9 1730 7393,30,Diego Navarro,2025-07-17,1000000
C0167,Comercial Costa Azul EIRL,77161301-0,Mantención industrial,Valparaíso,Sergio Pérez,sperez@comercial167.cl,+56 9 5294 5217,30,Tomás Bravo,2021-08-25,9300000
C0168,Taller Central Ltda.,76983866-7,Mantención industrial,Puerto Montt,Andrea Silva,asilva@taller168.cl,+56 9 4665 5061,30,Diego Navarro,2021-01-18,4700000
C0169,Tornería Río Claro SpA,77526930-6,Mantención industrial,Antofagasta,Valentina Sepúlveda,vsepulveda@torneria169.cl,+56 9 5968 6782,30,Diego Navarro,2018-11-13,2400000
C0170,Constructora Rojas y Cía. SpA,77979023-1,Mantención industrial,Talca,Luis Morales,lmorales@constructora170.cl,+56 9 1977 7415,30,Tomás Bravo,2023-11-03,2800000
C0171,Tornería Norte Grande SpA,76393561-K,Contratista,Antofagasta,Luis Espinoza,lespinoza@torneria171.cl,+56 9 8136 1618,30,Tomás Bravo,2018-10-10,1300000
C0172,Mecánica Valle Central S.A.,77541089-6,Fábrica,Concepción,Francisca Flores,fflores@mecanica172.cl,+56 9 9952 7010,30,Diego Navarro,2018-07-28,5100000
C0173,Taller Muñoz e Hijos EIRL,76237069-0,Fábrica,Talca,Sergio Rodríguez,srodriguez@taller173.cl,+56 9 9008 2442,30,Sofía Castro,2023-02-11,1600000
C0174,Comercial San Pedro EIRL,76256386-2,Contratista,Valparaíso,Pedro Silva,psilva@comercial174.cl,+56 9 4614 7740,30,Tomás Bravo,2023-06-28,1000000
C0175,Maestranza Central S.A.,77644389-2,Mantención industrial,Concepción,Rodrigo Valenzuela,rvalenzuela@maestranza175.cl,+56 9 6456 6659,30,Sofía Castro,2018-01-13,1000000
C0176,Servicios Industriales Vargas Ltda.,76863691-6,Fábrica,Rancagua,Manuel Muñoz,mmuñoz@servicios176.cl,+56 9 4101 9949,30,Macarena Lagos,2021-02-20,3600000
C0177,Tornería Bellavista EIRL,77229207-3,Fábrica,Temuco,Daniela Flores,dflores@torneria177.cl,+56 9 3666 2938,30,Sofía Castro,2024-04-15,20900000
C0178,Estructuras Fuentes EIRL,76447117-6,Mantención industrial,Concepción,Manuel Sepúlveda,msepulveda@estructuras178.cl,+56 9 2756 7719,30,Sofía Castro,2025-03-13,3600000
C0179,Tornería Valle Central SpA,77258768-5,Taller,Puerto Montt,Andrea Torres,atorres@torneria179.cl,+56 9 9542 7889,30,Ignacio Reyes,2022-05-24,2500000
C0180,Soldaduras San Martín Ltda.,76118805-8,Contratista,La Serena,Felipe Hernández,fhernandez@soldaduras180.cl,+56 9 8506 1028,30,Ignacio Reyes,2020-02-17,4200000
C0181,Ingeniería Ñuble SpA,77341897-0,Mantención industrial,Puerto Montt,Carlos Fuentes,cfuentes@ingenieria181.cl,+56 9 2727 7658,30,Tomás Bravo,2024-03-29,14900000
C0182,Ingeniería El Molino S.A.,76451295-0,Fábrica,Valparaíso,Valentina Silva,vsilva@ingenieria182.cl,+56 9 8307 9811,30,Tomás Bravo,2023-07-08,3800000
C0183,Inversiones Valle Central S.A.,77842675-2,Mantención industrial,Temuco,Francisca Torres,ftorres@inversiones183.cl,+56 9 9218 7923,30,Diego Navarro,2025-12-20,1700000
C0184,Metalúrgica San Martín S.A.,76598839-2,Mantención industrial,Valparaíso,Felipe Contreras,fcontreras@metalurgica184.cl,+56 9 7098 9991,30,Tomás Bravo,2019-01-18,11600000
C0185,Ingeniería Punta Arenas S.A.,76840537-6,Mantención industrial,Valparaíso,Andrea Silva,asilva@ingenieria185.cl,+56 9 3117 9642,30,Ignacio Reyes,2023-06-04,5000000
C0186,Transportes Hermanos Soto S.A.,76684437-3,Contratista,Talca,Sergio Espinoza,sespinoza@transportes186.cl,+56 9 9679 6054,30,Macarena Lagos,2023-07-09,19800000
C0187,Metalúrgica Hermanos Pérez SpA,76010690-6,Contratista,Valparaíso,Daniela Espinoza,despinoza@metalurgica187.cl,+56 9 4869 9873,30,Diego Navarro,2022-02-25,3700000
C0188,Estructuras El Roble S.A.,77399057-0,Mantención industrial,Antofagasta,Cristián Torres,ctorres@estructuras188.cl,+56 9 3277 7979,30,Tomás Bravo,2019-05-12,1000000
C0189,Metalúrgica Monte Verde S.A.,77216601-K,Taller,Antofagasta,Valentina Silva,vsilva@metalurgica189.cl,+56 9 7945 6208,30,Sofía Castro,2022-08-05,1000000
C0190,Constructora Monte Verde SpA,77475759-7,Contratista,Concepción,Camila Hernández,chernandez@constructora190.cl,+56 9 8515 8568,60,Ignacio Reyes,2023-12-09,22900000
C0191,Plásticos Pacífico SpA,77353184-3,Taller,Antofagasta,Pedro Muñoz,pmuñoz@plasticos191.cl,+56 9 1038 6147,30,Tomás Bravo,2021-01-09,25100000
C0192,Mantención Altamira EIRL,76726990-K,Contratista,Talca,Felipe Muñoz,fmuñoz@mantención192.cl,+56 9 9945 8945,30,Tomás Bravo,2025-05-10,2300000
C0193,Constructora Muñoz e Hijos SpA,76417671-5,Mantención industrial,La Serena,Felipe Díaz,fdiaz@constructora193.cl,+56 9 2871 9077,30,Macarena Lagos,2021-06-13,1800000
C0194,Mecánica San Pedro Ltda.,77457748-5,Fábrica,Valparaíso,Constanza Torres,ctorres@mecanica194.cl,+56 9 8288 7907,30,Macarena Lagos,2024-12-11,18100000
C0195,Taller Buena Vista Ltda.,76280669-5,Taller,Valparaíso,Catalina Sepúlveda,csepulveda@taller195.cl,+56 9 4556 4045,30,Tomás Bravo,2019-08-06,1000000
C0196,Soldaduras Punta Arenas EIRL,76312470-2,Mantención industrial,Antofagasta,Fernanda Fuentes,ffuentes@soldaduras196.cl,+56 9 4343 3128,30,Macarena Lagos,2024-02-19,1000000
C0197,Constructora Monte Verde EIRL,76345607-1,Mantención industrial,Antofagasta,Felipe Muñoz,fmuñoz@constructora197.cl,+56 9 2759 6078,30,Diego Navarro,2022-05-03,6500000
C0198,Servicios Industriales Andina Ltda.,76870575-0,Contratista,Valparaíso,Fernanda Hernández,fhernandez@servicios198.cl,+56 9 5314 7668,30,Sofía Castro,2018-08-30,1800000
C0199,Estructuras Tres Ríos EIRL,77052870-9,Contratista,Temuco,Patricio Muñoz,pmuñoz@estructuras199.cl,+56 9 6779 7646,30,Tomás Bravo,2020-01-21,2900000
C0200,Estructuras Ñuble S.A.,76268525-8,Fábrica,La Serena,Patricio Pérez,pperez@estructuras200.cl,+56 9 9845 2483,30,Tomás Bravo,2022-04-27,2400000
C0201,Montajes Aconcagua S.A.,77305204-7,Mantención industrial,Puerto Montt,Carlos Soto,csoto@montajes201.cl,+56 9 4629 3187,30,Ignacio Reyes,2018-02-28,4400000
C0202,Montajes Mirador EIRL,76143059-4,Mantención industrial,Rancagua,Pedro Valenzuela,pvalenzuela@montajes202.cl,+56 9 3212 9935,30,Ignacio Reyes,2026-07-21,16900000
C0203,Inversiones El Roble EIRL,76173952-1,Fábrica,Antofagasta,Camila Hernández,chernandez@inversiones203.cl,+56 9 7790 9724,30,Ignacio Reyes,2024-11-15,3300000
C0204,Obras Civiles Llanquihue SpA,76828103-K,Contratista,Antofagasta,Francisca Soto,fsoto@obras204.cl,+56 9 5213 2178,30,Diego Navarro,2024-01-15,6500000
C0205,Ingeniería Horizonte Ltda.,76347508-7,Taller,Antofagasta,Jorge Silva,jsilva@ingenieria205.cl,+56 9 2668 4631,30,Diego Navarro,2021-11-24,1000000
C0206,Carpintería Tres Ríos EIRL,76475969-9,Taller,Valparaíso,Catalina Pérez,cperez@carpinteria206.cl,+56 9 3604 2729,30,Tomás Bravo,2019-03-13,2700000
C0207,Mecánica Oriente EIRL,76423508-1,Contratista,Antofagasta,Javiera Espinoza,jespinoza@mecanica207.cl,+56 9 9167 5849,30,Ignacio Reyes,2019-02-21,1000000
C0208,Plásticos Maule SpA,77272788-K,Contratista,Concepción,Jorge Flores,jflores@plasticos208.cl,+56 9 3394 6411,30,Macarena Lagos,2023-06-10,1000000
C0209,Mantención Los Álamos S.A.,76237120-4,Contratista,Concepción,Sergio Pérez,sperez@mantención209.cl,+56 9 3292 3480,30,Tomás Bravo,2024-07-27,1000000
C0210,Ingeniería Monte Verde SpA,76047218-3,Fábrica,Concepción,Luis Martínez,lmartinez@ingenieria210.cl,+56 9 9493 5620,30,Tomás Bravo,2022-05-26,1900000
C0211,Tornería Llanquihue S.A.,77859903-9,Contratista,Concepción,Sergio Soto,ssoto@torneria211.cl,+56 9 3021 4625,30,Diego Navarro,2018-10-14,9100000
C0212,Carpintería Mirador Ltda.,77264063-9,Taller,Temuco,Patricio Fuentes,pfuentes@carpinteria212.cl,+56 9 4592 3302,30,Diego Navarro,2025-05-20,1000000
C0213,Soldaduras Muñoz e Hijos SpA,76170104-K,Mantención industrial,Talca,Constanza Silva,csilva@soldaduras213.cl,+56 9 2457 8078,30,Macarena Lagos,2020-06-21,3000000
C0214,Taller Vargas S.A.,76866935-6,Mantención industrial,Temuco,Camila Hernández,chernandez@taller214.cl,+56 9 8045 2446,30,Sofía Castro,2023-12-15,1600000
C0215,Fábrica de Muebles Hermanos Soto Ltda.,76785458-5,Mantención industrial,Concepción,Rodrigo Morales,rmorales@fabrica215.cl,+56 9 9255 6527,30,Tomás Bravo,2018-10-01,1900000
C0216,Mantención Quillota S.A.,76496323-7,Taller,Talca,Rodrigo Silva,rsilva@mantención216.cl,+56 9 8634 1652,30,Macarena Lagos,2023-10-26,10200000
C0217,Ingeniería Norte Grande S.A.,77046050-6,Mantención industrial,Rancagua,Andrea Sepúlveda,asepulveda@ingenieria217.cl,+56 9 1454 8723,30,Sofía Castro,2026-05-03,5700000
C0218,Fábrica de Muebles Rancagua SpA,77082932-7,Mantención industrial,Temuco,Pedro Soto,psoto@fabrica218.cl,+56 9 3751 1890,30,Tomás Bravo,2020-08-20,15500000
C0219,Transportes Andina S.A.,77075342-7,Contratista,Rancagua,Cristián Araya,caraya@transportes219.cl,+56 9 7838 6422,30,Diego Navarro,2024-08-16,2400000
C0220,Estructuras Los Álamos S.A.,76243529-9,Mantención industrial,Talca,Francisca Torres,ftorres@estructuras220.cl,+56 9 8026 2431,30,Diego Navarro,2018-01-14,1200000
C0221,Metalúrgica Cordillera EIRL,76211894-5,Mantención industrial,Antofagasta,Jorge Martínez,jmartinez@metalurgica221.cl,+56 9 7554 9776,30,Ignacio Reyes,2022-01-30,2200000
C0222,Mecánica Los Álamos Ltda.,76113428-4,Taller,La Serena,Valentina Flores,vflores@mecanica222.cl,+56 9 8889 2685,30,Diego Navarro,2021-05-19,3900000
C0223,Plásticos Quillota SpA,77969070-1,Contratista,Valparaíso,Fernanda Valenzuela,fvalenzuela@plasticos223.cl,+56 9 7702 1416,30,Macarena Lagos,2018-12-31,3600000
C0224,Estructuras San Pedro SpA,76322483-9,Mantención industrial,Puerto Montt,Jorge Contreras,jcontreras@estructuras224.cl,+56 9 7743 6587,30,Ignacio Reyes,2026-05-12,1000000
C0225,Constructora Pacífico Ltda.,76847218-8,Mantención industrial,Concepción,Rodrigo Torres,rtorres@constructora225.cl,+56 9 2060 9880,30,Diego Navarro,2023-09-25,3300000
C0226,Mantención Valle Central SpA,76617356-2,Mantención industrial,Talca,Fernanda Morales,fmorales@mantención226.cl,+56 9 5525 7050,30,Diego Navarro,2021-07-24,3900000
C0227,Fábrica de Muebles Central EIRL,77010277-7,Taller,Antofagasta,Patricio Sepúlveda,psepulveda@fabrica227.cl,+56 9 6243 8718,45,Tomás Bravo,2022-06-16,67600000
C0228,Maestranza La Colina SpA,77664260-7,Fábrica,Rancagua,Carlos Valenzuela,cvalenzuela@maestranza228.cl,+56 9 8081 9648,60,Ignacio Reyes,2018-03-30,30400000
C0229,Carpintería Oriente Ltda.,77596359-6,Contratista,Rancagua,Sergio Valenzuela,svalenzuela@carpinteria229.cl,+56 9 3220 7967,30,Ignacio Reyes,2019-09-06,1000000
C0230,Carpintería Vargas S.A.,76579002-7,Fábrica,La Serena,Pedro González,pgonzalez@carpinteria230.cl,+56 9 7101 3276,30,Sofía Castro,2021-06-01,2000000
C0231,Hidráulica Vargas Ltda.,77593498-9,Mantención industrial,Santiago,Javiera Araya,jaraya@hidraulica231.cl,+56 9 2696 4032,30,Sofía Castro,2019-03-16,1000000
C0232,Mantención Los Pinos SpA,76907582-6,Fábrica,Concepción,Constanza Araya,caraya@mantención232.cl,+56 9 9644 1071,30,Macarena Lagos,2019-10-20,1400000
C0233,Obras Civiles San Pedro SpA,77628395-7,Contratista,Rancagua,Felipe Valenzuela,fvalenzuela@obras233.cl,+56 9 9259 2410,30,Tomás Bravo,2017-08-31,4300000
C0234,Obras Civiles Punta Arenas Ltda.,76784555-3,Mantención industrial,Antofagasta,Francisca Sepúlveda,fsepulveda@obras234.cl,+56 9 4168 4199,30,Macarena Lagos,2026-03-11,13100000
C0235,Estructuras Quillota SpA,77318586-9,Mantención industrial,La Serena,Francisca Díaz,fdiaz@estructuras235.cl,+56 9 5264 1639,30,Tomás Bravo,2026-07-14,1200000
C0236,Inversiones Bellavista S.A.,76444204-5,Mantención industrial,Talca,Francisca Rojas,frojas@inversiones236.cl,+56 9 1844 6375,30,Macarena Lagos,2022-04-26,1300000
C0237,Comercial Santa Elena SpA,77231133-2,Taller,Rancagua,Catalina Martínez,cmartinez@comercial237.cl,+56 9 8878 1875,30,Sofía Castro,2023-05-12,1000000
C0238,Ingeniería Los Álamos S.A.,77033142-7,Taller,Concepción,Javiera Morales,jmorales@ingenieria238.cl,+56 9 8089 6405,30,Ignacio Reyes,2022-07-23,2400000
C0239,Obras Civiles Río Claro EIRL,77220121-K,Contratista,Talca,Constanza Torres,ctorres@obras239.cl,+56 9 9818 5320,30,Tomás Bravo,2018-06-26,1000000
C0240,Soldaduras Muñoz e Hijos S.A.,77559911-3,Taller,Concepción,Luis Espinoza,lespinoza@soldaduras240.cl,+56 9 3711 3245,30,Macarena Lagos,2019-05-29,1500000
C0241,Servicios Industriales Pacífico EIRL,76414959-4,Taller,Santiago,Constanza Soto,csoto@servicios241.cl,+56 9 4031 3118,30,Tomás Bravo,2020-09-27,1000000
C0242,Carpintería Hermanos Soto S.A.,76588279-7,Mantención industrial,Concepción,Rodrigo Sepúlveda,rsepulveda@carpinteria242.cl,+56 9 6925 9412,30,Diego Navarro,2018-12-04,2600000
C0243,Maestranza San Pedro Ltda.,77895906-2,Taller,Antofagasta,Manuel Martínez,mmartinez@maestranza243.cl,+56 9 1220 5098,30,Tomás Bravo,2023-11-18,1000000
C0244,Carpintería Fuentes Ltda.,77835736-K,Mantención industrial,La Serena,Camila Valenzuela,cvalenzuela@carpinteria244.cl,+56 9 7406 3881,30,Diego Navarro,2021-02-01,1000000
C0245,Fábrica de Muebles San Martín EIRL,77210863-2,Mantención industrial,Antofagasta,Paula Soto,psoto@fabrica245.cl,+56 9 5459 5268,30,Sofía Castro,2025-03-22,41600000
C0246,Metalúrgica Mirador EIRL,76904923-4,Fábrica,Talca,Daniela Hernández,dhernandez@metalurgica246.cl,+56 9 4134 8363,30,Diego Navarro,2018-08-20,1000000
C0247,Carpintería del Sur SpA,77500831-0,Taller,Temuco,Valentina Silva,vsilva@carpinteria247.cl,+56 9 1278 8570,30,Tomás Bravo,2022-06-12,1000000
C0248,Servicios Industriales Altamira SpA,76832737-5,Contratista,Rancagua,Paula Sepúlveda,psepulveda@servicios248.cl,+56 9 9505 8804,60,Sofía Castro,2025-04-03,28900000
C0249,Constructora Andes Pacífico S.A.,76719665-6,Mantención industrial,Puerto Montt,Fernanda Rodríguez,frodriguez@transportes249.cl,+56 9 7746 5849,30,Sofía Castro,2023-07-29,109800000
C0250,Ingeniería Fuentes S.A.,77049552-8,Fábrica,Valparaíso,Sergio Hernández,shernandez@ingenieria250.cl,+56 9 8798 3009,30,Diego Navarro,2019-08-09,1000000
C0251,Maestranza Los Álamos Ltda.,77469521-2,Contratista,Antofagasta,Patricio Flores,pflores@maestranza251.cl,+56 9 8970 3681,30,Diego Navarro,2023-11-30,1800000
C0252,Plásticos Horizonte Ltda.,77095308-1,Mantención industrial,Santiago,Patricio Torres,ptorres@plasticos252.cl,+56 9 5781 4685,30,Macarena Lagos,2026-01-07,4500000
C0253,Plásticos Rancagua S.A.,77598096-K,Fábrica,Santiago,Catalina Hernández,chernandez@plasticos253.cl,+56 9 3211 8158,45,Macarena Lagos,2023-10-17,25200000
C0254,Montajes del Sur Ltda.,76815267-0,Mantención industrial,Antofagasta,Patricio Rojas,projas@montajes254.cl,+56 9 1244 4063,30,Ignacio Reyes,2017-11-16,1000000
C0255,Obras Civiles Los Álamos S.A.,76885124-4,Mantención industrial,Concepción,Constanza Muñoz,cmuñoz@obras255.cl,+56 9 7389 1971,30,Sofía Castro,2020-07-02,2100000
C0256,Hidráulica Tres Ríos EIRL,76743150-6,Taller,Puerto Montt,Manuel López,mlopez@hidraulica256.cl,+56 9 7695 9351,30,Sofía Castro,2021-05-07,7700000
C0257,Estructuras Horizonte Ltda.,76205655-8,Contratista,Rancagua,Catalina López,clopez@estructuras257.cl,+56 9 5284 2107,30,Ignacio Reyes,2022-01-05,5000000
C0258,Metalúrgica Punta Arenas EIRL,76122293-8,Mantención industrial,Rancagua,Catalina Fuentes,cfuentes@metalurgica258.cl,+56 9 6763 3793,30,Sofía Castro,2024-01-12,1800000
C0259,Plásticos Monte Verde Ltda.,76034607-1,Taller,La Serena,Felipe Contreras,fcontreras@plasticos259.cl,+56 9 8991 8533,30,Diego Navarro,2019-01-26,2500000
C0260,Metalúrgica Aconcagua Ltda.,76116273-9,Taller,Temuco,Luis Díaz,ldiaz@metalurgica260.cl,+56 9 4145 9741,30,Diego Navarro,2020-12-18,1000000
C0261,Constructora Aconcagua S.A.,76256990-3,Contratista,Santiago,Cristián Hernández,chernandez@constructora261.cl,+56 9 2269 3367,30,Sofía Castro,2017-10-06,2200000
C0262,Mantención Bellavista Ltda.,76339223-9,Fábrica,Rancagua,Patricio Morales,pmorales@mantención262.cl,+56 9 9125 7101,30,Tomás Bravo,2018-03-04,2100000
C0263,Inversiones Díaz Ltda. Ltda.,77652024-4,Taller,Puerto Montt,Javiera Sepúlveda,jsepulveda@inversiones263.cl,+56 9 3989 8450,30,Diego Navarro,2024-04-17,3900000
C0264,Servicios Industriales Rojas y Cía. EIRL,76581938-0,Fábrica,La Serena,Catalina Torres,ctorres@servicios264.cl,+56 9 2905 2198,30,Diego Navarro,2024-12-08,1500000
C0265,Fábrica de Muebles Vargas EIRL,76374798-4,Mantención industrial,Concepción,Javiera Pérez,jperez@fabrica265.cl,+56 9 2080 4423,30,Diego Navarro,2025-02-02,5200000
C0266,Transportes Aconcagua Ltda.,76122553-7,Taller,Puerto Montt,Francisca Pérez,fperez@transportes266.cl,+56 9 9907 1789,30,Macarena Lagos,2025-01-25,10300000
C0267,Hidráulica Quillota Ltda.,76060212-4,Contratista,Antofagasta,Cristián Silva,csilva@hidraulica267.cl,+56 9 2192 5750,30,Ignacio Reyes,2018-12-11,3500000
C0268,Plásticos Tres Ríos S.A.,77469784-0,Fábrica,La Serena,Catalina Contreras,ccontreras@plasticos268.cl,+56 9 6221 1765,30,Diego Navarro,2019-05-16,4500000
C0269,Tornería Pacífico S.A.,76074502-K,Contratista,Temuco,Pedro Espinoza,pespinoza@torneria269.cl,+56 9 6677 4683,30,Sofía Castro,2018-06-30,3100000
C0270,Fábrica de Muebles Punta Arenas S.A.,76615065-1,Mantención industrial,Rancagua,Pedro Contreras,pcontreras@fabrica270.cl,+56 9 6745 4959,30,Diego Navarro,2026-06-10,2900000
C0271,Comercial Altamira Ltda.,77877594-4,Mantención industrial,Temuco,Catalina Morales,cmorales@comercial271.cl,+56 9 7414 4730,30,Diego Navarro,2025-12-22,1200000
C0272,Estructuras Punta Arenas SpA,77409142-7,Mantención industrial,Valparaíso,Valentina Araya,varaya@estructuras272.cl,+56 9 4114 2510,30,Macarena Lagos,2021-11-13,4300000
C0273,Fábrica de Muebles Los Pinos SpA,76136450-0,Contratista,Concepción,Rodrigo Fuentes,rfuentes@fabrica273.cl,+56 9 2527 4785,30,Ignacio Reyes,2025-11-05,2600000
C0274,Montajes Quillota EIRL,77562834-3,Fábrica,Rancagua,Francisca Pérez,fperez@montajes274.cl,+56 9 3346 4796,30,Macarena Lagos,2024-06-03,39800000
C0275,Carpintería Aconcagua EIRL,77510487-4,Mantención industrial,Temuco,Catalina Morales,cmorales@carpinteria275.cl,+56 9 3216 8194,30,Macarena Lagos,2018-10-28,20800000
C0276,Servicios Industriales Monte Verde Ltda.,77378169-7,Contratista,Puerto Montt,Jorge Flores,jflores@servicios276.cl,+56 9 3971 9575,30,Ignacio Reyes,2020-02-03,4700000
C0277,Mantención Pacífico S.A.,77291678-6,Contratista,Rancagua,Andrea González,agonzalez@mantención277.cl,+56 9 8706 8932,30,Ignacio Reyes,2026-03-31,1100000
C0278,Inversiones del Sur Ltda.,77763094-5,Taller,Temuco,Sergio Hernández,shernandez@inversiones278.cl,+56 9 7884 2858,30,Macarena Lagos,2023-03-03,1000000
C0279,Metalúrgica del Sur EIRL,77505329-8,Fábrica,Puerto Montt,Carlos González,cgonzalez@metalurgica279.cl,+56 9 2949 5071,30,Tomás Bravo,2025-12-07,12900000
C0280,Metalúrgica Central EIRL,77300978-1,Contratista,Rancagua,Camila Díaz,cdiaz@metalurgica280.cl,+56 9 9187 2003,30,Sofía Castro,2026-07-17,4000000
C0281,Tornería Del Valle SpA,77969757-6,Taller,Antofagasta,Valentina Martínez,vmartinez@torneria281.cl,+56 9 6118 3238,30,Macarena Lagos,2023-04-25,5300000
C0282,Plásticos Rancagua Ltda.,76678424-K,Taller,Santiago,Daniela Sepúlveda,dsepulveda@plasticos282.cl,+56 9 5988 3560,30,Ignacio Reyes,2020-08-12,1000000
C0283,Mecánica El Molino EIRL,76890534-0,Taller,Concepción,Catalina Torres,ctorres@mecanica283.cl,+56 9 6492 2395,30,Ignacio Reyes,2020-08-07,9300000
C0284,Transportes Buena Vista SpA,77849482-8,Taller,Rancagua,Patricio Díaz,pdiaz@transportes284.cl,+56 9 2215 3946,30,Sofía Castro,2020-01-12,5100000
C0285,Carpintería Oriente SpA,77234808-K,Fábrica,Puerto Montt,Andrea Rojas,arojas@carpinteria285.cl,+56 9 7072 6035,30,Diego Navarro,2020-02-13,1000000
C0286,Constructora Las Palmas SpA,77218774-9,Contratista,La Serena,Carlos Contreras,ccontreras@constructora286.cl,+56 9 1666 7760,30,Ignacio Reyes,2022-01-13,1600000
C0287,Soldaduras Río Claro Ltda.,76102901-K,Fábrica,La Serena,Patricio López,plopez@soldaduras287.cl,+56 9 4680 4916,30,Sofía Castro,2024-12-18,4000000
C0288,Taller Central SpA,77992175-6,Contratista,Valparaíso,Andrea Díaz,adiaz@taller288.cl,+56 9 3001 3975,30,Tomás Bravo,2022-01-31,3100000
C0289,Tornería Hermanos Pérez EIRL,77665011-K,Fábrica,Temuco,Rodrigo González,rgonzalez@torneria289.cl,+56 9 7685 7937,30,Macarena Lagos,2023-09-28,2000000
C0290,Ingeniería Monte Verde EIRL,77690868-K,Mantención industrial,Valparaíso,Javiera Soto,jsoto@ingenieria290.cl,+56 9 8466 5174,30,Diego Navarro,2021-03-25,2600000
C0291,Soldaduras Aconcagua S.A.,76074280-2,Mantención industrial,Concepción,Luis Martínez,lmartinez@soldaduras291.cl,+56 9 7843 9647,30,Macarena Lagos,2021-10-29,2100000
C0292,Fábrica de Muebles Tres Ríos S.A.,77081002-4,Mantención industrial,Antofagasta,Luis González,lgonzalez@fabrica292.cl,+56 9 5492 1743,30,Tomás Bravo,2020-08-18,3500000
C0293,Maestranza Valle Central S.A.,77442890-7,Mantención industrial,Valparaíso,Camila Fuentes,cfuentes@maestranza293.cl,+56 9 9350 9367,30,Ignacio Reyes,2021-09-02,18300000
C0294,Taller Monte Verde S.A.,77917966-5,Mantención industrial,Santiago,Fernanda Valenzuela,fvalenzuela@taller294.cl,+56 9 5757 6777,30,Tomás Bravo,2020-10-10,1000000
C0295,Hidráulica El Molino S.A.,77997363-9,Contratista,La Serena,Catalina Silva,csilva@hidraulica295.cl,+56 9 7636 2079,30,Sofía Castro,2025-01-31,2200000
C0296,Inversiones La Esperanza SpA,76819761-2,Taller,Concepción,Felipe Torres,ftorres@inversiones296.cl,+56 9 5640 7016,30,Macarena Lagos,2021-10-02,3600000
C0297,Montajes La Colina SpA,77029281-5,Fábrica,Rancagua,Constanza Rojas,crojas@montajes297.cl,+56 9 9294 4013,30,Macarena Lagos,2021-08-28,4200000
C0298,Tornería Hermanos Pérez Ltda.,77114769-2,Fábrica,Santiago,Manuel Díaz,mdiaz@torneria298.cl,+56 9 5214 9712,30,Macarena Lagos,2017-11-05,1800000
C0299,Fábrica de Muebles Hermanos Pérez EIRL,77026241-5,Mantención industrial,Concepción,Rodrigo Hernández,rhernandez@fabrica299.cl,+56 9 5054 6300,30,Tomás Bravo,2026-08-22,1000000
C0300,Transportes Costa Azul Ltda.,76851961-4,Mantención industrial,Rancagua,Cristián Morales,cmorales@transportes300.cl,+56 9 2952 2296,30,Tomás Bravo,2024-11-23,4400000
C0301,Mecánica La Esperanza EIRL,77174134-9,Contratista,Puerto Montt,Valentina Díaz,vdiaz@mecanica301.cl,+56 9 1005 6814,60,Sofía Castro,2022-02-27,25200000
C0302,Obras Civiles Andina EIRL,76732965-4,Taller,La Serena,Pedro Hernández,phernandez@obras302.cl,+56 9 7922 5848,30,Macarena Lagos,2019-09-15,1000000
C0303,Inversiones Rojas y Cía. SpA,77418948-K,Contratista,La Serena,Daniela Martínez,dmartinez@inversiones303.cl,+56 9 1289 2939,30,Macarena Lagos,2021-01-13,8600000
C0304,Taller Ñuble EIRL,77951091-8,Mantención industrial,Puerto Montt,Patricio López,plopez@taller304.cl,+56 9 2388 1949,30,Ignacio Reyes,2018-01-07,1900000
C0305,Estructuras Vargas S.A.,77933602-K,Fábrica,Concepción,Paula Silva,psilva@estructuras305.cl,+56 9 2506 4614,30,Diego Navarro,2020-07-28,2700000
C0306,Constructora Rancagua EIRL,76390455-1,Taller,Valparaíso,Rodrigo Fuentes,rfuentes@constructora306.cl,+56 9 3935 4557,30,Tomás Bravo,2020-06-14,1000000
C0307,Ingeniería Central Ltda.,76616128-6,Mantención industrial,Puerto Montt,Manuel Rodríguez,mrodriguez@ingenieria307.cl,+56 9 4709 3605,30,Sofía Castro,2019-06-29,1900000
C0308,Estructuras Andina EIRL,76306069-6,Taller,Valparaíso,Paula Sepúlveda,psepulveda@estructuras308.cl,+56 9 3075 3249,30,Sofía Castro,2018-04-21,14800000
C0309,Plásticos Los Pinos EIRL,77888951-1,Mantención industrial,Temuco,Valentina Torres,vtorres@plasticos309.cl,+56 9 5501 2407,30,Tomás Bravo,2019-07-10,6000000
C0310,Taller Punta Arenas S.A.,76984180-5,Taller,Concepción,Paula González,pgonzalez@taller310.cl,+56 9 8646 4239,45,Sofía Castro,2025-11-15,25300000
C0311,Mantención Las Palmas Ltda.,77614005-6,Mantención industrial,Rancagua,Rodrigo Flores,rflores@mantención311.cl,+56 9 3015 7529,30,Macarena Lagos,2023-05-03,12700000
C0312,Servicios Industriales Las Palmas EIRL,76699583-9,Contratista,Temuco,Cristián González,cgonzalez@servicios312.cl,+56 9 3253 7139,30,Diego Navarro,2023-07-14,5000000
C0313,Comercial Los Pinos SpA,77277597-1,Contratista,Antofagasta,Luis Espinoza,lespinoza@comercial313.cl,+56 9 6241 7756,45,Tomás Bravo,2017-08-04,25700000
C0314,Comercial Maule S.A.,76017640-8,Fábrica,La Serena,Felipe Torres,ftorres@comercial314.cl,+56 9 9911 1984,30,Diego Navarro,2021-05-21,5000000
C0315,Estructuras Monte Verde EIRL,76681779-K,Fábrica,Valparaíso,Fernanda Soto,fsoto@estructuras315.cl,+56 9 6750 7494,30,Sofía Castro,2018-09-04,8200000
C0316,Fábrica de Muebles Horizonte Ltda.,76803958-2,Fábrica,Concepción,Francisca Díaz,fdiaz@fabrica316.cl,+56 9 9395 3901,30,Diego Navarro,2024-01-05,2000000
C0317,Carpintería El Molino EIRL,76758263-K,Contratista,Puerto Montt,Camila Torres,ctorres@carpinteria317.cl,+56 9 5756 7012,30,Sofía Castro,2018-11-24,3200000
C0318,Transportes Bellavista Ltda.,76449714-7,Taller,Antofagasta,Camila Morales,cmorales@transportes318.cl,+56 9 3728 9447,30,Ignacio Reyes,2022-02-03,1200000
C0319,Transportes Valle Central Ltda.,76483141-8,Mantención industrial,La Serena,Cristián Flores,cflores@transportes319.cl,+56 9 9869 5040,30,Macarena Lagos,2017-08-29,10000000
C0320,Servicios Industriales San Martín S.A.,77838630-0,Fábrica,Rancagua,Daniela Sepúlveda,dsepulveda@servicios320.cl,+56 9 9154 6235,30,Diego Navarro,2026-02-15,1000000
C0321,Soldaduras Río Claro EIRL,77921109-8,Taller,Valparaíso,Patricio Torres,ptorres@soldaduras321.cl,+56 9 3421 1339,30,Tomás Bravo,2023-01-23,7700000
C0322,Plásticos Llanquihue Ltda.,77273796-K,Contratista,Talca,Javiera Díaz,jdiaz@plasticos322.cl,+56 9 5924 1725,30,Ignacio Reyes,2021-02-09,2300000
C0323,Plásticos Mirador SpA,76348796-1,Contratista,Rancagua,Luis Hernández,lhernandez@plasticos323.cl,+56 9 5549 6180,30,Diego Navarro,2020-06-29,12600000
C0324,Estructuras Hermanos Pérez EIRL,76825109-2,Contratista,Rancagua,Camila Valenzuela,cvalenzuela@estructuras324.cl,+56 9 4674 7106,30,Ignacio Reyes,2019-07-30,7400000
C0325,Carpintería Monte Verde SpA,77615480-2,Fábrica,Talca,Fernanda Flores,fflores@carpinteria325.cl,+56 9 4001 4816,60,Tomás Bravo,2022-12-24,28300000
C0326,Carpintería La Esperanza S.A.,77055087-0,Fábrica,Concepción,Jorge Fuentes,jfuentes@carpinteria326.cl,+56 9 2144 4870,30,Sofía Castro,2024-02-19,7200000
C0327,Ingeniería Norte Grande SpA,77064813-7,Contratista,Talca,Daniela López,dlopez@ingenieria327.cl,+56 9 8653 9867,30,Macarena Lagos,2022-01-15,1000000
C0328,Mecánica Ñuble S.A.,76112659-8,Fábrica,Antofagasta,Luis López,llopez@mecanica328.cl,+56 9 3050 1943,30,Macarena Lagos,2019-06-30,2700000
C0329,Transportes Costa Azul S.A.,77969344-K,Fábrica,Valparaíso,Luis Hernández,lhernandez@transportes329.cl,+56 9 5985 2591,30,Diego Navarro,2025-07-01,1000000
C0330,Mecánica Los Pinos EIRL,77952181-4,Fábrica,Talca,Pedro Torres,ptorres@mecanica330.cl,+56 9 3846 2007,30,Tomás Bravo,2024-03-25,1500000
C0331,Obras Civiles Rancagua Ltda.,76510509-5,Taller,Santiago,Patricio Torres,ptorres@obras331.cl,+56 9 6902 9025,30,Ignacio Reyes,2023-06-08,19200000
C0332,Servicios Industriales Ñuble EIRL,77374481-3,Contratista,Talca,Carlos Fuentes,cfuentes@servicios332.cl,+56 9 1584 1090,30,Sofía Castro,2025-03-22,6500000
C0333,Montajes San Martín SpA,77846255-5,Contratista,Santiago,Felipe Rojas,frojas@montajes333.cl,+56 9 6234 8245,30,Macarena Lagos,2025-06-29,1200000
C0334,Soldaduras Vargas Ltda.,76044466-1,Taller,Rancagua,Javiera Rojas,jrojas@soldaduras334.cl,+56 9 8638 1923,30,Macarena Lagos,2024-05-28,1000000
C0335,Taller Valle Central Ltda.,77037889-0,Taller,Antofagasta,Sergio Hernández,shernandez@taller335.cl,+56 9 6458 3059,30,Ignacio Reyes,2022-01-20,3000000
C0336,Mecánica San Martín S.A.,77349741-5,Fábrica,Concepción,Paula Morales,pmorales@mecanica336.cl,+56 9 4985 4443,30,Macarena Lagos,2025-01-31,1000000
C0337,Inversiones Muñoz e Hijos Ltda.,76903750-9,Taller,Concepción,Luis Araya,laraya@inversiones337.cl,+56 9 8223 6640,30,Macarena Lagos,2018-05-29,1300000
C0338,Estructuras Los Pinos Ltda.,76252342-K,Mantención industrial,Rancagua,Javiera Valenzuela,jvalenzuela@estructuras338.cl,+56 9 1099 5932,30,Ignacio Reyes,2024-03-20,4300000
C0339,Carpintería El Molino SpA,77187982-2,Contratista,Talca,Javiera Morales,jmorales@carpinteria339.cl,+56 9 9134 4033,30,Ignacio Reyes,2021-03-15,12300000
C0340,Ingeniería Quillota SpA,77363390-3,Contratista,La Serena,Carlos Sepúlveda,csepulveda@ingenieria340.cl,+56 9 2350 9075,30,Tomás Bravo,2024-01-08,6200000
C0341,Mecánica Horizonte Ltda.,77616547-1,Taller,Antofagasta,Constanza Valenzuela,cvalenzuela@mecanica341.cl,+56 9 6939 2268,30,Tomás Bravo,2019-10-11,1000000
C0342,Inversiones El Molino EIRL,76392948-K,Contratista,Temuco,Valentina Flores,vflores@inversiones342.cl,+56 9 6394 9636,30,Ignacio Reyes,2017-12-02,4300000
C0343,Metalúrgica Talca S.A.,77742476-3,Taller,Santiago,Carlos Martínez,cmartinez@metalurgica343.cl,+56 9 5446 6035,30,Macarena Lagos,2023-03-25,3200000
C0344,Mantención Bellavista EIRL,77841915-1,Contratista,Talca,Javiera López,jlopez@mantención344.cl,+56 9 5294 7943,30,Ignacio Reyes,2022-09-29,4900000
C0345,Inversiones Llanquihue SpA,77480847-K,Taller,Talca,Cristián Espinoza,cespinoza@inversiones345.cl,+56 9 3019 7603,45,Macarena Lagos,2025-04-18,21900000
C0346,Ingeniería Los Álamos Ltda.,76209637-1,Mantención industrial,Santiago,Luis Fuentes,lfuentes@ingenieria346.cl,+56 9 4169 5337,30,Tomás Bravo,2019-11-20,1000000
C0347,Servicios Industriales Horizonte S.A.,76718104-2,Mantención industrial,Antofagasta,Jorge González,jgonzalez@servicios347.cl,+56 9 1165 3928,30,Diego Navarro,2022-02-05,1400000
C0348,Mantención Mirador Ltda.,77087439-4,Taller,Santiago,Valentina Pérez,vperez@mantención348.cl,+56 9 6795 3228,30,Tomás Bravo,2020-09-15,6100000
C0349,Hidráulica La Esperanza S.A.,77263174-K,Taller,Temuco,Felipe Espinoza,fespinoza@hidraulica349.cl,+56 9 7989 5697,30,Macarena Lagos,2019-01-29,1000000
C0350,Mantención Tres Ríos S.A.,76443207-2,Fábrica,Concepción,Constanza Espinoza,cespinoza@mantención350.cl,+56 9 7404 1412,30,Tomás Bravo,2024-10-31,18400000
C0351,Maestranza Rancagua S.A.,77729440-0,Taller,Santiago,Daniela Araya,daraya@maestranza351.cl,+56 9 5274 6586,30,Sofía Castro,2020-10-05,4600000
C0352,Constructora Oriente SpA,77389723-2,Taller,Puerto Montt,Cristián Pérez,cperez@constructora352.cl,+56 9 3209 2604,30,Macarena Lagos,2025-04-28,8400000
C0353,Ingeniería Costa Azul Ltda.,77729535-4,Taller,Antofagasta,Javiera Morales,jmorales@ingenieria353.cl,+56 9 3012 6175,30,Ignacio Reyes,2021-12-20,1400000
C0354,Mantención Fuentes S.A.,76324713-8,Taller,La Serena,Camila Silva,csilva@mantención354.cl,+56 9 4724 1748,30,Ignacio Reyes,2024-03-26,8000000
C0355,Plásticos Bellavista SpA,76279387-8,Mantención industrial,Santiago,Rodrigo Rojas,rrojas@plasticos355.cl,+56 9 8418 6106,30,Tomás Bravo,2018-02-21,11100000
C0356,Comercial Bellavista SpA,76871970-7,Fábrica,Temuco,Fernanda Silva,fsilva@comercial356.cl,+56 9 2811 6476,30,Sofía Castro,2018-02-10,3900000
C0357,Obras Civiles Aconcagua Ltda.,77065185-0,Contratista,Puerto Montt,Carlos Fuentes,cfuentes@obras357.cl,+56 9 1160 3732,30,Tomás Bravo,2025-12-27,3900000
C0358,Metalúrgica San Pedro S.A.,77036697-1,Contratista,Puerto Montt,Cristián Sepúlveda,csepulveda@metalurgica358.cl,+56 9 9566 5582,30,Sofía Castro,2025-07-28,4100000
C0359,Hidráulica Poniente S.A.,77746102-1,Taller,Rancagua,Jorge Martínez,jmartinez@hidraulica359.cl,+56 9 7866 7436,30,Diego Navarro,2017-10-12,1000000
C0360,Hidráulica Vargas SpA,76392387-9,Taller,Puerto Montt,Manuel Rojas,mrojas@hidraulica360.cl,+56 9 9152 3093,30,Sofía Castro,2017-10-10,2400000
C0361,Mecánica El Roble S.A.,76382861-3,Fábrica,Talca,Javiera Pérez,jperez@mecanica361.cl,+56 9 5952 8103,30,Tomás Bravo,2025-01-12,2400000
C0362,Mecánica Vargas SpA,76133410-4,Contratista,Valparaíso,Rodrigo Hernández,rhernandez@mecanica362.cl,+56 9 8647 1543,30,Sofía Castro,2020-09-04,4700000
C0363,Inversiones Talca S.A.,77876439-2,Mantención industrial,Temuco,Jorge Díaz,jdiaz@inversiones363.cl,+56 9 6532 5328,30,Tomás Bravo,2022-04-11,10100000
C0364,Hidráulica Horizonte SpA,77276326-4,Mantención industrial,Talca,Pedro Hernández,phernandez@hidraulica364.cl,+56 9 6146 5515,30,Ignacio Reyes,2024-06-02,1000000
C0365,Taller Río Claro SpA,77325333-3,Fábrica,Concepción,Fernanda Muñoz,fmuñoz@taller365.cl,+56 9 7657 7378,30,Ignacio Reyes,2025-01-22,2500000
C0366,Mantención Los Álamos SpA,77405762-0,Mantención industrial,Temuco,Felipe Soto,fsoto@mantención366.cl,+56 9 7567 2650,30,Diego Navarro,2018-10-07,18500000
C0367,Obras Civiles Aconcagua S.A.,77047691-2,Taller,Santiago,Manuel Díaz,mdiaz@obras367.cl,+56 9 5251 7503,30,Ignacio Reyes,2021-07-10,1100000
C0368,Ingeniería Valle Central Ltda.,77089489-K,Taller,Talca,Cristián Rodríguez,crodriguez@ingenieria368.cl,+56 9 3809 9349,30,Ignacio Reyes,2017-10-14,1000000
C0369,Metalúrgica El Roble Ltda.,76260862-1,Fábrica,Valparaíso,Manuel Pérez,mperez@metalurgica369.cl,+56 9 7597 1209,30,Ignacio Reyes,2022-09-02,3700000
C0370,Plásticos Los Álamos Ltda.,77939994-6,Mantención industrial,Santiago,Patricio Fuentes,pfuentes@plasticos370.cl,+56 9 2573 4392,30,Macarena Lagos,2023-11-19,8400000
C0371,Comercial Las Palmas SpA,77456439-2,Taller,Rancagua,Felipe Hernández,fhernandez@comercial371.cl,+56 9 5174 6337,30,Tomás Bravo,2018-01-02,2900000
C0372,Transportes La Colina EIRL,77042102-4,Mantención industrial,Concepción,Andrea Rojas,arojas@transportes372.cl,+56 9 7606 1881,30,Macarena Lagos,2023-12-02,15300000
C0373,Comercial Muñoz e Hijos Ltda.,77893718-6,Fábrica,Temuco,Catalina González,cgonzalez@comercial373.cl,+56 9 8735 6909,30,Diego Navarro,2022-08-05,8500000
C0374,Transportes Monte Verde SpA,76399606-2,Taller,Antofagasta,Cristián Martínez,cmartinez@transportes374.cl,+56 9 8664 8066,30,Diego Navarro,2023-09-15,8300000
C0375,Ingeniería Andina SpA,77179662-8,Fábrica,Rancagua,Andrea Torres,atorres@ingenieria375.cl,+56 9 6567 5296,30,Sofía Castro,2018-02-18,5800000
C0376,Maestranza Aconcagua Ltda.,76248201-0,Contratista,La Serena,Felipe Flores,fflores@maestranza376.cl,+56 9 3320 1855,60,Tomás Bravo,2020-01-14,53400000
C0377,Servicios Industriales Las Palmas Ltda.,77288018-5,Taller,Antofagasta,Patricio Morales,pmorales@servicios377.cl,+56 9 9884 5880,30,Diego Navarro,2024-06-11,2200000
C0378,Carpintería Norte Grande Ltda.,76901762-4,Contratista,Temuco,Constanza Flores,cflores@carpinteria378.cl,+56 9 1795 7037,30,Ignacio Reyes,2020-03-09,1000000
C0379,Taller Los Álamos Ltda.,77715300-0,Mantención industrial,Santiago,Fernanda Silva,fsilva@taller379.cl,+56 9 4057 3790,30,Tomás Bravo,2025-02-02,21600000
C0380,Tornería Santa Elena Ltda.,76830305-5,Taller,Santiago,Rodrigo Soto,rsoto@torneria380.cl,+56 9 5277 7789,30,Sofía Castro,2019-07-17,1600000
C0381,Carpintería Norte Grande S.A.,76280505-1,Fábrica,La Serena,Sergio Rodríguez,srodriguez@carpinteria381.cl,+56 9 3565 5602,30,Diego Navarro,2022-12-11,3300000
C0382,Maestranza San Pedro SpA,76051093-2,Mantención industrial,Temuco,Rodrigo Pérez,rperez@maestranza382.cl,+56 9 8610 7580,30,Tomás Bravo,2021-06-10,14900000
C0383,Servicios Industriales Quillota SpA,76634979-2,Mantención industrial,Talca,Daniela Espinoza,despinoza@servicios383.cl,+56 9 8583 1317,30,Tomás Bravo,2022-01-15,1000000
C0384,Inversiones Las Palmas S.A.,77601920-9,Taller,Concepción,Patricio López,plopez@inversiones384.cl,+56 9 9575 3262,30,Diego Navarro,2020-05-18,1000000
C0385,Fábrica de Muebles Hermanos Pérez Ltda.,76379369-7,Contratista,Antofagasta,Patricio Díaz,pdiaz@fabrica385.cl,+56 9 2042 4176,30,Ignacio Reyes,2018-06-22,1000000
C0386,Servicios Industriales Rojas y Cía. S.A.,77378950-0,Fábrica,Rancagua,Rodrigo Hernández,rhernandez@servicios386.cl,+56 9 5402 3545,30,Sofía Castro,2024-07-08,1100000
C0387,Taller Monte Verde SpA,76541529-0,Mantención industrial,Temuco,Paula González,pgonzalez@taller387.cl,+56 9 2374 2683,30,Macarena Lagos,2020-01-30,5000000
C0388,Servicios Industriales La Colina EIRL,76265396-8,Mantención industrial,Valparaíso,Cristián Rodríguez,crodriguez@servicios388.cl,+56 9 1426 5880,30,Macarena Lagos,2023-05-04,5600000
C0389,Carpintería Muñoz e Hijos Ltda.,76909449-1,Taller,Talca,Camila Hernández,chernandez@carpinteria389.cl,+56 9 2257 2889,30,Ignacio Reyes,2022-01-31,4100000
C0390,Fábrica de Muebles Mirador S.A.,77380044-2,Mantención industrial,Concepción,Luis Morales,lmorales@fabrica390.cl,+56 9 4728 5874,30,Ignacio Reyes,2021-06-05,1000000
C0391,Obras Civiles San Martín SpA,76537720-7,Taller,La Serena,Fernanda Valenzuela,fvalenzuela@obras391.cl,+56 9 3516 4831,30,Sofía Castro,2025-05-29,1000000
C0392,Constructora Cordillera SpA,77370789-6,Fábrica,Talca,Pedro Contreras,pcontreras@constructora392.cl,+56 9 6528 3754,30,Tomás Bravo,2022-08-19,3100000
C0393,Ingeniería Cordillera S.A.,76657401-8,Mantención industrial,Concepción,Cristián Espinoza,cespinoza@ingenieria393.cl,+56 9 6861 7836,30,Ignacio Reyes,2024-10-14,1600000
C0394,Estructuras del Sur EIRL,76826637-K,Mantención industrial,Rancagua,Luis Sepúlveda,lsepulveda@estructuras394.cl,+56 9 1123 5069,30,Ignacio Reyes,2023-08-26,5200000
C0395,Metalúrgica Los Pinos Ltda.,76671606-7,Taller,Talca,Francisca Rojas,frojas@metalurgica395.cl,+56 9 5108 3913,30,Macarena Lagos,2022-06-19,7000000
C0396,Transportes Poniente SpA,77529540-6,Contratista,Antofagasta,Luis Flores,lflores@transportes396.cl,+56 9 8291 1052,30,Macarena Lagos,2026-02-15,3500000
C0397,Estructuras Las Palmas EIRL,77693771-7,Mantención industrial,Talca,Andrea Martínez,amartinez@estructuras397.cl,+56 9 5773 2847,30,Sofía Castro,2020-11-04,7500000
C0398,Montajes Rancagua S.A.,76289857-1,Fábrica,Puerto Montt,Jorge Díaz,jdiaz@montajes398.cl,+56 9 1196 6691,30,Macarena Lagos,2021-06-25,3900000
C0399,Carpintería El Faro S.A.,77513002-6,Mantención industrial,Rancagua,Cristián Araya,caraya@carpinteria399.cl,+56 9 4103 8687,30,Macarena Lagos,2022-03-30,5600000
C0400,Soldaduras San Martín EIRL,77476038-9,Contratista,Valparaíso,Andrea Araya,aaraya@soldaduras400.cl,+56 9 1902 1874,30,Macarena Lagos,2019-04-22,1200000
C0401,Servicios Industriales Río Claro Ltda.,77667971-0,Mantención industrial,Valparaíso,Pedro Pérez,pperez@servicios401.cl,+56 9 9480 3921,30,Macarena Lagos,2025-06-27,2300000
C0402,Comercial Rojas y Cía. Ltda.,77959808-5,Taller,Valparaíso,Fernanda Martínez,fmartinez@comercial402.cl,+56 9 6411 3223,30,Macarena Lagos,2019-06-17,3700000
C0403,Obras Civiles Altamira SpA,77807790-7,Taller,Puerto Montt,Felipe Araya,faraya@obras403.cl,+56 9 3562 7926,30,Macarena Lagos,2019-04-07,8100000
C0404,Maestranza La Colina Ltda.,77003367-9,Taller,Valparaíso,Jorge Espinoza,jespinoza@maestranza404.cl,+56 9 6690 3425,30,Diego Navarro,2018-02-11,1800000
C0405,Maestranza Bellavista SpA,77966206-6,Mantención industrial,Temuco,Javiera Martínez,jmartinez@maestranza405.cl,+56 9 9828 7633,30,Ignacio Reyes,2025-04-29,5600000
C0406,Inversiones Hermanos Pérez EIRL,76732909-5,Contratista,Santiago,Andrea López,alopez@inversiones406.cl,+56 9 5003 9637,30,Macarena Lagos,2021-03-22,2100000
C0407,Montajes Tres Ríos S.A.,77072337-4,Fábrica,Temuco,Rodrigo Sepúlveda,rsepulveda@montajes407.cl,+56 9 2320 8142,30,Ignacio Reyes,2026-05-08,2500000
C0408,Ingeniería Valle Central SpA,76183743-4,Mantención industrial,Valparaíso,Manuel Morales,mmorales@ingenieria408.cl,+56 9 9887 2710,30,Sofía Castro,2025-07-15,8200000
C0409,Transportes Del Valle SpA,76155674-2,Taller,Talca,Andrea Araya,aaraya@transportes409.cl,+56 9 5072 1926,30,Diego Navarro,2018-10-26,1000000
C0410,Servicios Industriales Santa Elena Ltda.,77024895-0,Mantención industrial,Santiago,Andrea Silva,asilva@servicios410.cl,+56 9 3914 1028,30,Tomás Bravo,2021-10-07,1000000
C0411,Comercial La Esperanza SpA,76302607-6,Taller,Santiago,Manuel Araya,maraya@comercial411.cl,+56 9 9801 3619,30,Sofía Castro,2021-10-22,1000000
C0412,Estructuras Poniente EIRL,76037242-9,Fábrica,Antofagasta,Camila Torres,ctorres@estructuras412.cl,+56 9 2178 2867,30,Sofía Castro,2025-04-01,1000000
C0413,Montajes Vargas S.A.,77451986-6,Taller,Concepción,Francisca González,fgonzalez@montajes413.cl,+56 9 9507 9867,30,Diego Navarro,2023-07-05,1200000
C0414,Comercial El Faro Ltda.,77577491-K,Mantención industrial,Puerto Montt,Pedro Martínez,pmartinez@comercial414.cl,+56 9 5536 1412,30,Ignacio Reyes,2026-02-11,7400000
C0415,Metalúrgica Oriente Ltda.,77095572-0,Contratista,Talca,Camila Valenzuela,cvalenzuela@metalurgica415.cl,+56 9 4812 1075,30,Diego Navarro,2018-02-08,2000000
C0416,Hidráulica El Molino SpA,77460673-3,Mantención industrial,Talca,Manuel Martínez,mmartinez@hidraulica416.cl,+56 9 5521 9881,30,Diego Navarro,2017-10-09,3700000
C0417,Tornería Altamira S.A.,77947902-K,Fábrica,Puerto Montt,Carlos Araya,caraya@torneria417.cl,+56 9 3329 8927,30,Diego Navarro,2021-07-26,11300000
C0418,Tornería Bellavista SpA,77452072-1,Fábrica,Talca,Paula Torres,ptorres@torneria418.cl,+56 9 8734 2469,30,Tomás Bravo,2022-01-09,15300000
C0419,Montajes Mirador SpA,76257798-8,Contratista,Santiago,Pedro Pérez,pperez@montajes419.cl,+56 9 3515 4721,30,Diego Navarro,2018-09-18,2700000
C0420,Mecánica Díaz Ltda. SpA,77725330-K,Mantención industrial,Talca,Jorge González,jgonzalez@mecanica420.cl,+56 9 4508 3962,30,Tomás Bravo,2021-05-09,15800000
C0421,Hidráulica Altamira EIRL,77823740-9,Contratista,Antofagasta,Andrea Espinoza,aespinoza@hidraulica421.cl,+56 9 9787 3040,30,Sofía Castro,2024-02-26,3300000
C0422,Obras Civiles Rojas y Cía. EIRL,77413548-4,Contratista,Puerto Montt,Valentina Araya,varaya@obras422.cl,+56 9 3712 2797,30,Sofía Castro,2025-06-01,1000000
C0423,Soldaduras Cordillera EIRL,76806423-8,Contratista,Antofagasta,Jorge Martínez,jmartinez@soldaduras423.cl,+56 9 4526 6066,30,Ignacio Reyes,2024-01-16,1400000
C0424,Ingeniería Monte Verde Ltda.,77428731-5,Fábrica,Talca,Francisca Fuentes,ffuentes@ingenieria424.cl,+56 9 7119 5160,30,Diego Navarro,2024-03-12,1000000
C0425,Soldaduras Maule S.A.,77013911-K,Taller,Temuco,Constanza Muñoz,cmuñoz@soldaduras425.cl,+56 9 7072 4354,30,Sofía Castro,2023-07-12,1000000
C0426,Mantención Horizonte EIRL,77013011-6,Taller,Concepción,Sergio Sepúlveda,ssepulveda@mantención426.cl,+56 9 4196 4604,30,Sofía Castro,2022-10-31,1900000
C0427,Carpintería Maule Ltda.,76606929-1,Mantención industrial,Antofagasta,Rodrigo Soto,rsoto@carpinteria427.cl,+56 9 7450 5141,30,Sofía Castro,2021-11-16,7900000
C0428,Fábrica de Muebles Rojas y Cía. S.A.,77306170-4,Contratista,Concepción,Carlos Hernández,chernandez@fabrica428.cl,+56 9 4251 1909,45,Diego Navarro,2018-09-26,25000000
C0429,Servicios Industriales Poniente S.A.,76111409-6,Mantención industrial,La Serena,Jorge Valenzuela,jvalenzuela@servicios429.cl,+56 9 6146 3392,30,Macarena Lagos,2023-12-06,1000000
C0430,Transportes El Molino S.A.,76083912-3,Fábrica,Santiago,Andrea Flores,aflores@transportes430.cl,+56 9 9099 4862,30,Tomás Bravo,2022-11-19,4800000
C0431,Metalúrgica Rojas y Cía. Ltda.,77482456-4,Contratista,Valparaíso,Daniela Rodríguez,drodriguez@metalurgica431.cl,+56 9 1350 6080,30,Macarena Lagos,2025-12-13,1000000
C0432,Mantención Talca SpA,77106874-0,Fábrica,Talca,Camila Rojas,crojas@mantención432.cl,+56 9 2115 9571,30,Macarena Lagos,2023-09-24,5300000
C0433,Mantención Hermanos Soto SpA,77356900-5,Mantención industrial,Antofagasta,Javiera Pérez,jperez@mantención433.cl,+56 9 7723 4095,30,Sofía Castro,2024-08-09,2500000
C0434,Servicios Industriales Altamira S.A.,76593339-2,Contratista,Santiago,Daniela Silva,dsilva@servicios434.cl,+56 9 8261 9157,30,Diego Navarro,2018-01-19,1000000
C0435,Mantención Río Claro S.A.,76452622-6,Fábrica,Puerto Montt,Valentina Muñoz,vmuñoz@mantención435.cl,+56 9 6458 2359,30,Diego Navarro,2019-11-23,9300000
C0436,Constructora Hermanos Soto S.A.,76831734-0,Taller,La Serena,Paula González,pgonzalez@constructora436.cl,+56 9 7421 7165,30,Macarena Lagos,2017-08-06,1400000
C0437,Mecánica Horizonte SpA,76977286-3,Taller,Talca,Constanza Pérez,cperez@mecanica437.cl,+56 9 4073 5740,30,Macarena Lagos,2024-05-06,1500000
C0438,Maestranza Díaz Ltda. SpA,76223520-2,Mantención industrial,Valparaíso,Fernanda Valenzuela,fvalenzuela@maestranza438.cl,+56 9 5671 8427,30,Diego Navarro,2021-05-02,1000000
C0439,Tornería Horizonte SpA,77563846-7,Contratista,Rancagua,Paula Díaz,pdiaz@torneria439.cl,+56 9 2601 5044,30,Tomás Bravo,2020-09-07,1300000
C0440,Mantención Santa Elena SpA,76695351-2,Taller,Puerto Montt,Javiera Sepúlveda,jsepulveda@mantención440.cl,+56 9 1127 1660,30,Macarena Lagos,2018-02-15,5000000
C0441,Comercial Vargas EIRL,77210273-0,Taller,Valparaíso,Rodrigo Silva,rsilva@comercial441.cl,+56 9 3380 3329,30,Ignacio Reyes,2025-05-07,2300000
C0442,Carpintería Díaz Ltda. EIRL,77889553-8,Taller,Valparaíso,Jorge Rojas,jrojas@carpinteria442.cl,+56 9 1974 7834,30,Tomás Bravo,2023-09-19,4400000
C0443,Ingeniería Maule SpA,76671252-0,Taller,Concepción,Felipe Hernández,fhernandez@ingenieria443.cl,+56 9 3464 8419,30,Ignacio Reyes,2025-05-27,4600000
C0444,Soldaduras Tres Ríos SpA,76704577-1,Taller,Santiago,Javiera Díaz,jdiaz@soldaduras444.cl,+56 9 3513 3456,30,Sofía Castro,2024-02-06,15200000
C0445,Servicios Industriales San Pedro SpA,77824892-4,Taller,Antofagasta,Manuel Valenzuela,mvalenzuela@servicios445.cl,+56 9 4407 4763,30,Tomás Bravo,2022-07-16,1900000
C0446,Servicios Industriales Horizonte EIRL,77960433-4,Mantención industrial,Temuco,Cristián Hernández,chernandez@servicios446.cl,+56 9 4050 4074,30,Macarena Lagos,2023-01-02,1000000
C0447,Servicios Industriales Horizonte Ltda.,76653933-1,Mantención industrial,Temuco,Andrea Soto,asoto@servicios447.cl,+56 9 1807 6437,30,Diego Navarro,2025-06-19,11000000
C0448,Plásticos Las Palmas EIRL,76451903-0,Contratista,Temuco,Valentina Valenzuela,vvalenzuela@plasticos448.cl,+56 9 2818 3623,30,Macarena Lagos,2019-07-08,1900000
C0449,Maestranza La Colina EIRL,77198993-4,Fábrica,Santiago,Andrea Rojas,arojas@maestranza449.cl,+56 9 9916 4160,30,Diego Navarro,2018-02-13,11700000
C0450,Carpintería Rancagua Ltda.,76089826-8,Taller,La Serena,Rodrigo Araya,raraya@carpinteria450.cl,+56 9 5537 8188,30,Sofía Castro,2021-05-06,4700000
C0451,Transportes Monte Verde EIRL,77866619-9,Taller,Santiago,Jorge Flores,jflores@transportes451.cl,+56 9 3830 1299,30,Sofía Castro,2019-05-18,2500000
C0452,Mantención Oriente EIRL,76136008-7,Fábrica,Rancagua,Camila Rojas,crojas@mantención452.cl,+56 9 7882 7600,30,Tomás Bravo,2018-10-21,4500000
C0453,Obras Civiles Muñoz e Hijos EIRL,76957851-1,Mantención industrial,Temuco,Cristián Silva,csilva@obras453.cl,+56 9 9058 2528,45,Diego Navarro,2022-02-19,33300000
C0454,Plásticos San Martín EIRL,76243668-1,Mantención industrial,Santiago,Manuel Morales,mmorales@plasticos454.cl,+56 9 7901 7427,30,Ignacio Reyes,2019-02-10,39000000
C0455,Mecánica La Colina S.A.,77528685-0,Taller,Talca,Catalina Flores,cflores@mecanica455.cl,+56 9 3775 1612,30,Diego Navarro,2018-02-11,3200000
C0456,Obras Civiles Los Pinos EIRL,76985635-0,Contratista,Temuco,Rodrigo Rodríguez,rrodriguez@obras456.cl,+56 9 1848 9342,30,Tomás Bravo,2017-08-02,3600000
C0457,Obras Civiles Hermanos Pérez EIRL,76890995-1,Taller,Rancagua,Valentina Hernández,vhernandez@obras457.cl,+56 9 7930 1326,30,Ignacio Reyes,2024-11-28,11200000
C0458,Fábrica de Muebles Monte Verde SpA,76553132-5,Taller,Santiago,Catalina Araya,caraya@fabrica458.cl,+56 9 6905 2200,30,Sofía Castro,2025-05-23,1000000
C0459,Transportes Valle Central EIRL,77337541-9,Contratista,Rancagua,Paula Martínez,pmartinez@transportes459.cl,+56 9 7930 7652,30,Ignacio Reyes,2019-03-04,4400000
C0460,Comercial San Pedro S.A.,77605701-K,Taller,Temuco,Javiera Muñoz,jmuñoz@comercial460.cl,+56 9 6421 5674,30,Macarena Lagos,2018-09-14,2800000
C0461,Transportes del Sur S.A.,76696053-9,Mantención industrial,Puerto Montt,Catalina Fuentes,cfuentes@transportes461.cl,+56 9 1880 7766,30,Sofía Castro,2023-06-05,4300000
C0462,Carpintería Las Palmas Ltda.,77957706-K,Fábrica,Puerto Montt,Paula López,plopez@carpinteria462.cl,+56 9 4727 8665,30,Macarena Lagos,2026-04-26,1000000
C0463,Hidráulica Hermanos Soto Ltda.,77318460-5,Fábrica,Temuco,Felipe López,flopez@hidraulica463.cl,+56 9 5033 5162,30,Sofía Castro,2023-07-07,1000000
C0464,Inversiones La Colina SpA,77942386-8,Contratista,Rancagua,Catalina Morales,cmorales@inversiones464.cl,+56 9 4534 8653,30,Sofía Castro,2022-03-19,1000000
C0465,Mantención Llanquihue SpA,76096551-8,Mantención industrial,La Serena,Paula Rodríguez,prodriguez@mantención465.cl,+56 9 8913 2665,30,Diego Navarro,2023-06-22,1000000
C0466,Soldaduras Buena Vista S.A.,77722212-0,Mantención industrial,Concepción,Sergio Díaz,sdiaz@soldaduras466.cl,+56 9 9042 9249,30,Ignacio Reyes,2022-03-16,1600000
C0467,Constructora Santa Elena SpA,77513944-K,Fábrica,Concepción,Camila Sepúlveda,csepulveda@constructora467.cl,+56 9 3949 7662,30,Ignacio Reyes,2021-08-01,2000000
C0468,Soldaduras Los Pinos S.A.,76103918-1,Contratista,Puerto Montt,Valentina Hernández,vhernandez@soldaduras468.cl,+56 9 4759 5209,60,Macarena Lagos,2023-07-30,32700000
C0469,Ingeniería Central SpA,76748938-6,Mantención industrial,Antofagasta,Andrea López,alopez@ingenieria469.cl,+56 9 5523 1447,30,Diego Navarro,2024-06-08,11600000
C0470,Constructora del Sur SpA,77533565-7,Contratista,Antofagasta,Pedro Valenzuela,pvalenzuela@constructora470.cl,+56 9 4167 6474,30,Diego Navarro,2021-01-25,1000000
C0471,Obras Civiles Hermanos Soto Ltda.,77102436-7,Contratista,Valparaíso,Pedro Sepúlveda,psepulveda@obras471.cl,+56 9 4720 5349,30,Sofía Castro,2018-12-20,4500000
C0472,Servicios Industriales Central S.A.,77930098-6,Fábrica,Puerto Montt,Cristián Muñoz,cmuñoz@servicios472.cl,+56 9 3310 7024,30,Tomás Bravo,2017-10-13,1700000
C0473,Inversiones Río Claro SpA,76015168-7,Contratista,Santiago,Carlos Morales,cmorales@inversiones473.cl,+56 9 8061 5470,30,Sofía Castro,2017-10-20,2000000
C0474,Fábrica de Muebles Hermanos Soto S.A.,77156534-7,Fábrica,Valparaíso,Fernanda Sepúlveda,fsepulveda@fabrica474.cl,+56 9 8542 2493,30,Tomás Bravo,2024-07-06,3700000
C0475,Mantención El Faro Ltda.,77853159-8,Contratista,La Serena,Sergio Rojas,srojas@mantención475.cl,+56 9 5737 6024,30,Diego Navarro,2024-04-15,6300000
C0476,Obras Civiles Altamira S.A.,76453460-3,Fábrica,Antofagasta,Valentina Silva,vsilva@obras476.cl,+56 9 8363 3729,30,Tomás Bravo,2020-12-02,1900000
C0477,Soldaduras Los Pinos EIRL,76633067-1,Fábrica,Temuco,Catalina González,cgonzalez@soldaduras477.cl,+56 9 3370 2494,30,Sofía Castro,2018-02-10,11000000
C0478,Constructora Fuentes SpA,77880123-6,Fábrica,Puerto Montt,Cristián Díaz,cdiaz@constructora478.cl,+56 9 2036 4178,30,Tomás Bravo,2021-01-31,1000000
C0479,Metalúrgica Del Valle SpA,76766571-7,Mantención industrial,Santiago,Sergio Araya,saraya@metalurgica479.cl,+56 9 7488 3341,30,Tomás Bravo,2025-03-11,2900000
C0480,Comercial Costa Azul S.A.,76673869-8,Taller,Valparaíso,Paula Soto,psoto@comercial480.cl,+56 9 6380 2625,60,Sofía Castro,2019-01-13,74800000
C0481,Comercial Fuentes EIRL,76024497-8,Mantención industrial,Valparaíso,Paula Contreras,pcontreras@comercial481.cl,+56 9 1607 5579,30,Sofía Castro,2021-07-03,3800000
C0482,Metalúrgica Maule SpA,76589768-1,Taller,Concepción,Andrea Rojas,arojas@metalurgica482.cl,+56 9 3326 1628,30,Tomás Bravo,2020-04-12,17400000
C0483,Obras Civiles El Roble Ltda.,76758052-6,Mantención industrial,La Serena,Felipe Fuentes,ffuentes@obras483.cl,+56 9 2067 4598,30,Macarena Lagos,2018-01-18,3300000
C0484,Fábrica de Muebles Andina EIRL,76522473-0,Taller,Santiago,Paula Flores,pflores@fabrica484.cl,+56 9 9051 3328,30,Ignacio Reyes,2024-02-27,6000000
C0485,Soldaduras Fuentes SpA,76521284-4,Mantención industrial,La Serena,Fernanda Rojas,frojas@soldaduras485.cl,+56 9 3909 2085,30,Macarena Lagos,2020-11-21,2700000
C0486,Mecánica Llanquihue SpA,76666896-K,Fábrica,Santiago,Jorge Sepúlveda,jsepulveda@mecanica486.cl,+56 9 7461 5418,30,Diego Navarro,2022-01-26,2300000
C0487,Obras Civiles Norte Grande S.A.,76941988-9,Mantención industrial,Puerto Montt,Andrea González,agonzalez@obras487.cl,+56 9 2406 7415,30,Diego Navarro,2024-10-27,1100000
C0488,Taller Punta Arenas Ltda.,77443056-6,Contratista,Concepción,Valentina Contreras,vcontreras@taller488.cl,+56 9 9996 7875,30,Sofía Castro,2026-04-28,5000000
C0489,Ingeniería Hermanos Pérez SpA,76628951-2,Taller,Puerto Montt,Pedro Díaz,pdiaz@ingenieria489.cl,+56 9 8851 3314,30,Macarena Lagos,2021-09-30,1000000
C0490,Obras Civiles El Roble SpA,77541745-1,Contratista,Temuco,Luis Martínez,lmartinez@obras490.cl,+56 9 9300 9287,30,Tomás Bravo,2024-12-15,6700000
C0491,Estructuras Valle Central Ltda.,77796525-9,Taller,Rancagua,Paula Sepúlveda,psepulveda@estructuras491.cl,+56 9 2026 6259,30,Tomás Bravo,2018-02-09,11300000
C0492,Tornería Díaz Ltda. SpA,77309611-9,Fábrica,Antofagasta,Patricio Pérez,pperez@torneria492.cl,+56 9 9526 4098,30,Macarena Lagos,2023-02-10,4600000
C0493,Servicios Industriales del Sur SpA,76652430-K,Mantención industrial,Talca,Daniela Silva,dsilva@servicios493.cl,+56 9 4196 7144,30,Tomás Bravo,2021-12-28,2000000
C0494,Inversiones Fuentes SpA,77474858-7,Fábrica,Talca,Constanza Hernández,chernandez@inversiones494.cl,+56 9 4745 3769,30,Macarena Lagos,2024-02-15,5100000
C0495,Obras Civiles Cordillera Ltda.,77102114-4,Contratista,Puerto Montt,Fernanda Rojas,frojas@obras495.cl,+56 9 9084 8729,30,Sofía Castro,2023-08-11,2000000
C0496,Montajes Rojas y Cía. S.A.,76955267-8,Taller,La Serena,Luis González,lgonzalez@montajes496.cl,+56 9 7346 6511,30,Diego Navarro,2025-02-14,9400000
C0497,Comercial Pacífico SpA,77182116-7,Contratista,Antofagasta,Catalina Flores,cflores@comercial497.cl,+56 9 1348 2048,30,Macarena Lagos,2020-05-09,1000000
C0498,Ingeniería Talca SpA,76205094-8,Taller,La Serena,Jorge Hernández,jhernandez@ingenieria498.cl,+56 9 4050 6295,30,Tomás Bravo,2020-05-04,1900000
C0499,Mantención del Sur Ltda.,76891461-8,Contratista,Temuco,Fernanda Soto,fsoto@mantención499.cl,+56 9 1846 8191,30,Sofía Castro,2017-12-11,1000000
C0500,Servicios Industriales Rancagua Ltda.,77777438-0,Contratista,Temuco,Constanza Rodríguez,crodriguez@servicios500.cl,+56 9 7735 4619,30,Sofía Castro,2018-07-18,1000000
C0501,Taller Mirador SpA,76976349-K,Contratista,Puerto Montt,Daniela Muñoz,dmuñoz@taller501.cl,+56 9 2228 8654,30,Tomás Bravo,2023-01-25,16000000
C0502,Constructora Pacífico SpA,77877402-K,Fábrica,Talca,Paula Araya,paraya@constructora502.cl,+56 9 4314 8823,30,Diego Navarro,2021-04-20,8900000
C0503,Mecánica Muñoz e Hijos EIRL,76934788-K,Taller,Puerto Montt,Valentina Espinoza,vespinoza@mecanica503.cl,+56 9 3671 8520,30,Tomás Bravo,2025-03-05,1200000
C0504,Mecánica El Faro EIRL,76937745-7,Mantención industrial,Santiago,Valentina Rodríguez,vrodriguez@mecanica504.cl,+56 9 4319 5889,30,Diego Navarro,2023-08-07,1000000
C0505,Inversiones Ñuble Ltda.,77329183-8,Fábrica,Rancagua,Daniela Rojas,drojas@inversiones505.cl,+56 9 4472 2692,30,Sofía Castro,2025-12-08,1000000
C0506,Servicios Industriales Río Claro SpA,77393009-K,Contratista,La Serena,Fernanda Díaz,fdiaz@servicios506.cl,+56 9 3356 3764,30,Tomás Bravo,2020-07-27,1500000
C0507,Maestranza Oriente EIRL,76659567-9,Contratista,La Serena,Constanza Contreras,ccontreras@maestranza507.cl,+56 9 4492 3200,30,Ignacio Reyes,2022-11-11,59900000
C0508,Ingeniería Pacífico Ltda.,77385558-2,Contratista,Puerto Montt,Patricio Espinoza,pespinoza@ingenieria508.cl,+56 9 5804 9976,30,Ignacio Reyes,2019-05-24,5000000
C0509,Servicios Industriales Mirador Ltda.,76033663-9,Taller,Talca,Sergio López,slopez@servicios509.cl,+56 9 4409 3608,30,Ignacio Reyes,2020-11-22,1400000
C0510,Comercial Ñuble EIRL,76531314-3,Mantención industrial,Concepción,Constanza Soto,csoto@comercial510.cl,+56 9 9694 3694,30,Diego Navarro,2021-06-04,5200000
C0511,Servicios Industriales Hermanos Pérez SpA,76245822-7,Taller,Rancagua,Camila Morales,cmorales@servicios511.cl,+56 9 9187 9205,30,Macarena Lagos,2026-08-14,1000000
C0512,Metalúrgica Santa Elena EIRL,76703256-1,Contratista,Temuco,Jorge Valenzuela,jvalenzuela@metalurgica512.cl,+56 9 1528 7397,30,Diego Navarro,2022-03-07,2000000
C0513,Taller Oriente Ltda.,77980749-0,Mantención industrial,Puerto Montt,Fernanda Flores,fflores@taller513.cl,+56 9 7284 5847,30,Macarena Lagos,2017-08-24,3300000
C0514,Estructuras Pacífico EIRL,77600939-6,Fábrica,Valparaíso,Daniela Torres,dtorres@estructuras514.cl,+56 9 5124 1169,30,Macarena Lagos,2024-11-30,2600000
C0515,Inversiones Mirador EIRL,76887434-4,Mantención industrial,Talca,Daniela Rojas,drojas@inversiones515.cl,+56 9 6057 1271,30,Sofía Castro,2024-08-22,7800000
C0516,Metalúrgica del Sur S.A.,77408589-6,Contratista,Antofagasta,Sergio González,sgonzalez@metalurgica516.cl,+56 9 7762 1268,30,Macarena Lagos,2021-07-17,4500000
C0517,Estructuras Cordillera Ltda.,76161948-4,Fábrica,Puerto Montt,Javiera Espinoza,jespinoza@estructuras517.cl,+56 9 7510 8505,30,Macarena Lagos,2018-08-07,6700000
C0518,Carpintería Tres Ríos SpA,77196349-6,Mantención industrial,Concepción,Cristián Contreras,ccontreras@carpinteria518.cl,+56 9 6659 9338,30,Tomás Bravo,2020-09-09,1200000
C0519,Obras Civiles Quillota EIRL,76892548-9,Fábrica,La Serena,Felipe Sepúlveda,fsepulveda@obras519.cl,+56 9 7790 6316,30,Sofía Castro,2018-10-26,8900000
C0520,Maestranza El Faro EIRL,77049400-3,Mantención industrial,Antofagasta,Camila Díaz,cdiaz@maestranza520.cl,+56 9 8820 1403,30,Diego Navarro,2025-05-16,22300000
C0521,Tornería Vargas S.A.,76198077-K,Taller,Valparaíso,Camila López,clopez@torneria521.cl,+56 9 6005 7380,30,Sofía Castro,2023-11-29,1000000
C0522,Transportes Hermanos Soto EIRL,76311495-4,Contratista,Antofagasta,Luis Rojas,lrojas@transportes522.cl,+56 9 8742 7754,30,Ignacio Reyes,2020-05-25,1000000
C0523,Mecánica Hermanos Pérez SpA,76976734-2,Mantención industrial,Temuco,Fernanda Muñoz,fmuñoz@mecanica523.cl,+56 9 4781 1184,30,Ignacio Reyes,2024-02-21,15400000
C0524,Comercial Díaz Ltda. SpA,77793984-9,Contratista,Concepción,Pedro Muñoz,pmuñoz@comercial524.cl,+56 9 4050 7340,30,Ignacio Reyes,2019-12-12,2300000
C0525,Estructuras Aconcagua S.A.,76618843-4,Mantención industrial,Antofagasta,Camila Rojas,crojas@estructuras525.cl,+56 9 2839 7224,30,Macarena Lagos,2024-11-28,16800000
C0526,Mecánica Talca Ltda.,76989645-1,Taller,Puerto Montt,Sergio González,sgonzalez@mecanica526.cl,+56 9 8991 7401,30,Tomás Bravo,2019-06-16,1700000
C0527,Obras Civiles Talca SpA,76166534-3,Contratista,Temuco,Valentina Martínez,vmartinez@obras527.cl,+56 9 2797 3475,30,Macarena Lagos,2023-04-17,17900000
C0528,Servicios Industriales La Colina S.A.,76388162-8,Fábrica,Antofagasta,Catalina Rojas,crojas@servicios528.cl,+56 9 9747 2484,30,Ignacio Reyes,2019-11-29,3400000
C0529,Mantención Mirador SpA,77173502-9,Mantención industrial,Rancagua,Manuel López,mlopez@mantención529.cl,+56 9 6494 2931,30,Tomás Bravo,2023-03-03,4000000
C0530,Plásticos Fuentes EIRL,77212996-7,Taller,Talca,Patricio González,pgonzalez@plasticos530.cl,+56 9 3691 7246,30,Ignacio Reyes,2025-05-07,20600000
C0531,Mecánica Rojas y Cía. Ltda.,76145640-6,Fábrica,Puerto Montt,Daniela Morales,dmorales@mecanica531.cl,+56 9 7555 6550,30,Diego Navarro,2025-04-26,1800000
C0532,Metalúrgica Vargas SpA,77798077-1,Mantención industrial,Antofagasta,Daniela Sepúlveda,dsepulveda@metalurgica532.cl,+56 9 1043 9599,30,Ignacio Reyes,2019-09-27,1000000
C0533,Obras Civiles Las Palmas EIRL,77976278-3,Fábrica,Concepción,Rodrigo Rodríguez,rrodriguez@obras533.cl,+56 9 9538 3817,30,Sofía Castro,2019-07-09,1700000
C0534,Transportes Santa Elena Ltda.,76421824-3,Contratista,Rancagua,Daniela Martínez,dmartinez@transportes534.cl,+56 9 5244 3160,30,Sofía Castro,2021-09-19,5100000
C0535,Maestranza Horizonte S.A.,77744681-0,Taller,Temuco,Constanza Valenzuela,cvalenzuela@maestranza535.cl,+56 9 4924 1831,30,Tomás Bravo,2023-01-11,1000000
C0536,Tornería Costa Azul EIRL,77573045-7,Contratista,Puerto Montt,Patricio Martínez,pmartinez@torneria536.cl,+56 9 5694 6041,30,Tomás Bravo,2022-03-01,6500000
C0537,Mecánica El Faro Ltda.,76585557-6,Mantención industrial,Puerto Montt,Andrea Araya,aaraya@mecanica537.cl,+56 9 6382 6697,30,Ignacio Reyes,2018-05-14,1500000
C0538,Mantención Monte Verde EIRL,77235562-1,Mantención industrial,Antofagasta,Camila Hernández,chernandez@mantención538.cl,+56 9 9954 8438,30,Ignacio Reyes,2025-11-11,12200000
C0539,Metalúrgica Fuentes Ltda.,76784343-1,Fábrica,Antofagasta,Cristián Espinoza,cespinoza@metalurgica539.cl,+56 9 4461 1027,30,Diego Navarro,2024-03-14,1000000
C0540,Montajes Las Palmas SpA,77524375-7,Fábrica,Antofagasta,Daniela Martínez,dmartinez@montajes540.cl,+56 9 4168 2330,30,Sofía Castro,2023-05-02,1100000
C0541,Transportes Buena Vista Ltda.,76549405-5,Mantención industrial,Talca,Javiera Rodríguez,jrodriguez@transportes541.cl,+56 9 2570 1910,30,Macarena Lagos,2019-06-16,1000000
C0542,Maestranza La Esperanza Ltda.,77649044-6,Contratista,Concepción,Catalina Fuentes,cfuentes@maestranza542.cl,+56 9 5466 6538,30,Sofía Castro,2018-03-12,1000000
C0543,Transportes del Sur Ltda.,77685325-2,Fábrica,Temuco,Javiera Torres,jtorres@transportes543.cl,+56 9 1293 9575,30,Tomás Bravo,2025-02-15,4000000
C0544,Montajes Quillota S.A.,76053144-2,Taller,Rancagua,Cristián Díaz,cdiaz@montajes544.cl,+56 9 4629 7711,30,Tomás Bravo,2025-01-06,2300000
C0545,Transportes Rojas y Cía. S.A.,76585978-4,Fábrica,Antofagasta,Manuel Morales,mmorales@transportes545.cl,+56 9 3364 4576,30,Diego Navarro,2017-08-26,2100000
C0546,Obras Civiles Mirador SpA,76662828-1,Fábrica,Rancagua,Carlos Fuentes,cfuentes@obras546.cl,+56 9 2880 2100,30,Diego Navarro,2024-01-22,2400000
C0547,Soldaduras Monte Verde SpA,76266276-7,Taller,La Serena,Sergio Torres,storres@soldaduras547.cl,+56 9 6162 4784,30,Diego Navarro,2021-08-14,3700000
C0548,Soldaduras Maule Ltda.,77664292-6,Mantención industrial,Valparaíso,Camila Morales,cmorales@soldaduras548.cl,+56 9 6223 2396,30,Ignacio Reyes,2022-08-10,1000000
C0549,Servicios Industriales San Pedro Ltda.,76625159-K,Fábrica,Talca,Rodrigo Morales,rmorales@servicios549.cl,+56 9 8440 3762,30,Diego Navarro,2024-07-17,7000000
C0550,Estructuras Talca EIRL,77472010-2,Taller,Concepción,Javiera Soto,jsoto@estructuras550.cl,+56 9 4855 1862,30,Sofía Castro,2020-01-23,6700000
C0551,Comercial Río Claro EIRL,76421022-1,Mantención industrial,Puerto Montt,Paula Díaz,pdiaz@comercial551.cl,+56 9 8813 8491,30,Ignacio Reyes,2026-04-21,4700000
C0552,Metalúrgica Altamira S.A.,77111190-9,Contratista,Valparaíso,Paula Martínez,pmartinez@metalurgica552.cl,+56 9 6109 6880,30,Macarena Lagos,2025-02-08,5800000
C0553,Soldaduras El Faro Ltda.,76649695-K,Contratista,Concepción,Francisca Hernández,fhernandez@soldaduras553.cl,+56 9 2532 7276,30,Diego Navarro,2025-02-08,4200000
C0554,Servicios Industriales Andina S.A.,77033919-7,Mantención industrial,Puerto Montt,Valentina Morales,vmorales@servicios554.cl,+56 9 7550 9534,30,Tomás Bravo,2023-04-30,37000000
C0555,Obras Civiles Ñuble Ltda.,76015946-9,Mantención industrial,La Serena,Catalina Soto,csoto@obras555.cl,+56 9 7512 1013,30,Diego Navarro,2025-02-16,2600000
C0556,Obras Civiles Punta Arenas SpA,77980986-3,Taller,Temuco,Constanza Flores,cflores@obras556.cl,+56 9 8762 7367,30,Tomás Bravo,2018-11-16,2000000
C0557,Inversiones Punta Arenas S.A.,76150702-2,Fábrica,Talca,Carlos Araya,caraya@inversiones557.cl,+56 9 1800 3707,30,Macarena Lagos,2025-06-23,1100000
C0558,Obras Civiles del Sur EIRL,77776624-0,Mantención industrial,Talca,Constanza Sepúlveda,csepulveda@obras558.cl,+56 9 1506 5895,30,Diego Navarro,2018-09-23,1000000
C0559,Ingeniería del Sur SpA,77469972-8,Mantención industrial,La Serena,Pedro Fuentes,pfuentes@ingenieria559.cl,+56 9 3112 5232,30,Sofía Castro,2021-03-18,1000000
C0560,Servicios Industriales Muñoz e Hijos EIRL,77535845-4,Taller,La Serena,Cristián Silva,csilva@servicios560.cl,+56 9 4835 3565,30,Sofía Castro,2019-03-15,1000000
C0561,Mantención Hermanos Pérez SpA,77772957-4,Mantención industrial,Rancagua,Francisca Flores,fflores@mantención561.cl,+56 9 5399 1252,30,Ignacio Reyes,2021-08-07,2700000
C0562,Servicios Industriales Valle Central SpA,77778581-9,Mantención industrial,Talca,Paula Hernández,phernandez@servicios562.cl,+56 9 9900 4608,30,Diego Navarro,2024-06-13,4400000
C0563,Transportes Santa Elena SpA,77144325-0,Taller,Concepción,Carlos Pérez,cperez@transportes563.cl,+56 9 8475 9504,30,Ignacio Reyes,2025-04-01,3100000
C0564,Soldaduras La Esperanza Ltda.,76581098-3,Taller,Concepción,Manuel González,mgonzalez@soldaduras564.cl,+56 9 5298 1884,30,Ignacio Reyes,2018-06-18,1100000
C0565,Transportes Los Pinos SpA,76224339-7,Fábrica,Temuco,Javiera Sepúlveda,jsepulveda@transportes565.cl,+56 9 6986 9266,30,Ignacio Reyes,2020-02-05,9000000
C0566,Fábrica de Muebles San Martín Ltda.,77526412-6,Taller,Puerto Montt,Andrea Martínez,amartinez@fabrica566.cl,+56 9 3369 8446,30,Macarena Lagos,2022-04-07,7300000
C0567,Servicios Industriales Santa Elena SpA,76122642-1,Contratista,La Serena,Cristián González,cgonzalez@servicios567.cl,+56 9 4298 4148,30,Macarena Lagos,2025-11-26,2400000
C0568,Plásticos Cordillera Ltda.,76529654-K,Fábrica,Antofagasta,Constanza López,clopez@plasticos568.cl,+56 9 5159 4851,30,Sofía Castro,2023-01-05,1300000
C0569,Constructora Quillota S.A.,77392457-K,Fábrica,Rancagua,Felipe Torres,ftorres@constructora569.cl,+56 9 3749 7891,30,Tomás Bravo,2023-08-18,5800000
C0570,Maestranza Aconcagua EIRL,77729750-2,Fábrica,Valparaíso,Rodrigo González,rgonzalez@maestranza570.cl,+56 9 4285 1366,30,Macarena Lagos,2024-06-13,3700000
C0571,Ingeniería del Sur S.A.,77612513-9,Contratista,Antofagasta,Patricio Torres,ptorres@ingenieria571.cl,+56 9 8848 2907,30,Ignacio Reyes,2020-10-09,1000000
C0572,Ingeniería Río Claro EIRL,77148692-5,Taller,Santiago,Luis Valenzuela,lvalenzuela@ingenieria572.cl,+56 9 2203 5067,30,Tomás Bravo,2020-01-11,2700000
C0573,Inversiones Vargas S.A.,77934250-3,Fábrica,Puerto Montt,Jorge Torres,jtorres@inversiones573.cl,+56 9 8628 1880,30,Tomás Bravo,2023-09-27,4000000
C0574,Plásticos Santa Elena S.A.,76873422-2,Fábrica,Santiago,Cristián Rodríguez,crodriguez@plasticos574.cl,+56 9 2355 6135,30,Macarena Lagos,2025-08-07,1000000
C0575,Obras Civiles Vargas EIRL,76227043-2,Fábrica,Antofagasta,Pedro Espinoza,pespinoza@obras575.cl,+56 9 1425 3659,30,Macarena Lagos,2019-06-22,3700000
C0576,Montajes Hermanos Soto Ltda.,76354544-2,Mantención industrial,Talca,Luis Araya,laraya@montajes576.cl,+56 9 9883 3425,30,Tomás Bravo,2025-04-21,1000000
C0577,Obras Civiles Tres Ríos EIRL,76670985-6,Contratista,Santiago,Carlos Araya,caraya@obras577.cl,+56 9 7731 1959,30,Diego Navarro,2025-01-31,15400000
C0578,Estructuras Hermanos Pérez Ltda.,77698686-K,Mantención industrial,Rancagua,Rodrigo Rojas,rrojas@estructuras578.cl,+56 9 6328 4088,30,Diego Navarro,2019-07-10,13800000
C0579,Transportes Quillota Ltda.,77688649-5,Mantención industrial,Antofagasta,Fernanda Sepúlveda,fsepulveda@transportes579.cl,+56 9 4232 6050,30,Ignacio Reyes,2025-07-31,2100000
C0580,Maestranza Del Valle S.A.,76612264-2,Taller,Rancagua,Andrea Pérez,aperez@maestranza580.cl,+56 9 6356 2773,30,Ignacio Reyes,2017-08-11,4600000
C0581,Transportes Santa Elena S.A.,77942285-K,Mantención industrial,Temuco,Andrea Espinoza,aespinoza@transportes581.cl,+56 9 3318 4566,30,Diego Navarro,2024-02-17,1000000
C0582,Tornería Vargas SpA,77007899-3,Taller,Santiago,Andrea Rodríguez,arodriguez@torneria582.cl,+56 9 2115 4518,30,Sofía Castro,2021-02-25,1000000
C0583,Transportes San Martín EIRL,77223688-8,Mantención industrial,Antofagasta,Andrea Rodríguez,arodriguez@transportes583.cl,+56 9 6367 2992,30,Ignacio Reyes,2019-03-24,2000000
C0584,Tornería La Esperanza S.A.,77383497-1,Contratista,Puerto Montt,Luis Sepúlveda,lsepulveda@torneria584.cl,+56 9 7776 5210,30,Ignacio Reyes,2025-10-31,1000000
C0585,Comercial Santa Elena Ltda.,76779715-8,Mantención industrial,Valparaíso,Patricio Soto,psoto@comercial585.cl,+56 9 8251 2831,30,Diego Navarro,2023-08-29,7100000
C0586,Hidráulica Cordillera Ltda.,77053489-6,Fábrica,Concepción,Camila Flores,cflores@hidraulica586.cl,+56 9 6002 7715,45,Diego Navarro,2023-04-02,35300000
C0587,Tornería Ñuble SpA,77745299-5,Fábrica,La Serena,Rodrigo Flores,rflores@torneria587.cl,+56 9 3967 5807,30,Macarena Lagos,2018-02-03,1000000
C0588,Carpintería Llanquihue Ltda.,77078803-4,Fábrica,Temuco,Cristián Flores,cflores@carpinteria588.cl,+56 9 7136 9176,30,Macarena Lagos,2017-09-29,1000000
C0589,Mecánica del Sur S.A.,76998813-0,Contratista,Talca,Francisca Valenzuela,fvalenzuela@mecanica589.cl,+56 9 4751 2772,30,Ignacio Reyes,2021-04-19,3900000
C0590,Fábrica de Muebles Andina SpA,77836676-8,Contratista,Valparaíso,Catalina Araya,caraya@fabrica590.cl,+56 9 5383 4135,60,Ignacio Reyes,2024-10-18,21800000
C0591,Inversiones Mirador SpA,76779464-3,Fábrica,Talca,Patricio Silva,psilva@inversiones591.cl,+56 9 3130 9789,30,Ignacio Reyes,2021-05-18,1000000
C0592,Carpintería Altamira Ltda.,76273973-7,Contratista,Temuco,Luis Morales,lmorales@carpinteria592.cl,+56 9 1606 8655,30,Diego Navarro,2018-02-04,4000000
C0593,Maestranza Hermanos Soto SpA,77526006-6,Taller,Santiago,Andrea Espinoza,aespinoza@maestranza593.cl,+56 9 2114 1884,60,Tomás Bravo,2024-01-22,28300000
C0594,Estructuras Buena Vista EIRL,77502272-K,Taller,La Serena,Paula Silva,psilva@estructuras594.cl,+56 9 7887 8539,30,Ignacio Reyes,2024-11-18,1000000
C0595,Soldaduras Del Valle S.A.,76306427-9,Contratista,Antofagasta,Rodrigo Flores,rflores@soldaduras595.cl,+56 9 9101 9357,30,Diego Navarro,2019-10-08,1000000
C0596,Ingeniería Buena Vista SpA,76212076-2,Fábrica,Valparaíso,Cristián Pérez,cperez@ingenieria596.cl,+56 9 1617 1500,30,Macarena Lagos,2020-01-17,1700000
C0597,Carpintería Los Álamos EIRL,77691933-6,Mantención industrial,Concepción,Felipe Rojas,frojas@carpinteria597.cl,+56 9 6684 3358,30,Sofía Castro,2019-07-06,1500000
C0598,Obras Civiles Hermanos Pérez Ltda.,76118260-4,Mantención industrial,Antofagasta,Daniela Rojas,drojas@obras598.cl,+56 9 8452 9026,30,Diego Navarro,2019-10-30,8000000
C0599,Taller Horizonte EIRL,77758527-5,Contratista,Antofagasta,Javiera Rodríguez,jrodriguez@taller599.cl,+56 9 6275 5214,30,Tomás Bravo,2023-01-18,3900000
C0600,Tornería Muñoz e Hijos S.A.,77843417-5,Mantención industrial,Concepción,Francisca Soto,fsoto@torneria600.cl,+56 9 7274 2714,30,Macarena Lagos,2017-11-20,1000000
C0601,Constructora El Faro Ltda.,76118409-1,Taller,Santiago,Valentina Pérez,vperez@constructora601.cl,+56 9 6287 2714,30,Sofía Castro,2020-04-07,5500000
C0602,Soldaduras Ñuble EIRL,76825304-3,Contratista,Rancagua,Carlos Morales,cmorales@soldaduras602.cl,+56 9 4933 7043,30,Diego Navarro,2019-07-10,1400000
C0603,Mantención Mirador EIRL,76760084-K,Taller,La Serena,Fernanda Pérez,fperez@mantención603.cl,+56 9 9978 5485,30,Diego Navarro,2024-05-13,14300000
C0604,Mantención Pacífico SpA,76012797-4,Contratista,Talca,Camila Muñoz,cmuñoz@mantención604.cl,+56 9 2821 7219,30,Ignacio Reyes,2021-04-13,1300000
C0605,Taller El Molino SpA,76675660-0,Fábrica,La Serena,Valentina Díaz,vdiaz@taller605.cl,+56 9 5331 8542,30,Sofía Castro,2021-01-08,1300000
C0606,Mecánica Central S.A.,76116192-9,Taller,Concepción,Rodrigo Torres,rtorres@mecanica606.cl,+56 9 1441 5337,30,Sofía Castro,2022-05-20,5700000
C0607,Constructora Aconcagua SpA,77701001-6,Contratista,Santiago,Rodrigo Torres,rtorres@constructora607.cl,+56 9 6246 7811,30,Tomás Bravo,2020-11-28,7500000
C0608,Estructuras Monte Verde SpA,76690558-4,Taller,Talca,Daniela Araya,daraya@estructuras608.cl,+56 9 6915 6592,30,Macarena Lagos,2019-10-24,5100000
C0609,Metalúrgica Quillota SpA,76378481-5,Mantención industrial,Concepción,Daniela Pérez,dperez@metalurgica609.cl,+56 9 6773 3568,30,Ignacio Reyes,2019-03-30,1000000
C0610,Mecánica Del Valle Ltda.,77597048-9,Contratista,La Serena,Javiera Silva,jsilva@mecanica610.cl,+56 9 6622 9519,30,Tomás Bravo,2021-04-19,5700000
C0611,Tornería San Pedro EIRL,76050275-3,Contratista,Puerto Montt,Catalina Pérez,cperez@torneria611.cl,+56 9 6455 7998,30,Sofía Castro,2024-11-05,1000000
C0612,Inversiones Punta Arenas Ltda.,76209201-K,Contratista,Antofagasta,Javiera Pérez,jperez@inversiones612.cl,+56 9 3458 8597,30,Ignacio Reyes,2021-05-19,3900000
C0613,Obras Civiles Llanquihue S.A.,77952878-2,Taller,Antofagasta,Camila Morales,cmorales@obras613.cl,+56 9 8856 5992,30,Macarena Lagos,2020-02-24,1000000
C0614,Hidráulica Punta Arenas EIRL,76662003-3,Taller,Concepción,Felipe Pérez,fperez@hidraulica614.cl,+56 9 1813 4588,30,Sofía Castro,2020-11-07,5100000
C0615,Tornería Rancagua Ltda.,76364384-3,Taller,Antofagasta,Fernanda Silva,fsilva@torneria615.cl,+56 9 2995 1134,30,Ignacio Reyes,2019-09-13,1100000
C0616,Transportes Oriente Ltda.,77798857-3,Taller,La Serena,Camila Contreras,ccontreras@transportes616.cl,+56 9 8446 4419,30,Ignacio Reyes,2020-11-04,1000000
C0617,Montajes La Colina Ltda.,77921607-1,Contratista,Temuco,Pedro Contreras,pcontreras@montajes617.cl,+56 9 6321 3662,30,Diego Navarro,2022-12-01,7100000
C0618,Transportes Vargas SpA,77454263-6,Mantención industrial,Santiago,Manuel Silva,msilva@transportes618.cl,+56 9 5015 8534,30,Diego Navarro,2018-08-23,3900000
C0619,Mecánica Costa Azul EIRL,76071667-9,Taller,Puerto Montt,Fernanda Espinoza,fespinoza@mecanica619.cl,+56 9 7509 4329,30,Ignacio Reyes,2021-06-11,1300000
C0620,Plásticos Maule S.A.,76529587-8,Mantención industrial,Santiago,Daniela Araya,daraya@plasticos620.cl,+56 9 4313 3973,30,Diego Navarro,2025-04-05,17800000
C0621,Mecánica Del Valle S.A.,77565541-7,Mantención industrial,Talca,Pedro Sepúlveda,psepulveda@mecanica621.cl,+56 9 2286 4381,30,Tomás Bravo,2024-02-06,1700000
C0622,Plásticos Río Claro EIRL,76321218-0,Contratista,Temuco,Francisca Valenzuela,fvalenzuela@plasticos622.cl,+56 9 4360 9267,30,Macarena Lagos,2017-12-28,3000000
C0623,Servicios Industriales Talca Ltda.,76763400-5,Mantención industrial,Santiago,Cristián Fuentes,cfuentes@servicios623.cl,+56 9 5545 9870,30,Sofía Castro,2023-10-05,4100000
C0624,Plásticos Talca Ltda.,77889414-4,Fábrica,Concepción,Manuel Rojas,mrojas@plasticos624.cl,+56 9 1951 3032,30,Ignacio Reyes,2022-12-02,1300000
C0625,Estructuras San Martín EIRL,76074168-2,Mantención industrial,Puerto Montt,Sergio Valenzuela,svalenzuela@estructuras625.cl,+56 9 8340 8697,30,Macarena Lagos,2025-11-27,5200000
C0626,Constructora Río Claro SpA,77672771-2,Contratista,Concepción,Patricio Pérez,pperez@constructora626.cl,+56 9 7951 8211,30,Ignacio Reyes,2019-02-21,1500000
C0627,Hidráulica Punta Arenas SpA,77146963-K,Contratista,Valparaíso,Manuel Sepúlveda,msepulveda@hidraulica627.cl,+56 9 1997 9310,30,Sofía Castro,2020-09-20,1700000
C0628,Comercial del Sur SpA,77802527-7,Mantención industrial,Puerto Montt,Carlos Hernández,chernandez@comercial628.cl,+56 9 9630 2684,30,Ignacio Reyes,2022-05-26,16000000
C0629,Tornería Poniente Ltda.,76384987-K,Mantención industrial,Temuco,Pedro Espinoza,pespinoza@torneria629.cl,+56 9 1458 9696,30,Macarena Lagos,2018-02-28,1000000
C0630,Plásticos San Martín S.A.,77863483-4,Contratista,Santiago,Daniela Flores,dflores@plasticos630.cl,+56 9 8952 6838,30,Sofía Castro,2021-06-04,1000000
C0631,Inversiones Los Álamos SpA,77982946-0,Fábrica,Antofagasta,Andrea Pérez,aperez@inversiones631.cl,+56 9 5969 6781,30,Ignacio Reyes,2023-12-13,21800000
C0632,Constructora Cordillera EIRL,77493415-K,Fábrica,Puerto Montt,Camila Soto,csoto@constructora632.cl,+56 9 8374 7106,60,Sofía Castro,2021-08-13,70400000
C0633,Plásticos Talca SpA,76395735-4,Fábrica,Antofagasta,Andrea Rojas,arojas@plasticos633.cl,+56 9 1304 6645,30,Macarena Lagos,2020-02-12,1800000
C0634,Taller Buena Vista S.A.,77545229-2,Taller,Talca,Francisca Torres,ftorres@taller634.cl,+56 9 9553 5475,30,Tomás Bravo,2018-12-05,1000000
C0635,Mantención La Colina Ltda.,77432581-0,Taller,Puerto Montt,Pedro Valenzuela,pvalenzuela@mantención635.cl,+56 9 3494 8605,30,Ignacio Reyes,2025-03-27,2000000
C0636,Hidráulica Hermanos Soto SpA,77197779-9,Fábrica,Concepción,Felipe Araya,faraya@hidraulica636.cl,+56 9 9462 6930,30,Diego Navarro,2018-01-18,2000000
C0637,Carpintería Poniente EIRL,76112316-9,Contratista,Talca,Constanza Soto,csoto@carpinteria637.cl,+56 9 5791 8024,30,Sofía Castro,2020-06-12,2300000
C0638,Metalúrgica Horizonte S.A.,77761072-3,Mantención industrial,La Serena,Manuel Díaz,mdiaz@metalurgica638.cl,+56 9 5162 7142,30,Ignacio Reyes,2022-04-04,1000000
C0639,Fábrica de Muebles Monte Verde Ltda.,77744238-4,Fábrica,Valparaíso,Carlos Contreras,ccontreras@fabrica639.cl,+56 9 2074 3286,30,Tomás Bravo,2024-11-18,6000000
C0640,Fábrica de Muebles Altamira S.A.,77404200-5,Fábrica,Temuco,Camila Contreras,ccontreras@fabrica640.cl,+56 9 3094 3853,30,Macarena Lagos,2018-11-13,5600000
C0641,Constructora Muñoz e Hijos Ltda.,76720365-K,Mantención industrial,Puerto Montt,Constanza Pérez,cperez@constructora641.cl,+56 9 2312 1188,30,Tomás Bravo,2023-10-29,1000000
C0642,Plásticos La Colina S.A.,77829369-9,Fábrica,Puerto Montt,Sergio Sepúlveda,ssepulveda@plasticos642.cl,+56 9 5936 9952,30,Diego Navarro,2023-12-03,7000000
C0643,Metalúrgica Los Pinos SpA,76702957-2,Fábrica,Santiago,Valentina Rojas,vrojas@metalurgica643.cl,+56 9 2468 4585,45,Tomás Bravo,2021-02-01,37800000
C0644,Carpintería Hermanos Soto EIRL,77616257-1,Fábrica,Antofagasta,Camila Valenzuela,cvalenzuela@carpinteria644.cl,+56 9 4312 7943,30,Ignacio Reyes,2020-07-30,3600000
C0645,Montajes La Colina S.A.,76583624-5,Mantención industrial,Talca,Constanza Silva,csilva@montajes645.cl,+56 9 9208 4907,30,Sofía Castro,2024-06-10,1900000
C0646,Mantención Punta Arenas Ltda.,77925396-0,Contratista,Valparaíso,Paula Rodríguez,prodriguez@mantención646.cl,+56 9 9219 1445,30,Macarena Lagos,2018-05-01,2400000
C0647,Mantención Andina EIRL,77894754-3,Fábrica,Temuco,Sergio Pérez,sperez@mantención647.cl,+56 9 8460 3294,30,Diego Navarro,2020-07-15,6300000
C0648,Soldaduras Costa Azul Ltda.,77076481-K,Contratista,Rancagua,Paula Araya,paraya@soldaduras648.cl,+56 9 6580 6547,30,Ignacio Reyes,2020-06-21,1000000
C0649,Plásticos El Molino S.A.,77028001-0,Taller,Antofagasta,Carlos Sepúlveda,csepulveda@plasticos649.cl,+56 9 7213 5738,30,Macarena Lagos,2025-07-15,3600000
C0650,Metalúrgica Rancagua SpA,76070563-3,Contratista,Talca,Pedro Morales,pmorales@metalurgica650.cl,+56 9 9621 9182,30,Tomás Bravo,2020-11-27,1800000
C0651,Obras Civiles Costa Azul EIRL,76349178-2,Contratista,Talca,Paula Martínez,pmartinez@obras651.cl,+56 9 8032 2289,30,Ignacio Reyes,2022-08-08,29300000
C0652,Metalúrgica Hermanos Pérez S.A.,76659719-5,Fábrica,Talca,Pedro Flores,pflores@metalurgica652.cl,+56 9 1111 8262,30,Sofía Castro,2021-07-11,2300000
C0653,Soldaduras Rancagua Ltda.,76632505-4,Fábrica,Puerto Montt,Camila Rojas,crojas@soldaduras653.cl,+56 9 5564 1000,60,Macarena Lagos,2022-02-12,23400000
C0654,Constructora Valle Central S.A.,77039161-1,Mantención industrial,Santiago,Constanza Muñoz,cmuñoz@constructora654.cl,+56 9 4057 8472,30,Ignacio Reyes,2023-08-22,1000000
C0655,Hidráulica Altamira Ltda.,76275649-K,Mantención industrial,Antofagasta,Fernanda Espinoza,fespinoza@hidraulica655.cl,+56 9 5747 8984,30,Tomás Bravo,2022-08-14,6100000
C0656,Fábrica de Muebles Santa Elena S.A.,76093250-2,Taller,Temuco,Manuel Espinoza,mespinoza@fabrica656.cl,+56 9 9728 4998,30,Ignacio Reyes,2026-08-15,4300000
C0657,Plásticos Punta Arenas EIRL,77231229-3,Contratista,Talca,Constanza Silva,csilva@plasticos657.cl,+56 9 3876 9439,30,Tomás Bravo,2023-04-12,1000000
C0658,Mecánica Las Palmas SpA,77100270-7,Taller,Valparaíso,Rodrigo Hernández,rhernandez@mecanica658.cl,+56 9 5889 3181,30,Macarena Lagos,2021-08-11,3600000
C0659,Maestranza Monte Verde EIRL,76218143-4,Fábrica,Concepción,Manuel Soto,msoto@maestranza659.cl,+56 9 6793 7824,30,Diego Navarro,2017-12-11,13200000
C0660,Maestranza Altamira S.A.,76651560-K,Taller,Talca,Rodrigo Flores,rflores@maestranza660.cl,+56 9 3566 5938,30,Diego Navarro,2020-01-14,1900000
C0661,Plásticos Altamira EIRL,77984928-3,Contratista,Temuco,Daniela Valenzuela,dvalenzuela@plasticos661.cl,+56 9 1225 3144,30,Macarena Lagos,2023-07-15,1000000
C0662,Taller San Pedro Ltda.,76510763-6,Fábrica,Puerto Montt,Patricio Fuentes,pfuentes@taller662.cl,+56 9 5173 8855,30,Sofía Castro,2025-06-01,2800000
C0663,Servicios Industriales Díaz Ltda. S.A.,77631682-1,Mantención industrial,Antofagasta,Patricio Torres,ptorres@servicios663.cl,+56 9 6558 6536,30,Diego Navarro,2020-02-26,1000000
C0664,Maestranza Ñuble Ltda.,76230817-1,Taller,La Serena,Francisca López,flopez@maestranza664.cl,+56 9 7719 3232,30,Tomás Bravo,2021-06-20,1900000
C0665,Transportes Muñoz e Hijos S.A.,77353755-2,Taller,Concepción,Luis Contreras,lcontreras@transportes665.cl,+56 9 6434 3907,30,Sofía Castro,2022-06-13,2600000
C0666,Plásticos Llanquihue SpA,76953021-9,Mantención industrial,Rancagua,Cristián Valenzuela,cvalenzuela@plasticos666.cl,+56 9 1371 7533,30,Sofía Castro,2024-11-09,1000000
C0667,Fábrica de Muebles Punta Arenas SpA,76917166-1,Taller,Puerto Montt,Javiera Rodríguez,jrodriguez@fabrica667.cl,+56 9 6894 1723,30,Macarena Lagos,2017-07-29,1000000
C0668,Estructuras Quillota S.A.,76754447-5,Taller,Talca,Carlos Flores,cflores@estructuras668.cl,+56 9 1142 6927,30,Ignacio Reyes,2021-02-18,5300000
C0669,Ingeniería Buena Vista EIRL,77280663-6,Mantención industrial,La Serena,Rodrigo López,rlopez@ingenieria669.cl,+56 9 7758 5280,30,Diego Navarro,2018-12-12,1500000
C0670,Comercial Díaz Ltda. Ltda.,76740299-3,Mantención industrial,Antofagasta,Constanza Pérez,cperez@comercial670.cl,+56 9 5906 2426,30,Macarena Lagos,2020-08-17,1000000
C0671,Inversiones Bellavista Ltda.,76523193-1,Taller,Concepción,Jorge González,jgonzalez@inversiones671.cl,+56 9 7269 8208,30,Macarena Lagos,2018-09-07,7800000
C0672,Hidráulica Valle Central S.A.,77858162-7,Mantención industrial,Concepción,Jorge Fuentes,jfuentes@hidraulica672.cl,+56 9 2100 2241,30,Macarena Lagos,2018-02-20,4100000
C0673,Mantención Buena Vista EIRL,76761655-3,Contratista,La Serena,Cristián Rodríguez,crodriguez@mantención673.cl,+56 9 1234 3582,30,Diego Navarro,2018-11-14,1200000
C0674,Metalúrgica Rancagua EIRL,76709979-4,Mantención industrial,Puerto Montt,Daniela Araya,daraya@metalurgica674.cl,+56 9 1690 7498,30,Diego Navarro,2024-02-01,1000000
C0675,Estructuras Pacífico S.A.,76705603-5,Taller,Temuco,Patricio Torres,ptorres@estructuras675.cl,+56 9 1035 6417,30,Ignacio Reyes,2022-01-18,8300000
C0676,Inversiones Del Valle SpA,77734097-1,Taller,Rancagua,Manuel Araya,maraya@inversiones676.cl,+56 9 4008 2841,30,Macarena Lagos,2024-04-27,4500000
C0677,Taller Fuentes SpA,76400317-5,Taller,Temuco,Fernanda Muñoz,fmuñoz@taller677.cl,+56 9 5059 1784,30,Macarena Lagos,2022-05-25,57100000
C0678,Mantención Oriente SpA,77709362-4,Fábrica,Concepción,Javiera Rodríguez,jrodriguez@mantención678.cl,+56 9 7908 6734,30,Ignacio Reyes,2026-07-31,4900000
C0679,Tornería Punta Arenas SpA,77560429-9,Contratista,Santiago,Andrea Torres,atorres@torneria679.cl,+56 9 6872 8766,30,Tomás Bravo,2024-08-28,4700000
C0680,Tornería Andina SpA,77636515-2,Taller,Talca,Constanza Rojas,crojas@torneria680.cl,+56 9 3658 7596,30,Tomás Bravo,2018-03-30,2400000
C0681,Inversiones Hermanos Pérez SpA,76992049-0,Taller,Concepción,Felipe Martínez,fmartinez@inversiones681.cl,+56 9 1798 4331,30,Diego Navarro,2022-05-12,8100000
C0682,Inversiones Díaz Ltda. EIRL,77873468-4,Contratista,Temuco,Valentina Soto,vsoto@inversiones682.cl,+56 9 9481 6115,30,Sofía Castro,2017-12-09,6400000
C0683,Taller Norte Grande Ltda.,76872581-6,Contratista,Temuco,Constanza Fuentes,cfuentes@taller683.cl,+56 9 4700 8527,30,Sofía Castro,2020-03-29,13900000
C0684,Comercial Rancagua SpA,77044753-1,Taller,Concepción,Andrea Martínez,amartinez@comercial684.cl,+56 9 5110 7349,30,Macarena Lagos,2019-07-18,1500000
C0685,Mecánica Oriente SpA,76981179-3,Mantención industrial,La Serena,Constanza Flores,cflores@mecanica685.cl,+56 9 1284 1916,30,Macarena Lagos,2024-06-30,1700000
C0686,Montajes Norte Grande EIRL,76924175-7,Mantención industrial,Antofagasta,Carlos Sepúlveda,csepulveda@montajes686.cl,+56 9 6527 8233,30,Diego Navarro,2023-10-12,1600000
C0687,Hidráulica Hermanos Pérez SpA,77573195-4,Taller,Talca,Rodrigo Martínez,rmartinez@hidraulica687.cl,+56 9 6993 1464,30,Diego Navarro,2022-10-24,7800000
C0688,Mecánica Maule Ltda.,76605320-8,Fábrica,Concepción,Patricio Contreras,pcontreras@mecanica688.cl,+56 9 8978 9289,30,Tomás Bravo,2019-01-03,18900000
C0689,Obras Civiles del Sur S.A.,77056012-6,Taller,Puerto Montt,Luis González,lgonzalez@obras689.cl,+56 9 5435 3803,30,Ignacio Reyes,2019-05-21,1600000
C0690,Constructora Andina S.A.,76172563-K,Contratista,Valparaíso,Andrea Valenzuela,avalenzuela@constructora690.cl,+56 9 3439 2216,30,Ignacio Reyes,2026-04-19,1700000
C0691,Taller Hermanos Soto Ltda.,76599511-2,Taller,Concepción,Cristián Espinoza,cespinoza@taller691.cl,+56 9 2777 4387,30,Tomás Bravo,2018-09-02,4300000
C0692,Plásticos La Esperanza EIRL,77116019-2,Taller,Talca,Rodrigo Martínez,rmartinez@plasticos692.cl,+56 9 8406 9224,30,Ignacio Reyes,2018-05-02,2100000
C0693,Mecánica El Molino SpA,76702000-4,Contratista,Temuco,Andrea Martínez,amartinez@mecanica693.cl,+56 9 8896 9183,30,Ignacio Reyes,2017-11-12,9600000
C0694,Transportes Santa Elena EIRL,76702005-1,Contratista,Puerto Montt,Camila Torres,ctorres@transportes694.cl,+56 9 3054 6257,30,Macarena Lagos,2026-03-15,1000000
C0695,Comercial Hermanos Pérez S.A.,77801239-1,Taller,Valparaíso,Manuel Martínez,mmartinez@comercial695.cl,+56 9 6140 2343,30,Ignacio Reyes,2022-03-27,1000000
C0696,Carpintería Mirador EIRL,77428241-2,Taller,Santiago,Carlos Torres,ctorres@carpinteria696.cl,+56 9 6042 4108,30,Macarena Lagos,2022-11-19,1100000
C0697,Montajes Norte Grande SpA,76119499-0,Mantención industrial,Temuco,Cristián Espinoza,cespinoza@montajes697.cl,+56 9 3596 7023,30,Macarena Lagos,2023-09-16,1000000
C0698,Metalúrgica El Molino EIRL,77986783-8,Fábrica,Antofagasta,Paula Espinoza,pespinoza@metalurgica698.cl,+56 9 1741 6298,30,Tomás Bravo,2021-08-19,1000000
C0699,Mecánica Los Álamos S.A.,77666607-5,Taller,Temuco,Valentina Flores,vflores@mecanica699.cl,+56 9 8988 5890,30,Tomás Bravo,2020-07-18,1000000
C0700,Comercial Las Palmas S.A.,77397906-4,Mantención industrial,Valparaíso,Cristián Contreras,ccontreras@comercial700.cl,+56 9 5688 2663,30,Tomás Bravo,2022-03-09,2300000
C0701,Comercial Valle Central S.A.,76483104-9,Contratista,Temuco,Pedro González,pgonzalez@comercial701.cl,+56 9 5179 6535,30,Macarena Lagos,2023-12-20,11700000
C0702,Taller Llanquihue SpA,76498849-7,Taller,Santiago,Constanza Flores,cflores@taller702.cl,+56 9 8405 4399,30,Tomás Bravo,2024-01-21,2100000
C0703,Mantención Maule Ltda.,77426346-1,Taller,Concepción,Patricio Silva,psilva@mantención703.cl,+56 9 7448 8434,30,Macarena Lagos,2019-06-28,1000000
C0704,Metalúrgica Oriente S.A.,77983935-0,Contratista,Santiago,Daniela Pérez,dperez@metalurgica704.cl,+56 9 6173 3581,30,Tomás Bravo,2018-08-27,2700000
C0705,Maestranza Maule Ltda.,76529630-1,Taller,Temuco,Patricio Rojas,projas@maestranza705.cl,+56 9 3619 8455,30,Diego Navarro,2018-07-02,10800000
C0706,Tornería El Faro S.A.,76678681-5,Mantención industrial,Antofagasta,Pedro Fuentes,pfuentes@torneria706.cl,+56 9 7563 9300,30,Ignacio Reyes,2019-03-05,1000000
C0707,Fábrica de Muebles Los Pinos S.A.,76009987-5,Taller,Valparaíso,Patricio Soto,psoto@fabrica707.cl,+56 9 6980 2528,30,Tomás Bravo,2026-06-01,1000000
C0708,Inversiones La Colina Ltda.,76134080-2,Mantención industrial,Rancagua,Valentina Flores,vflores@inversiones708.cl,+56 9 9936 2595,30,Diego Navarro,2022-04-03,5800000
C0709,Tornería El Molino Ltda.,76468169-1,Taller,Santiago,Carlos Torres,ctorres@torneria709.cl,+56 9 8324 4541,30,Sofía Castro,2019-08-13,2200000
C0710,Taller Muñoz e Hijos SpA,76134436-2,Contratista,Concepción,Javiera Torres,jtorres@taller710.cl,+56 9 5075 9198,30,Tomás Bravo,2018-02-17,6500000
C0711,Mantención Ñuble EIRL,76417386-9,Taller,Concepción,Daniela Soto,dsoto@mantención711.cl,+56 9 4549 4681,30,Macarena Lagos,2026-05-11,2900000
C0712,Tornería San Martín SpA,77074673-0,Contratista,Rancagua,Valentina Fuentes,vfuentes@torneria712.cl,+56 9 1953 7863,30,Ignacio Reyes,2023-11-01,7000000
C0713,Mantención Cordillera SpA,76629881-3,Mantención industrial,Rancagua,Catalina Araya,caraya@mantención713.cl,+56 9 8565 7206,30,Tomás Bravo,2022-06-12,1000000
C0714,Constructora Santa Elena S.A.,77824946-7,Contratista,Concepción,Jorge Torres,jtorres@constructora714.cl,+56 9 4546 6088,30,Ignacio Reyes,2023-09-02,2900000
C0715,Montajes San Pedro EIRL,76366387-0,Contratista,Concepción,Andrea Díaz,adiaz@montajes715.cl,+56 9 5424 6066,30,Ignacio Reyes,2019-02-12,2200000
C0716,Transportes Central S.A.,76781807-7,Fábrica,La Serena,Luis Silva,lsilva@transportes716.cl,+56 9 9055 6465,30,Sofía Castro,2025-02-05,1000000
C0717,Fábrica de Muebles El Faro S.A.,77478202-1,Contratista,La Serena,Rodrigo Silva,rsilva@fabrica717.cl,+56 9 6172 4503,30,Sofía Castro,2021-11-14,1000000
C0718,Mecánica El Faro S.A.,76603582-7,Taller,La Serena,Constanza Espinoza,cespinoza@mecanica718.cl,+56 9 6527 6101,30,Sofía Castro,2022-01-12,6900000
C0719,Comercial Hermanos Pérez EIRL,76570393-5,Contratista,Temuco,Camila López,clopez@comercial719.cl,+56 9 4587 5480,30,Sofía Castro,2021-10-31,1900000
C0720,Estructuras La Esperanza Ltda.,76618583-0,Taller,Talca,Rodrigo Pérez,rperez@estructuras720.cl,+56 9 6237 3038,30,Sofía Castro,2026-01-30,1000000
C0721,Maestranza Maule EIRL,76243098-5,Contratista,Talca,Javiera Soto,jsoto@maestranza721.cl,+56 9 5248 8055,30,Diego Navarro,2019-01-08,2600000
C0722,Servicios Industriales Rojas y Cía. Ltda.,77389386-3,Taller,La Serena,Patricio Flores,pflores@servicios722.cl,+56 9 7710 1593,30,Diego Navarro,2022-11-23,11900000
C0723,Transportes Los Pinos EIRL,77308500-0,Mantención industrial,Rancagua,Manuel Martínez,mmartinez@transportes723.cl,+56 9 8204 6245,30,Sofía Castro,2018-09-23,1000000
C0724,Fábrica de Muebles Buena Vista Ltda.,76546127-9,Taller,La Serena,Patricio Pérez,pperez@fabrica724.cl,+56 9 2381 1777,30,Ignacio Reyes,2020-12-06,1000000
C0725,Constructora Oriente S.A.,77330368-6,Mantención industrial,Valparaíso,Javiera Araya,jaraya@constructora725.cl,+56 9 3567 8052,30,Macarena Lagos,2019-08-29,1000000
C0726,Transportes Aconcagua S.A.,76720266-6,Contratista,Concepción,Catalina González,cgonzalez@transportes726.cl,+56 9 3148 7680,30,Tomás Bravo,2020-03-17,18100000
C0727,Metalúrgica Oriente SpA,76341572-9,Taller,Temuco,Camila Hernández,chernandez@metalurgica727.cl,+56 9 3295 5373,30,Macarena Lagos,2021-07-06,4100000
C0728,Inversiones Altamira Ltda.,76331917-K,Taller,Valparaíso,Valentina Hernández,vhernandez@inversiones728.cl,+56 9 9536 4497,30,Macarena Lagos,2022-07-27,7600000
C0729,Fábrica de Muebles Del Valle S.A.,76121064-4,Contratista,Valparaíso,Francisca Fuentes,ffuentes@fabrica729.cl,+56 9 8880 3116,30,Diego Navarro,2017-08-23,1000000
C0730,Fábrica de Muebles Los Álamos SpA,76992033-6,Fábrica,Temuco,Andrea Díaz,adiaz@fabrica730.cl,+56 9 8872 2611,30,Diego Navarro,2024-04-27,1000000
C0731,Constructora Tres Ríos SpA,77602226-1,Contratista,Concepción,Camila Flores,cflores@constructora731.cl,+56 9 8376 5887,30,Tomás Bravo,2025-05-29,5100000
C0732,Ingeniería Llanquihue S.A.,77887445-3,Contratista,Antofagasta,Constanza Espinoza,cespinoza@ingenieria732.cl,+56 9 4539 9422,30,Tomás Bravo,2018-08-03,3100000
C0733,Montajes Central EIRL,77702979-1,Fábrica,Antofagasta,Felipe Muñoz,fmuñoz@montajes733.cl,+56 9 7198 7058,30,Macarena Lagos,2021-05-03,5800000
C0734,Transportes Llanquihue SpA,76049557-5,Taller,Rancagua,Manuel Valenzuela,mvalenzuela@transportes734.cl,+56 9 4490 7574,30,Macarena Lagos,2019-01-24,2300000
C0735,Taller San Martín EIRL,77119131-1,Taller,Concepción,Camila Sepúlveda,csepulveda@taller735.cl,+56 9 7385 1195,30,Tomás Bravo,2021-11-10,4100000
C0736,Maestranza Vargas Ltda.,77015449-3,Taller,Talca,Constanza Pérez,cperez@maestranza736.cl,+56 9 9031 3799,30,Macarena Lagos,2023-10-20,3500000
C0737,Obras Civiles Valle Central EIRL,76704757-7,Taller,Talca,Valentina Fuentes,vfuentes@obras737.cl,+56 9 2533 6025,30,Sofía Castro,2020-06-10,7700000
C0738,Taller Andina Ltda.,77602238-6,Fábrica,Antofagasta,Sergio Morales,smorales@taller738.cl,+56 9 9746 1662,30,Macarena Lagos,2023-08-29,8000000
C0739,Plásticos Punta Arenas Ltda.,76601424-4,Contratista,Temuco,Francisca Soto,fsoto@plasticos739.cl,+56 9 3246 8444,30,Tomás Bravo,2024-07-14,1000000
C0740,Soldaduras Los Álamos Ltda.,76059476-7,Contratista,Concepción,Valentina Sepúlveda,vsepulveda@soldaduras740.cl,+56 9 8744 9652,30,Diego Navarro,2023-10-30,1000000
C0741,Soldaduras Las Palmas Ltda.,76665710-3,Taller,Santiago,Jorge Soto,jsoto@soldaduras741.cl,+56 9 5528 5733,30,Tomás Bravo,2017-08-12,10200000
C0742,Carpintería Valle Central EIRL,76808306-2,Contratista,Puerto Montt,Felipe Rodríguez,frodriguez@carpinteria742.cl,+56 9 1109 4804,30,Ignacio Reyes,2021-02-22,12800000
C0743,Estructuras Ñuble Ltda.,77033779-1,Taller,La Serena,Catalina Sepúlveda,csepulveda@estructuras743.cl,+56 9 5610 9302,30,Macarena Lagos,2026-01-26,1000000
C0744,Inversiones Maule SpA,76503415-8,Fábrica,Talca,Jorge González,jgonzalez@inversiones744.cl,+56 9 4197 7007,30,Macarena Lagos,2022-05-02,1000000
C0745,Carpintería Ñuble SpA,76856803-0,Contratista,Puerto Montt,Paula Torres,ptorres@carpinteria745.cl,+56 9 2511 3289,30,Ignacio Reyes,2019-08-24,3300000
C0746,Soldaduras Andina EIRL,77685861-7,Fábrica,Valparaíso,Fernanda Silva,fsilva@soldaduras746.cl,+56 9 8061 3770,30,Tomás Bravo,2024-07-23,9300000
C0747,Constructora Hermanos Soto Ltda.,76319389-3,Fábrica,Rancagua,Patricio Araya,paraya@constructora747.cl,+56 9 4540 5659,60,Ignacio Reyes,2018-05-30,27500000
C0748,Taller Llanquihue EIRL,77797654-6,Contratista,Temuco,Luis Araya,laraya@taller748.cl,+56 9 1024 7367,30,Tomás Bravo,2023-03-29,5500000
C0749,Estructuras Altamira Ltda.,76395603-6,Fábrica,Santiago,Javiera Rodríguez,jrodriguez@estructuras749.cl,+56 9 5994 1305,30,Tomás Bravo,2022-12-14,1800000
C0750,Plásticos Quillota S.A.,77104446-6,Mantención industrial,Talca,Pedro Hernández,phernandez@plasticos750.cl,+56 9 3448 6339,30,Sofía Castro,2021-12-05,1000000
C0751,Hidráulica La Colina Ltda.,77598814-1,Contratista,Rancagua,Patricio Valenzuela,pvalenzuela@hidraulica751.cl,+56 9 2633 1513,30,Tomás Bravo,2021-05-13,2900000
C0752,Taller Talca EIRL,76513789-6,Fábrica,La Serena,Luis González,lgonzalez@taller752.cl,+56 9 7359 1839,30,Sofía Castro,2020-12-28,2000000
C0753,Obras Civiles Maule Ltda.,77979666-6,Fábrica,Puerto Montt,Pedro Soto,psoto@obras753.cl,+56 9 1837 3716,30,Macarena Lagos,2018-10-21,1000000
C0754,Transportes Quillota EIRL,77067128-0,Contratista,Talca,Daniela González,dgonzalez@transportes754.cl,+56 9 2574 2917,60,Tomás Bravo,2019-06-14,37600000
C0755,Transportes Horizonte SpA,77721789-7,Contratista,Santiago,Javiera Soto,jsoto@transportes755.cl,+56 9 4244 5264,30,Ignacio Reyes,2019-04-22,27100000
C0756,Montajes Poniente S.A.,76353854-9,Mantención industrial,La Serena,Fernanda Rodríguez,frodriguez@montajes756.cl,+56 9 2856 7969,30,Tomás Bravo,2024-02-25,12000000
C0757,Transportes Vargas S.A.,77541622-9,Taller,Talca,Valentina Araya,varaya@transportes757.cl,+56 9 5472 9909,30,Sofía Castro,2025-05-27,1000000
C0758,Carpintería Los Álamos Ltda.,77891908-2,Fábrica,Concepción,Rodrigo Hernández,rhernandez@carpinteria758.cl,+56 9 3027 1315,30,Ignacio Reyes,2019-10-13,8500000
C0759,Montajes Tres Ríos EIRL,77065055-4,Fábrica,Puerto Montt,Valentina Muñoz,vmuñoz@montajes759.cl,+56 9 8535 1975,30,Ignacio Reyes,2025-01-05,6500000
C0760,Mantención Santa Elena Ltda.,77134497-2,Fábrica,Antofagasta,Paula Valenzuela,pvalenzuela@mantención760.cl,+56 9 8937 4651,30,Tomás Bravo,2019-03-09,5100000
C0761,Montajes Fuentes SpA,77812418-9,Fábrica,Concepción,Paula Flores,pflores@montajes761.cl,+56 9 8826 5577,30,Ignacio Reyes,2019-12-28,13900000
C0762,Fábrica de Muebles Río Claro S.A.,77051331-8,Contratista,Rancagua,Pedro Pérez,pperez@fabrica762.cl,+56 9 7066 6103,30,Diego Navarro,2021-05-26,6400000
C0763,Hidráulica Maule S.A.,76873616-0,Mantención industrial,Antofagasta,Paula Pérez,pperez@hidraulica763.cl,+56 9 6874 7759,30,Tomás Bravo,2018-03-13,7300000
C0764,Estructuras Valle Central EIRL,77226456-5,Contratista,Talca,Fernanda Araya,faraya@estructuras764.cl,+56 9 1904 6286,30,Ignacio Reyes,2023-02-07,6400000
C0765,Maestranza El Faro Ltda.,76053626-4,Contratista,Rancagua,Jorge Silva,jsilva@maestranza765.cl,+56 9 1652 6321,30,Sofía Castro,2017-12-26,4500000
C0766,Taller Andina EIRL,77011142-3,Taller,Santiago,Javiera Muñoz,jmuñoz@taller766.cl,+56 9 5006 1797,30,Diego Navarro,2026-04-07,1000000
C0767,Maestranza Mirador S.A.,76110942-K,Taller,Valparaíso,Luis Sepúlveda,lsepulveda@maestranza767.cl,+56 9 8569 8346,30,Ignacio Reyes,2017-08-11,3200000
C0768,Tornería Los Pinos Ltda.,76568563-0,Taller,Concepción,Camila Rodríguez,crodriguez@torneria768.cl,+56 9 2455 3695,30,Tomás Bravo,2019-03-03,1500000
C0769,Servicios Industriales Central Ltda.,76437644-1,Taller,Santiago,Sergio Espinoza,sespinoza@servicios769.cl,+56 9 8985 2387,30,Diego Navarro,2025-04-09,1000000
C0770,Servicios Industriales Llanquihue S.A.,76438714-8,Mantención industrial,Antofagasta,Paula Contreras,pcontreras@servicios770.cl,+56 9 7786 6419,30,Diego Navarro,2022-10-14,23800000
C0771,Servicios Industriales Ñuble S.A.,77312074-6,Mantención industrial,Rancagua,Camila Rodríguez,crodriguez@servicios771.cl,+56 9 6836 5991,45,Diego Navarro,2021-06-28,25200000
C0772,Ingeniería La Colina S.A.,76202986-7,Taller,Puerto Montt,Rodrigo Díaz,rdiaz@ingenieria772.cl,+56 9 3337 5748,30,Sofía Castro,2024-07-27,15900000
C0773,Transportes Tres Ríos SpA,76951676-1,Fábrica,Temuco,Catalina Muñoz,cmuñoz@transportes773.cl,+56 9 2052 8084,30,Ignacio Reyes,2024-10-30,4000000
C0774,Mecánica Bellavista EIRL,76185077-K,Mantención industrial,Rancagua,Fernanda Sepúlveda,fsepulveda@mecanica774.cl,+56 9 6739 2984,30,Diego Navarro,2022-10-24,15700000
C0775,Hidráulica Bellavista EIRL,76628518-7,Fábrica,Concepción,Pedro Rojas,projas@hidraulica775.cl,+56 9 2949 7855,30,Ignacio Reyes,2020-01-17,3000000
C0776,Transportes Fuentes S.A.,76477553-8,Taller,Valparaíso,Cristián Hernández,chernandez@transportes776.cl,+56 9 7180 7420,30,Sofía Castro,2021-04-14,3700000
C0777,Mecánica Altamira S.A.,77156773-5,Contratista,Antofagasta,Camila Rojas,crojas@mecanica777.cl,+56 9 9413 5084,30,Sofía Castro,2022-07-15,1000000
C0778,Montajes Talca SpA,77078001-7,Mantención industrial,Temuco,Cristián Rodríguez,crodriguez@montajes778.cl,+56 9 8521 7385,30,Diego Navarro,2025-01-21,4800000
C0779,Maestranza Horizonte SpA,76918554-3,Contratista,Santiago,Constanza Torres,ctorres@maestranza779.cl,+56 9 7657 3015,30,Ignacio Reyes,2017-08-19,3100000
C0780,Constructora El Roble EIRL,77616215-6,Fábrica,Concepción,Carlos Soto,csoto@constructora780.cl,+56 9 8618 1735,30,Tomás Bravo,2026-02-11,1000000
C0781,Tornería Hermanos Pérez S.A.,77055574-7,Mantención industrial,Rancagua,Luis Araya,laraya@torneria781.cl,+56 9 6640 8651,30,Tomás Bravo,2022-10-18,2700000
C0782,Obras Civiles San Pedro S.A.,77067957-1,Mantención industrial,Temuco,Andrea Fuentes,afuentes@obras782.cl,+56 9 7114 7777,30,Tomás Bravo,2019-05-28,2600000
C0783,Mecánica Ñuble EIRL,76673872-2,Fábrica,Concepción,Andrea Muñoz,amuñoz@mecanica783.cl,+56 9 9983 1086,30,Macarena Lagos,2021-08-31,27500000
C0784,Hidráulica Valle Central SpA,77217535-1,Mantención industrial,Puerto Montt,Cristián Torres,ctorres@hidraulica784.cl,+56 9 1551 5059,30,Diego Navarro,2020-10-28,8900000
C0785,Carpintería Oriente EIRL,77215225-8,Taller,La Serena,Catalina Soto,csoto@carpinteria785.cl,+56 9 2071 3497,30,Tomás Bravo,2023-09-06,2900000
C0786,Transportes Talca EIRL,77279843-4,Fábrica,Santiago,Fernanda Rodríguez,frodriguez@transportes786.cl,+56 9 3958 6142,30,Ignacio Reyes,2019-09-22,4000000
C0787,Carpintería Pacífico Ltda.,77594552-9,Taller,Antofagasta,Valentina Rodríguez,vrodriguez@carpinteria787.cl,+56 9 2654 9130,30,Macarena Lagos,2024-04-27,3100000
C0788,Maestranza Buena Vista SpA,76043755-5,Taller,Rancagua,Valentina Fuentes,vfuentes@maestranza788.cl,+56 9 1404 2809,30,Sofía Castro,2026-07-05,2300000
C0789,Ingeniería Muñoz e Hijos SpA,76415765-1,Fábrica,Valparaíso,Patricio Rojas,projas@ingenieria789.cl,+56 9 7240 4766,30,Tomás Bravo,2025-05-06,1000000
C0790,Servicios Industriales Andina SpA,76888277-K,Mantención industrial,Puerto Montt,Andrea Hernández,ahernandez@servicios790.cl,+56 9 1254 5285,30,Macarena Lagos,2021-02-15,2400000
C0791,Montajes Andina EIRL,77042728-5,Mantención industrial,La Serena,Patricio González,pgonzalez@montajes791.cl,+56 9 3542 7898,30,Tomás Bravo,2020-10-25,1100000
C0792,Carpintería Cordillera EIRL,76509569-5,Mantención industrial,Puerto Montt,Paula Contreras,pcontreras@carpinteria792.cl,+56 9 4911 1976,30,Tomás Bravo,2018-02-28,1000000
C0793,Estructuras Buena Vista Ltda.,77506098-8,Contratista,Talca,Constanza Rojas,crojas@estructuras793.cl,+56 9 3589 7073,30,Tomás Bravo,2020-02-23,5500000
C0794,Constructora Punta Arenas EIRL,77219352-1,Taller,Antofagasta,Daniela Valenzuela,dvalenzuela@constructora794.cl,+56 9 1486 8905,30,Tomás Bravo,2017-11-24,4700000
C0795,Taller Rancagua EIRL,77948283-5,Taller,Talca,Javiera Contreras,jcontreras@taller795.cl,+56 9 9825 9358,30,Diego Navarro,2019-08-29,1000000
C0796,Soldaduras Buena Vista SpA,76113753-6,Fábrica,Puerto Montt,Pedro Fuentes,pfuentes@soldaduras796.cl,+56 9 5186 3206,30,Macarena Lagos,2023-11-18,2500000
C0797,Obras Civiles Las Palmas S.A.,77661233-9,Mantención industrial,Rancagua,Sergio Soto,ssoto@obras797.cl,+56 9 8311 5698,30,Macarena Lagos,2019-09-07,10100000
C0798,Montajes Rojas y Cía. EIRL,76258732-8,Contratista,Antofagasta,Patricio Muñoz,pmuñoz@montajes798.cl,+56 9 2997 8743,30,Macarena Lagos,2021-12-31,10900000
C0799,Inversiones Aconcagua Ltda.,77093258-6,Fábrica,Valparaíso,Francisca Fuentes,ffuentes@inversiones799.cl,+56 9 5164 2819,30,Sofía Castro,2018-12-13,10500000
C0800,Hidráulica La Esperanza SpA,77516604-K,Contratista,La Serena,Camila Martínez,cmartinez@hidraulica800.cl,+56 9 7153 4178,30,Sofía Castro,2020-06-09,3100000
C0801,Maestranza Norte Grande Ltda.,77906506-4,Mantención industrial,Temuco,Carlos Silva,csilva@maestranza801.cl,+56 9 6847 5447,30,Diego Navarro,2023-06-21,1000000
C0802,Hidráulica Buena Vista S.A.,77045614-4,Contratista,Santiago,Pedro Soto,psoto@hidraulica802.cl,+56 9 4345 6500,30,Tomás Bravo,2025-04-19,1000000
C0803,Montajes Díaz Ltda. Ltda.,76380332-0,Taller,Valparaíso,Andrea Torres,atorres@montajes803.cl,+56 9 8081 4426,30,Tomás Bravo,2022-02-23,4500000
C0804,Tornería Punta Arenas S.A.,77087796-K,Taller,La Serena,Javiera Rodríguez,jrodriguez@torneria804.cl,+56 9 4943 7826,30,Sofía Castro,2023-09-04,4700000
C0805,Ingeniería Horizonte S.A.,77516867-8,Fábrica,Temuco,Sergio Espinoza,sespinoza@ingenieria805.cl,+56 9 2884 4334,30,Ignacio Reyes,2020-11-21,14500000
C0806,Ingeniería Hermanos Soto S.A.,77771955-9,Mantención industrial,Rancagua,Rodrigo Morales,rmorales@ingenieria806.cl,+56 9 3092 6285,30,Macarena Lagos,2025-02-23,11500000
C0807,Comercial Norte Grande S.A.,76150852-4,Mantención industrial,La Serena,Camila Contreras,ccontreras@comercial807.cl,+56 9 7906 7469,30,Tomás Bravo,2022-08-10,2500000
C0808,Fábrica de Muebles Llanquihue EIRL,77245953-4,Contratista,Antofagasta,Constanza Silva,csilva@fabrica808.cl,+56 9 4421 3494,30,Macarena Lagos,2022-02-28,1000000
C0809,Estructuras Punta Arenas S.A.,76623716-K,Taller,Rancagua,Fernanda Muñoz,fmuñoz@estructuras809.cl,+56 9 8334 4704,30,Tomás Bravo,2023-01-23,2000000
C0810,Obras Civiles El Molino SpA,77072306-8,Contratista,Temuco,Valentina Díaz,vdiaz@obras810.cl,+56 9 7821 3462,30,Macarena Lagos,2018-01-11,3800000
C0811,Metalúrgica Altamira SpA,76927068-3,Fábrica,Rancagua,Francisca Rojas,frojas@metalurgica811.cl,+56 9 6947 9614,30,Sofía Castro,2022-02-27,2300000
C0812,Taller Poniente EIRL,76399638-6,Taller,Concepción,Javiera Morales,jmorales@taller812.cl,+56 9 7729 1059,30,Tomás Bravo,2021-12-12,1400000
C0813,Mantención El Roble SpA,77959980-8,Fábrica,Temuco,Javiera Valenzuela,jvalenzuela@mantención813.cl,+56 9 4729 7156,30,Ignacio Reyes,2021-05-25,4000000
C0814,Plásticos Muñoz e Hijos Ltda.,76429358-3,Fábrica,Antofagasta,Carlos López,clopez@plasticos814.cl,+56 9 3859 5711,30,Diego Navarro,2024-10-27,1500000
C0815,Taller Horizonte Ltda.,76829781-K,Contratista,La Serena,Daniela Araya,daraya@taller815.cl,+56 9 4733 8513,30,Tomás Bravo,2024-08-30,1300000
C0816,Plásticos Oriente Ltda.,77685384-K,Fábrica,Talca,Felipe Soto,fsoto@plasticos816.cl,+56 9 4693 6861,30,Sofía Castro,2021-02-20,4300000
C0817,Taller La Colina SpA,76599566-6,Contratista,Santiago,Camila López,clopez@taller817.cl,+56 9 9375 3019,30,Ignacio Reyes,2025-05-17,1800000
C0818,Obras Civiles Muñoz e Hijos Ltda.,77500247-3,Fábrica,Concepción,Luis Hernández,lhernandez@obras818.cl,+56 9 6592 9013,30,Ignacio Reyes,2021-12-12,3900000
C0819,Mecánica Hermanos Pérez EIRL,76033681-2,Taller,Antofagasta,Fernanda Martínez,fmartinez@mecanica819.cl,+56 9 1182 4898,30,Sofía Castro,2023-08-22,4100000
C0820,Carpintería Horizonte S.A.,77844359-7,Mantención industrial,Valparaíso,Sergio Fuentes,sfuentes@carpinteria820.cl,+56 9 2066 8926,30,Sofía Castro,2023-11-28,1000000
C0821,Soldaduras Poniente EIRL,76238803-3,Contratista,Talca,Jorge Fuentes,jfuentes@soldaduras821.cl,+56 9 3470 2297,30,Sofía Castro,2022-05-29,1600000
C0822,Hidráulica Las Palmas EIRL,76660918-4,Fábrica,Rancagua,Jorge González,jgonzalez@hidraulica822.cl,+56 9 5760 5833,30,Diego Navarro,2025-08-30,17500000
C0823,Plásticos Aconcagua SpA,76249744-1,Taller,Temuco,Patricio Hernández,phernandez@plasticos823.cl,+56 9 2456 2752,30,Sofía Castro,2024-11-28,1000000
C0824,Comercial El Molino EIRL,76629269-1,Taller,Puerto Montt,Fernanda Martínez,fmartinez@comercial824.cl,+56 9 5946 3779,30,Ignacio Reyes,2022-12-29,1000000
C0825,Constructora San Pedro Ltda.,76939109-9,Taller,Santiago,Constanza Rodríguez,crodriguez@constructora825.cl,+56 9 5935 3978,30,Tomás Bravo,2023-11-13,1000000
C0826,Mantención Hermanos Pérez EIRL,76818761-K,Fábrica,Concepción,Francisca López,flopez@mantención826.cl,+56 9 1218 5432,30,Diego Navarro,2018-01-06,3000000
C0827,Constructora Talca Ltda.,76795868-8,Mantención industrial,Antofagasta,Felipe Soto,fsoto@constructora827.cl,+56 9 1974 7363,30,Macarena Lagos,2024-08-21,3000000
C0828,Inversiones San Martín SpA,76387279-2,Fábrica,Valparaíso,Sergio Fuentes,sfuentes@inversiones828.cl,+56 9 2318 8952,30,Tomás Bravo,2017-09-09,2500000
C0829,Constructora Valle Central EIRL,77139277-6,Fábrica,Talca,Felipe Rodríguez,frodriguez@constructora829.cl,+56 9 6558 6808,30,Diego Navarro,2020-09-15,13300000
C0830,Montajes Del Valle SpA,77088204-5,Mantención industrial,Concepción,Javiera Soto,jsoto@montajes830.cl,+56 9 9879 7597,30,Diego Navarro,2026-06-15,1000000
C0831,Inversiones Los Álamos Ltda.,76783883-7,Fábrica,Concepción,Camila Muñoz,cmuñoz@inversiones831.cl,+56 9 9769 4632,30,Macarena Lagos,2024-01-05,4800000
C0832,Hidráulica Horizonte EIRL,77736979-5,Mantención industrial,Temuco,Andrea Hernández,ahernandez@hidraulica832.cl,+56 9 6607 6062,30,Macarena Lagos,2022-04-03,20500000
C0833,Maestranza Norte Grande S.A.,76248745-3,Fábrica,Concepción,Valentina Rojas,vrojas@maestranza833.cl,+56 9 4455 4936,30,Sofía Castro,2018-02-05,1000000
C0834,Mantención La Esperanza Ltda.,76614541-8,Contratista,La Serena,Patricio González,pgonzalez@mantención834.cl,+56 9 2342 4847,30,Ignacio Reyes,2017-07-24,1800000
C0835,Ingeniería Poniente S.A.,76964406-4,Taller,La Serena,Rodrigo González,rgonzalez@ingenieria835.cl,+56 9 4411 7001,30,Tomás Bravo,2020-05-24,1100000
C0836,Carpintería Cordillera SpA,76598571-1,Mantención industrial,Temuco,Jorge González,jgonzalez@carpinteria836.cl,+56 9 9710 6335,30,Macarena Lagos,2025-03-14,1000000
C0837,Montajes Hermanos Soto S.A.,76815137-K,Mantención industrial,Antofagasta,Rodrigo Muñoz,rmuñoz@montajes837.cl,+56 9 9304 4539,30,Diego Navarro,2021-01-19,1900000
C0838,Inversiones Los Pinos S.A.,77225255-0,Taller,Puerto Montt,Francisca Morales,fmorales@inversiones838.cl,+56 9 7338 8849,30,Diego Navarro,2026-02-22,17300000
C0839,Mecánica San Martín EIRL,77033491-3,Mantención industrial,Valparaíso,Felipe Soto,fsoto@mecanica839.cl,+56 9 5799 2371,60,Ignacio Reyes,2020-03-11,28900000
C0840,Mecánica Bellavista Ltda.,76236305-7,Mantención industrial,Talca,Paula Sepúlveda,psepulveda@mecanica840.cl,+56 9 5105 3971,30,Diego Navarro,2024-05-29,1900000
C0841,Inversiones Monte Verde S.A.,77644639-3,Mantención industrial,Temuco,Valentina Araya,varaya@inversiones841.cl,+56 9 3196 3296,60,Macarena Lagos,2018-09-21,31500000
C0842,Transportes La Esperanza EIRL,77754732-5,Contratista,La Serena,Luis Fuentes,lfuentes@transportes842.cl,+56 9 1310 3500,30,Macarena Lagos,2019-11-27,3000000
C0843,Taller Pacífico SpA,77556277-K,Contratista,Temuco,Manuel Silva,msilva@taller843.cl,+56 9 9993 5991,30,Diego Navarro,2025-08-10,26000000
C0844,Mantención San Martín SpA,77747261-1,Mantención industrial,Talca,Manuel Fuentes,mfuentes@mantención844.cl,+56 9 2449 2087,30,Sofía Castro,2020-03-09,2600000
C0845,Ingeniería Del Valle EIRL,77207632-0,Taller,Santiago,Francisca Espinoza,fespinoza@ingenieria845.cl,+56 9 1539 2523,30,Diego Navarro,2020-11-15,3400000
C0846,Maestranza Central EIRL,76510698-7,Fábrica,Antofagasta,Javiera Díaz,jdiaz@maestranza846.cl,+56 9 7155 4705,30,Tomás Bravo,2020-11-20,4600000
C0847,Carpintería San Martín S.A.,76949912-2,Contratista,La Serena,Paula Hernández,phernandez@carpinteria847.cl,+56 9 4286 4081,45,Ignacio Reyes,2020-01-01,154600000
C0848,Fábrica de Muebles Talca EIRL,77028770-4,Fábrica,Concepción,Manuel Valenzuela,mvalenzuela@fabrica848.cl,+56 9 6348 6195,30,Sofía Castro,2023-12-25,8400000
C0849,Servicios Industriales San Martín SpA,77826457-8,Taller,Santiago,Paula Fuentes,pfuentes@servicios849.cl,+56 9 6067 7461,30,Macarena Lagos,2018-07-01,1200000
C0850,Maestranza del Sur Ltda.,77849413-6,Mantención industrial,Talca,Constanza Hernández,chernandez@maestranza850.cl,+56 9 7000 8083,30,Diego Navarro,2021-10-31,9800000
C0851,Tornería Tres Ríos EIRL,77475584-2,Contratista,Santiago,Francisca Rojas,frojas@torneria851.cl,+56 9 3893 7405,30,Sofía Castro,2024-12-20,1800000
C0852,Maestranza Andina Ltda.,77828556-7,Contratista,Rancagua,Carlos Contreras,ccontreras@maestranza852.cl,+56 9 3201 6908,30,Macarena Lagos,2025-07-30,1600000
C0853,Obras Civiles Santa Elena S.A.,76311431-2,Mantención industrial,La Serena,Francisca Hernández,fhernandez@obras853.cl,+56 9 9878 8499,30,Ignacio Reyes,2023-11-11,9100000
C0854,Maestranza Río Claro Ltda.,76261692-7,Taller,Temuco,Manuel Torres,mtorres@maestranza854.cl,+56 9 8333 9910,30,Diego Navarro,2026-05-26,3000000
C0855,Ingeniería Santa Elena SpA,77327886-0,Fábrica,Santiago,Patricio López,plopez@ingenieria855.cl,+56 9 3552 7698,30,Ignacio Reyes,2022-04-08,4100000
C0856,Hidráulica La Colina EIRL,76250707-8,Fábrica,Santiago,Patricio Valenzuela,pvalenzuela@hidraulica856.cl,+56 9 3919 5847,30,Macarena Lagos,2019-03-06,3000000
C0857,Mecánica Poniente EIRL,76042053-8,Taller,La Serena,Daniela Muñoz,dmuñoz@mecanica857.cl,+56 9 9618 6845,30,Diego Navarro,2018-07-21,4400000
C0858,Fábrica de Muebles Quillota S.A.,77860106-7,Taller,Temuco,Felipe Fuentes,ffuentes@fabrica858.cl,+56 9 2382 1843,30,Diego Navarro,2019-05-10,4900000
C0859,Estructuras Ñuble EIRL,76375766-4,Contratista,Temuco,Carlos Soto,csoto@estructuras859.cl,+56 9 2331 5216,30,Tomás Bravo,2018-03-30,1000000
C0860,Plásticos El Faro Ltda.,77591211-9,Mantención industrial,Concepción,Patricio Morales,pmorales@plasticos860.cl,+56 9 5660 2767,30,Tomás Bravo,2022-12-07,6700000
C0861,Mecánica La Colina SpA,77376986-9,Contratista,Talca,Constanza Soto,csoto@mecanica861.cl,+56 9 2413 5719,30,Ignacio Reyes,2025-07-28,1000000
C0862,Soldaduras Aconcagua Ltda.,76650169-0,Fábrica,Talca,Catalina Muñoz,cmuñoz@soldaduras862.cl,+56 9 3231 7129,30,Tomás Bravo,2018-03-28,1000000
C0863,Servicios Industriales Las Palmas S.A.,76292962-6,Taller,Rancagua,Luis Morales,lmorales@servicios863.cl,+56 9 8174 6902,30,Ignacio Reyes,2017-10-13,2700000
C0864,Obras Civiles El Faro EIRL,77823020-5,Taller,Puerto Montt,Felipe Morales,fmorales@obras864.cl,+56 9 1906 7688,30,Tomás Bravo,2020-11-08,3200000
C0865,Constructora Ñuble EIRL,76226166-9,Taller,Puerto Montt,Paula Díaz,pdiaz@constructora865.cl,+56 9 3314 9341,30,Ignacio Reyes,2021-04-03,1200000
C0866,Mantención Cordillera Ltda.,76676924-5,Contratista,Talca,Paula Contreras,pcontreras@mantención866.cl,+56 9 3883 8539,30,Macarena Lagos,2023-05-14,8200000
C0867,Mantención Poniente S.A.,76317777-5,Contratista,Valparaíso,Jorge Rodríguez,jrodriguez@mantención867.cl,+56 9 6164 9931,30,Sofía Castro,2024-03-06,1000000
C0868,Ingeniería Oriente SpA,76510638-2,Taller,Talca,Francisca Araya,faraya@ingenieria868.cl,+56 9 5221 2798,30,Tomás Bravo,2020-05-18,1700000
C0869,Hidráulica Tres Ríos Ltda.,76507244-6,Contratista,Concepción,Jorge Araya,jaraya@hidraulica869.cl,+56 9 2153 3351,30,Macarena Lagos,2018-02-07,1400000
C0870,Mantención Fuentes SpA,77869789-2,Taller,Puerto Montt,Carlos Hernández,chernandez@mantención870.cl,+56 9 5551 4603,30,Ignacio Reyes,2019-01-03,2700000
C0871,Taller San Pedro SpA,76388527-6,Taller,La Serena,Cristián Soto,csoto@taller871.cl,+56 9 6884 7119,30,Ignacio Reyes,2019-11-24,4100000
C0872,Inversiones Rancagua S.A.,76435890-6,Mantención industrial,Puerto Montt,Sergio Sepúlveda,ssepulveda@inversiones872.cl,+56 9 7444 6507,30,Tomás Bravo,2018-07-21,1000000
C0873,Fábrica de Muebles Monte Verde S.A.,76348783-9,Contratista,La Serena,Felipe Araya,faraya@fabrica873.cl,+56 9 6521 8465,30,Macarena Lagos,2023-05-29,7200000
C0874,Comercial Llanquihue EIRL,77487556-3,Fábrica,Valparaíso,Valentina López,vlopez@comercial874.cl,+56 9 1895 7462,30,Ignacio Reyes,2020-09-27,3100000
C0875,Obras Civiles San Pedro EIRL,76385102-8,Fábrica,Rancagua,Jorge Araya,jaraya@obras875.cl,+56 9 1597 7708,30,Ignacio Reyes,2023-09-16,1000000
C0876,Mantención San Pedro Ltda.,76994891-8,Fábrica,Rancagua,Carlos González,cgonzalez@mantención876.cl,+56 9 1546 9670,30,Tomás Bravo,2021-03-16,1000000
C0877,Hidráulica Central S.A.,77863159-4,Fábrica,Valparaíso,Andrea Rodríguez,arodriguez@hidraulica877.cl,+56 9 2442 2851,30,Ignacio Reyes,2020-09-15,2900000
C0878,Maestranza Ñuble SpA,77208989-7,Fábrica,Rancagua,Patricio González,pgonzalez@maestranza878.cl,+56 9 8116 9351,30,Diego Navarro,2018-12-27,2200000
C0879,Carpintería Rojas y Cía. Ltda.,76280439-4,Contratista,La Serena,Valentina Sepúlveda,vsepulveda@carpinteria879.cl,+56 9 3785 9223,30,Diego Navarro,2021-03-16,2600000
C0880,Ingeniería Cordillera SpA,77734027-3,Fábrica,Temuco,Sergio Espinoza,sespinoza@ingenieria880.cl,+56 9 6066 1447,30,Ignacio Reyes,2021-10-28,2800000
C0881,Inversiones Buena Vista EIRL,77649319-0,Mantención industrial,Concepción,Luis Rojas,lrojas@inversiones881.cl,+56 9 6895 2194,30,Macarena Lagos,2023-12-18,3900000
C0882,Comercial Ñuble S.A.,77708747-6,Mantención industrial,Talca,Valentina Araya,varaya@comercial882.cl,+56 9 9812 7775,30,Diego Navarro,2024-11-14,9500000
C0883,Transportes Rojas y Cía. EIRL,77238390-6,Contratista,Concepción,Manuel Torres,mtorres@transportes883.cl,+56 9 8462 6761,30,Diego Navarro,2020-11-02,1000000
C0884,Inversiones Poniente EIRL,76934715-8,Taller,Rancagua,Jorge Araya,jaraya@inversiones884.cl,+56 9 3203 3526,30,Macarena Lagos,2019-08-10,1000000
C0885,Transportes Pacífico Ltda.,76139624-1,Mantención industrial,Valparaíso,Catalina Rodríguez,crodriguez@transportes885.cl,+56 9 1760 4569,30,Ignacio Reyes,2019-05-16,1000000
C0886,Estructuras Rancagua SpA,77314069-2,Taller,Antofagasta,Andrea Araya,aaraya@estructuras886.cl,+56 9 6309 5806,30,Tomás Bravo,2024-10-08,4200000
C0887,Transportes Andina Ltda.,76663589-6,Taller,Talca,Jorge Espinoza,jespinoza@transportes887.cl,+56 9 1715 7822,30,Tomás Bravo,2019-07-26,13800000
C0888,Comercial Las Palmas EIRL,76516189-8,Fábrica,Valparaíso,Carlos Díaz,cdiaz@comercial888.cl,+56 9 3636 3856,30,Ignacio Reyes,2018-06-09,1700000
C0889,Hidráulica Oriente SpA,76977052-5,Mantención industrial,Temuco,Patricio Hernández,phernandez@hidraulica889.cl,+56 9 7857 5038,30,Diego Navarro,2019-12-29,1000000
C0890,Inversiones Valle Central EIRL,77056652-2,Fábrica,Valparaíso,Manuel Hernández,mhernandez@inversiones890.cl,+56 9 3507 8885,30,Diego Navarro,2019-11-27,1000000
C0891,Tornería La Colina EIRL,77538675-5,Taller,Temuco,Daniela López,dlopez@torneria891.cl,+56 9 9532 3238,30,Tomás Bravo,2024-12-04,1000000
C0892,Taller Río Claro S.A.,77164543-8,Taller,Puerto Montt,Patricio Sepúlveda,psepulveda@taller892.cl,+56 9 3935 4921,30,Ignacio Reyes,2023-10-06,1400000
C0893,Carpintería Del Valle Ltda.,76796936-0,Taller,Puerto Montt,Constanza Araya,caraya@carpinteria893.cl,+56 9 4538 4154,30,Sofía Castro,2019-08-20,1700000
C0894,Metalúrgica La Esperanza Ltda.,77185304-7,Taller,Puerto Montt,Daniela Espinoza,despinoza@metalurgica894.cl,+56 9 5267 2014,30,Diego Navarro,2021-01-10,3100000
C0895,Transportes Andina SpA,76350041-6,Taller,Puerto Montt,Javiera Soto,jsoto@transportes895.cl,+56 9 3827 4733,30,Tomás Bravo,2024-07-09,2000000
C0896,Mecánica Mirador S.A.,76778978-8,Contratista,Talca,Paula Díaz,pdiaz@mecanica896.cl,+56 9 3402 8647,30,Sofía Castro,2018-09-05,10800000
C0897,Servicios Industriales Mirador S.A.,76009135-6,Contratista,Santiago,Jorge Sepúlveda,jsepulveda@servicios897.cl,+56 9 6421 6764,30,Diego Navarro,2022-08-06,1200000
C0898,Fábrica de Muebles Las Palmas S.A.,76938243-6,Taller,Antofagasta,Andrea Sepúlveda,asepulveda@fabrica898.cl,+56 9 8108 4401,30,Sofía Castro,2025-02-22,1000000
C0899,Hidráulica Costa Azul SpA,76745014-0,Contratista,Rancagua,Cristián Díaz,cdiaz@hidraulica899.cl,+56 9 3284 4444,30,Diego Navarro,2023-10-19,5300000
C0900,Mantención Central EIRL,76299745-0,Fábrica,Temuco,Paula Martínez,pmartinez@mantención900.cl,+56 9 9867 2159,30,Diego Navarro,2019-12-05,1000000
C0901,Hidráulica El Roble EIRL,77435152-K,Contratista,Santiago,Carlos Fuentes,cfuentes@hidraulica901.cl,+56 9 6559 9202,30,Tomás Bravo,2025-08-18,4700000
C0902,Obras Civiles Talca S.A.,76603257-K,Contratista,Talca,Daniela Flores,dflores@obras902.cl,+56 9 2658 6191,30,Diego Navarro,2020-07-02,3300000
C0903,Hidráulica Ñuble S.A.,77795802-2,Fábrica,Puerto Montt,Sergio Contreras,scontreras@hidraulica903.cl,+56 9 4417 3122,30,Sofía Castro,2018-02-25,2400000
C0904,Ingeniería Llanquihue EIRL,77345974-0,Taller,Temuco,Catalina Hernández,chernandez@ingenieria904.cl,+56 9 7881 5004,30,Diego Navarro,2022-01-12,21200000
C0905,Soldaduras Muñoz e Hijos Ltda.,76778092-7,Fábrica,Talca,Carlos Muñoz,cmuñoz@soldaduras905.cl,+56 9 7744 2895,30,Macarena Lagos,2017-09-27,1300000
C0906,Estructuras Rojas y Cía. Ltda.,76351850-4,Taller,Concepción,Patricio Araya,paraya@estructuras906.cl,+56 9 5148 3831,45,Diego Navarro,2020-06-11,38200000
C0907,Carpintería El Roble SpA,77361382-1,Contratista,Puerto Montt,Luis López,llopez@carpinteria907.cl,+56 9 9267 8102,30,Tomás Bravo,2023-08-25,2200000
C0908,Hidráulica Los Pinos SpA,76413314-7,Fábrica,Rancagua,Rodrigo Martínez,rmartinez@hidraulica908.cl,+56 9 8978 5390,30,Tomás Bravo,2024-11-16,1000000
C0909,Fábrica de Muebles Los Pinos EIRL,77649941-0,Contratista,Santiago,Fernanda Morales,fmorales@fabrica909.cl,+56 9 6835 1230,30,Diego Navarro,2019-04-21,3200000
C0910,Mecánica Llanquihue S.A.,77214751-0,Mantención industrial,Valparaíso,Luis Flores,lflores@mecanica910.cl,+56 9 6530 8783,30,Tomás Bravo,2021-08-22,1000000
C0911,Mecánica Hermanos Soto SpA,76922530-0,Taller,Temuco,Cristián Soto,csoto@mecanica911.cl,+56 9 6555 2779,30,Tomás Bravo,2024-06-08,1100000
C0912,Estructuras Santa Elena S.A.,77687554-3,Contratista,Temuco,Fernanda Sepúlveda,fsepulveda@estructuras912.cl,+56 9 2939 5538,30,Tomás Bravo,2023-06-23,4800000
C0913,Constructora La Esperanza EIRL,76460915-0,Contratista,La Serena,Fernanda Contreras,fcontreras@constructora913.cl,+56 9 6379 8220,30,Ignacio Reyes,2022-01-28,5800000
C0914,Montajes Rancagua EIRL,76277456-3,Contratista,Valparaíso,Camila Flores,cflores@montajes914.cl,+56 9 3200 2480,30,Diego Navarro,2018-06-29,1300000
C0915,Inversiones El Roble Ltda.,76639059-3,Fábrica,Rancagua,Felipe Espinoza,fespinoza@inversiones915.cl,+56 9 4364 1639,30,Ignacio Reyes,2022-01-16,10000000
C0916,Obras Civiles Hermanos Pérez SpA,77827848-0,Mantención industrial,Santiago,Catalina Hernández,chernandez@obras916.cl,+56 9 4686 6860,30,Tomás Bravo,2024-03-10,12400000
C0917,Maestranza Fuentes EIRL,76285879-8,Taller,Rancagua,Constanza Rodríguez,crodriguez@maestranza917.cl,+56 9 7583 1591,30,Ignacio Reyes,2022-01-09,17500000
C0918,Montajes La Colina EIRL,76633407-6,Contratista,Antofagasta,Rodrigo González,rgonzalez@montajes918.cl,+56 9 1146 5780,30,Ignacio Reyes,2017-10-30,5600000
C0919,Carpintería Andina Ltda.,76138296-3,Contratista,Concepción,Javiera Rojas,jrojas@carpinteria919.cl,+56 9 8341 5852,30,Tomás Bravo,2019-10-15,16000000
C0920,Soldaduras El Roble S.A.,76193097-6,Taller,Antofagasta,Carlos Torres,ctorres@soldaduras920.cl,+56 9 8820 1102,30,Tomás Bravo,2018-04-18,1000000
C0921,Ingeniería Cordillera EIRL,77315612-0,Fábrica,Puerto Montt,Daniela Morales,dmorales@ingenieria921.cl,+56 9 4037 1063,30,Sofía Castro,2020-09-13,2000000
C0922,Taller Hermanos Soto EIRL,76174869-9,Taller,Valparaíso,Paula Hernández,phernandez@taller922.cl,+56 9 6478 7957,30,Ignacio Reyes,2023-07-01,1000000
C0923,Constructora El Molino SpA,76477444-0,Mantención industrial,Santiago,Luis Pérez,lperez@constructora923.cl,+56 9 2997 3023,30,Tomás Bravo,2024-09-28,3400000
C0924,Tornería Rojas y Cía. EIRL,76499403-K,Taller,Puerto Montt,Luis Díaz,ldiaz@torneria924.cl,+56 9 6933 3722,30,Ignacio Reyes,2019-04-27,1400000
C0925,Soldaduras El Molino EIRL,77638577-6,Contratista,Santiago,Paula Valenzuela,pvalenzuela@soldaduras925.cl,+56 9 7847 5855,30,Macarena Lagos,2023-02-05,2400000
C0926,Mecánica Maule EIRL,77859787-1,Fábrica,Santiago,Fernanda Valenzuela,fvalenzuela@mecanica926.cl,+56 9 2847 5180,60,Macarena Lagos,2021-12-24,30600000
C0927,Maestranza Cordillera S.A.,77491177-9,Contratista,Concepción,Fernanda Rojas,frojas@maestranza927.cl,+56 9 5920 8194,30,Diego Navarro,2018-03-13,2400000
C0928,Montajes Monte Verde EIRL,76781250-7,Contratista,Rancagua,Constanza Valenzuela,cvalenzuela@montajes928.cl,+56 9 8872 2526,30,Sofía Castro,2018-03-22,4900000
C0929,Constructora Los Álamos Ltda.,76355978-6,Fábrica,Talca,Francisca Espinoza,fespinoza@constructora929.cl,+56 9 8651 4511,30,Diego Navarro,2017-10-29,2200000
C0930,Obras Civiles Norte Grande Ltda.,76258389-9,Fábrica,Talca,Constanza Sepúlveda,csepulveda@obras930.cl,+56 9 5189 9116,30,Tomás Bravo,2026-05-31,3200000
C0931,Hidráulica Monte Verde Ltda.,76530029-1,Fábrica,Rancagua,Pedro Contreras,pcontreras@hidraulica931.cl,+56 9 1751 3891,30,Macarena Lagos,2022-06-30,2900000
C0932,Plásticos Hermanos Soto SpA,77237780-5,Fábrica,La Serena,Patricio Espinoza,pespinoza@plasticos932.cl,+56 9 3318 2428,30,Tomás Bravo,2026-05-05,5100000
C0933,Servicios Industriales Cordillera EIRL,77876807-3,Taller,Rancagua,Andrea Torres,atorres@servicios933.cl,+56 9 9577 2992,30,Sofía Castro,2024-01-30,12500000
C0934,Plásticos Hermanos Pérez Ltda.,76108391-5,Mantención industrial,Rancagua,Daniela Torres,dtorres@plasticos934.cl,+56 9 9633 7354,45,Macarena Lagos,2019-06-26,22800000
C0935,Metalúrgica El Roble SpA,76581147-1,Contratista,Talca,Carlos Flores,cflores@metalurgica935.cl,+56 9 6767 1538,30,Macarena Lagos,2020-03-04,4300000
C0936,Comercial Rojas y Cía. SpA,77159313-3,Contratista,Talca,Andrea González,agonzalez@comercial936.cl,+56 9 3982 7393,30,Sofía Castro,2020-05-31,6100000
C0937,Ingeniería Mirador Ltda.,76877996-3,Contratista,Rancagua,Rodrigo Flores,rflores@ingenieria937.cl,+56 9 2680 1212,30,Ignacio Reyes,2018-01-17,1000000
C0938,Mecánica Muñoz e Hijos S.A.,76562718-4,Mantención industrial,Rancagua,Rodrigo Contreras,rcontreras@mecanica938.cl,+56 9 3715 7128,30,Tomás Bravo,2026-07-04,2600000
C0939,Estructuras Díaz Ltda. Ltda.,76751508-6,Taller,Valparaíso,Sergio Valenzuela,svalenzuela@estructuras939.cl,+56 9 7399 6357,30,Sofía Castro,2020-05-01,9400000
C0940,Inversiones Santa Elena Ltda.,76009341-5,Fábrica,La Serena,Catalina López,clopez@inversiones940.cl,+56 9 5061 5276,30,Sofía Castro,2020-07-11,8600000
C0941,Constructora Hermanos Pérez Ltda.,76302916-2,Fábrica,Rancagua,Catalina Sepúlveda,csepulveda@constructora941.cl,+56 9 2435 7861,30,Ignacio Reyes,2020-03-12,3800000
C0942,Montajes Valle Central EIRL,77622363-7,Taller,Concepción,Pedro Rojas,projas@montajes942.cl,+56 9 3435 9977,30,Diego Navarro,2023-06-14,8800000
C0943,Mecánica Muñoz e Hijos SpA,77301924-7,Contratista,Antofagasta,Constanza Araya,caraya@mecanica943.cl,+56 9 2459 9265,30,Tomás Bravo,2022-12-19,5400000
C0944,Mantención Vargas EIRL,77604955-4,Mantención industrial,Santiago,Constanza Torres,ctorres@mantención944.cl,+56 9 3980 8116,30,Sofía Castro,2021-12-23,13000000
C0945,Ingeniería Altamira Ltda.,76124981-6,Contratista,Antofagasta,Francisca Fuentes,ffuentes@ingenieria945.cl,+56 9 2713 7150,30,Tomás Bravo,2024-02-06,4200000
C0946,Taller Bellavista EIRL,76550636-3,Taller,Temuco,Sergio Rodríguez,srodriguez@taller946.cl,+56 9 5875 3277,30,Diego Navarro,2024-08-15,1900000
C0947,Plásticos Maule EIRL,77248595-7,Fábrica,Talca,Javiera Rodríguez,jrodriguez@plasticos947.cl,+56 9 7199 7596,30,Macarena Lagos,2017-12-29,4400000
C0948,Metalúrgica Las Palmas EIRL,76248987-K,Taller,Antofagasta,Daniela Martínez,dmartinez@metalurgica948.cl,+56 9 4840 3105,30,Ignacio Reyes,2018-05-05,1000000
C0949,Soldaduras Central S.A.,77079583-1,Taller,Valparaíso,Felipe Silva,fsilva@soldaduras949.cl,+56 9 1884 7228,30,Tomás Bravo,2025-04-27,4700000
C0950,Constructora Llanquihue Ltda.,76548344-K,Fábrica,Talca,Rodrigo Contreras,rcontreras@constructora950.cl,+56 9 7491 5553,30,Tomás Bravo,2019-06-25,1000000
C0951,Montajes Santa Elena Ltda.,77142379-0,Fábrica,Talca,Catalina Martínez,cmartinez@montajes951.cl,+56 9 8586 6062,30,Tomás Bravo,2025-03-17,1000000
C0952,Transportes Muñoz e Hijos Ltda.,76142523-3,Contratista,Temuco,Cristián Silva,csilva@transportes952.cl,+56 9 7991 1347,30,Sofía Castro,2022-08-10,5100000
C0953,Mantención Talca EIRL,76032207-1,Fábrica,Rancagua,Manuel Morales,mmorales@mantención953.cl,+56 9 3729 6355,30,Macarena Lagos,2024-04-06,5300000
C0954,Hidráulica Los Pinos EIRL,76932197-0,Fábrica,Concepción,Manuel Flores,mflores@hidraulica954.cl,+56 9 9963 1634,30,Diego Navarro,2025-02-24,1000000
C0955,Transportes Díaz Ltda. SpA,76542495-6,Mantención industrial,La Serena,Rodrigo Silva,rsilva@transportes955.cl,+56 9 8442 4651,30,Diego Navarro,2020-06-20,1200000
C0956,Soldaduras Costa Azul S.A.,76067740-2,Contratista,Antofagasta,Patricio Muñoz,pmuñoz@soldaduras956.cl,+56 9 7614 1606,30,Diego Navarro,2019-11-19,16100000
C0957,Tornería Hermanos Soto EIRL,76295838-6,Taller,Puerto Montt,Cristián Contreras,ccontreras@torneria957.cl,+56 9 8725 3664,30,Macarena Lagos,2024-03-05,1600000
C0958,Comercial Oriente S.A.,76673409-7,Fábrica,Valparaíso,Rodrigo Espinoza,respinoza@comercial958.cl,+56 9 1007 2485,60,Sofía Castro,2020-10-20,48000000
C0959,Maestranza Fuentes Ltda.,76601558-7,Taller,Concepción,Andrea Valenzuela,avalenzuela@maestranza959.cl,+56 9 4184 8264,30,Sofía Castro,2024-08-30,2900000
C0960,Comercial El Faro SpA,76791783-7,Taller,Antofagasta,Sergio Rojas,srojas@comercial960.cl,+56 9 2675 5345,30,Diego Navarro,2022-12-21,4800000
C0961,Metalúrgica Río Claro SpA,76092458-2,Taller,Concepción,Javiera López,jlopez@metalurgica961.cl,+56 9 1632 8670,45,Diego Navarro,2025-03-16,21900000
C0962,Hidráulica Oriente S.A.,77565418-2,Contratista,Talca,Cristián Contreras,ccontreras@hidraulica962.cl,+56 9 9243 5191,30,Macarena Lagos,2026-02-24,3400000
C0963,Transportes Río Claro SpA,77552633-8,Mantención industrial,Talca,Patricio Contreras,pcontreras@transportes963.cl,+56 9 9839 2083,30,Sofía Castro,2017-10-29,1000000
C0964,Metalúrgica Norte Grande EIRL,77887472-9,Contratista,Puerto Montt,Luis López,llopez@metalurgica964.cl,+56 9 2282 1492,30,Tomás Bravo,2019-11-09,2500000
C0965,Estructuras Vargas SpA,76155336-2,Mantención industrial,Rancagua,Cristián Valenzuela,cvalenzuela@estructuras965.cl,+56 9 6406 1582,30,Sofía Castro,2020-01-20,2800000
C0966,Tornería Buena Vista EIRL,76463409-9,Taller,La Serena,Cristián Soto,csoto@torneria966.cl,+56 9 1865 1599,30,Ignacio Reyes,2024-02-19,1000000
C0967,Obras Civiles Bellavista S.A.,77081503-6,Taller,Antofagasta,Pedro Torres,ptorres@obras967.cl,+56 9 1689 8219,30,Ignacio Reyes,2020-10-03,2100000
C0968,Maestranza Central SpA,76594603-2,Fábrica,Rancagua,Javiera Hernández,jhernandez@maestranza968.cl,+56 9 9878 6926,30,Diego Navarro,2020-03-16,1100000
C0969,Constructora Maule S.A.,76347892-6,Fábrica,La Serena,Luis Hernández,lhernandez@constructora969.cl,+56 9 7396 6032,30,Sofía Castro,2017-08-30,9200000
C0970,Mecánica Pacífico S.A.,76955994-2,Fábrica,Temuco,Felipe Díaz,fdiaz@mecanica970.cl,+56 9 7101 4069,30,Macarena Lagos,2026-01-17,3000000
C0971,Obras Civiles Díaz Ltda. Ltda.,76255833-7,Fábrica,Concepción,Manuel Pérez,mperez@obras971.cl,+56 9 8802 7642,30,Sofía Castro,2022-09-14,2000000
C0972,Metalúrgica Hermanos Soto S.A.,77395648-1,Mantención industrial,Concepción,Camila Sepúlveda,csepulveda@metalurgica972.cl,+56 9 1039 1334,30,Ignacio Reyes,2021-07-18,2500000
C0973,Metalúrgica Fuentes SpA,77249927-5,Contratista,Rancagua,Jorge Hernández,jhernandez@metalurgica973.cl,+56 9 9432 7836,30,Ignacio Reyes,2023-07-30,3800000
C0974,Constructora Rojas y Cía. S.A.,77630271-7,Taller,Santiago,Cristián Sepúlveda,csepulveda@constructora974.cl,+56 9 5423 8433,30,Ignacio Reyes,2024-04-03,6300000
C0975,Mecánica Santa Elena Ltda.,76052452-3,Taller,Santiago,Valentina Silva,vsilva@mecanica975.cl,+56 9 1519 9916,30,Macarena Lagos,2025-01-05,1000000
C0976,Metalúrgica del Sur SpA,77878705-3,Taller,Concepción,Pedro Rojas,projas@metalurgica976.cl,+56 9 7542 2314,30,Sofía Castro,2018-08-23,1000000
C0977,Constructora La Colina S.A.,76288420-8,Contratista,Rancagua,Rodrigo Morales,rmorales@constructora977.cl,+56 9 2289 6179,30,Diego Navarro,2026-05-29,11600000
C0978,Mecánica Buena Vista S.A.,76581647-1,Fábrica,Antofagasta,Daniela Contreras,dcontreras@mecanica978.cl,+56 9 2755 6468,30,Sofía Castro,2025-06-14,1700000
C0979,Metalúrgica El Molino Ltda.,76490147-1,Fábrica,Antofagasta,Manuel Silva,msilva@metalurgica979.cl,+56 9 5980 5378,30,Ignacio Reyes,2019-12-24,1000000
C0980,Taller Los Pinos EIRL,76432486-7,Taller,Puerto Montt,Francisca Valenzuela,fvalenzuela@taller980.cl,+56 9 6830 7838,30,Diego Navarro,2022-07-07,5100000
C0981,Inversiones San Pedro Ltda.,76513620-1,Fábrica,Santiago,Rodrigo Torres,rtorres@inversiones981.cl,+56 9 5994 6209,30,Diego Navarro,2024-11-26,5200000
C0982,Carpintería Ñuble EIRL,77130224-8,Taller,Rancagua,Sergio Silva,ssilva@carpinteria982.cl,+56 9 2388 6118,30,Ignacio Reyes,2018-02-03,1000000
C0983,Ingeniería Buena Vista Ltda.,77074143-0,Contratista,Antofagasta,Fernanda Rojas,frojas@ingenieria983.cl,+56 9 7852 3787,30,Macarena Lagos,2018-03-02,3900000
C0984,Soldaduras Santa Elena Ltda.,77625515-K,Taller,Rancagua,Cristián Contreras,ccontreras@soldaduras984.cl,+56 9 9249 7673,30,Diego Navarro,2020-05-22,7300000
C0985,Montajes Costa Azul S.A.,77050002-K,Fábrica,Santiago,Sergio Fuentes,sfuentes@montajes985.cl,+56 9 9353 8632,30,Sofía Castro,2022-04-13,4600000
C0986,Fábrica de Muebles San Pedro Ltda.,76171304-0,Contratista,Rancagua,Pedro Flores,pflores@fabrica986.cl,+56 9 1032 3101,30,Diego Navarro,2025-02-28,6400000
C0987,Mecánica Del Valle SpA,76423003-K,Taller,Valparaíso,Camila Hernández,chernandez@mecanica987.cl,+56 9 1985 9828,30,Macarena Lagos,2024-11-22,1000000
C0988,Taller Santa Elena S.A.,77253781-2,Taller,Concepción,Jorge Contreras,jcontreras@taller988.cl,+56 9 4164 2567,30,Diego Navarro,2019-12-20,4400000
C0989,Obras Civiles Los Pinos Ltda.,77941108-6,Mantención industrial,Talca,Sergio Rojas,srojas@obras989.cl,+56 9 8115 9776,30,Sofía Castro,2020-11-14,2000000
C0990,Comercial Aconcagua EIRL,77347148-3,Fábrica,Talca,Camila Valenzuela,cvalenzuela@comercial990.cl,+56 9 2317 8670,30,Diego Navarro,2019-08-03,1600000
C0991,Plásticos Rojas y Cía. Ltda.,76508047-1,Fábrica,La Serena,Felipe Torres,ftorres@plasticos991.cl,+56 9 4192 6497,30,Macarena Lagos,2025-07-25,8600000
C0992,Hidráulica Central EIRL,77635824-0,Mantención industrial,La Serena,Jorge Torres,jtorres@hidraulica992.cl,+56 9 3525 1674,30,Ignacio Reyes,2022-12-25,18500000
C0993,Soldaduras Hermanos Soto Ltda.,77671536-4,Mantención industrial,Temuco,Catalina Soto,csoto@soldaduras993.cl,+56 9 3467 5852,30,Tomás Bravo,2019-01-25,27400000
C0994,Plásticos Bellavista EIRL,76067422-7,Taller,Antofagasta,Catalina Valenzuela,cvalenzuela@plasticos994.cl,+56 9 7838 3597,30,Sofía Castro,2020-01-06,15000000
C0995,Comercial del Sur S.A.,76376184-7,Mantención industrial,La Serena,Sergio Rodríguez,srodriguez@comercial995.cl,+56 9 2250 8093,30,Macarena Lagos,2019-02-06,2500000
C0996,Estructuras El Molino EIRL,77962650-1,Mantención industrial,Santiago,Francisca Espinoza,fespinoza@estructuras996.cl,+56 9 7093 5192,30,Ignacio Reyes,2025-12-11,4500000
C0997,Mecánica Rancagua Ltda.,76590434-4,Fábrica,Puerto Montt,Pedro Fuentes,pfuentes@mecanica997.cl,+56 9 6832 4114,30,Macarena Lagos,2021-09-26,7600000
C0998,Mecánica Buena Vista Ltda.,76336128-0,Fábrica,Santiago,Daniela Torres,dtorres@mecanica998.cl,+56 9 4953 3141,30,Sofía Castro,2024-10-03,3400000
C0999,Montajes Hermanos Soto EIRL,76263896-3,Contratista,Santiago,Jorge Martínez,jmartinez@montajes999.cl,+56 9 5664 4297,30,Ignacio Reyes,2024-11-09,3400000
C1000,Mantención Santa Elena EIRL,77028597-4,Fábrica,Puerto Montt,Camila Fuentes,cfuentes@mantención1000.cl,+56 9 2478 1138,30,Diego Navarro,2024-08-04,8100000
C1001,Mecánica Talca SpA,76897048-1,Fábrica,Concepción,Javiera Rojas,jrojas@mecanica1001.cl,+56 9 9586 3174,30,Tomás Bravo,2023-05-09,2700000
C1002,Comercial Altamira SpA,76485309-7,Taller,Valparaíso,Carlos Soto,csoto@comercial1002.cl,+56 9 4196 7455,30,Ignacio Reyes,2023-01-19,1200000
C1003,Hidráulica Del Valle EIRL,77315136-2,Contratista,Antofagasta,Francisca Fuentes,ffuentes@hidraulica1003.cl,+56 9 9083 9514,30,Sofía Castro,2021-02-02,1700000
C1004,Inversiones Santa Elena EIRL,77426477-1,Mantención industrial,Rancagua,Camila Araya,caraya@inversiones1004.cl,+56 9 9271 8079,30,Sofía Castro,2025-12-04,6400000
C1005,Comercial Los Álamos Ltda.,76264056-6,Mantención industrial,Valparaíso,Pedro Martínez,pmartinez@comercial1005.cl,+56 9 2033 8937,30,Sofía Castro,2021-02-23,2900000
C1006,Taller Bellavista S.A.,76592691-4,Taller,Antofagasta,Cristián Díaz,cdiaz@taller1006.cl,+56 9 4109 3534,30,Ignacio Reyes,2019-02-24,4400000
C1007,Metalúrgica Los Álamos SpA,77224816-0,Taller,Rancagua,Carlos Espinoza,cespinoza@metalurgica1007.cl,+56 9 8913 3715,30,Diego Navarro,2021-10-29,6700000
C1008,Metalúrgica El Molino SpA,76243469-5,Mantención industrial,Antofagasta,Constanza Torres,ctorres@metalurgica1008.cl,+56 9 9741 5606,30,Tomás Bravo,2021-03-04,1800000
C1009,Fábrica de Muebles Costa Azul Ltda.,76827333-6,Taller,Antofagasta,Valentina López,vlopez@fabrica1009.cl,+56 9 3438 9534,30,Tomás Bravo,2021-09-10,7500000
C1010,Ingeniería Tres Ríos EIRL,77349542-8,Mantención industrial,Rancagua,Fernanda Torres,ftorres@ingenieria1010.cl,+56 9 1335 3483,30,Ignacio Reyes,2019-02-18,4700000
C1011,Constructora Costa Azul EIRL,76175669-7,Mantención industrial,Valparaíso,Daniela Valenzuela,dvalenzuela@constructora1011.cl,+56 9 1912 8287,30,Tomás Bravo,2023-02-28,1000000
C1012,Inversiones Del Valle S.A.,76547757-1,Fábrica,Puerto Montt,Jorge Torres,jtorres@inversiones1012.cl,+56 9 6087 2754,30,Macarena Lagos,2025-04-27,17600000
C1013,Transportes Díaz Ltda. Ltda.,76008899-2,Taller,Valparaíso,Daniela Contreras,dcontreras@transportes1013.cl,+56 9 1713 2426,30,Macarena Lagos,2020-01-04,1600000
C1014,Mecánica La Esperanza Ltda.,76595900-K,Taller,Concepción,Felipe Torres,ftorres@mecanica1014.cl,+56 9 1645 1129,30,Diego Navarro,2021-10-16,1000000
C1015,Transportes San Martín SpA,77680255-9,Taller,Antofagasta,Daniela Espinoza,despinoza@transportes1015.cl,+56 9 4047 1574,30,Macarena Lagos,2023-10-25,1000000
C1016,Ingeniería El Faro SpA,76998734-1,Taller,Valparaíso,Paula Sepúlveda,psepulveda@ingenieria1016.cl,+56 9 2698 9805,30,Tomás Bravo,2019-06-18,1000000
C1017,Carpintería Santa Elena S.A.,76689157-2,Fábrica,La Serena,Patricio Rodríguez,prodriguez@carpinteria1017.cl,+56 9 9562 3924,30,Diego Navarro,2024-07-12,3100000
C1018,Metalúrgica Punta Arenas S.A.,77876566-3,Mantención industrial,La Serena,Patricio Flores,pflores@metalurgica1018.cl,+56 9 9636 3813,30,Tomás Bravo,2026-08-24,2100000
C1019,Estructuras Fuentes Ltda.,76346584-9,Contratista,Valparaíso,Sergio Valenzuela,svalenzuela@estructuras1019.cl,+56 9 6774 7210,30,Macarena Lagos,2019-11-24,1900000
C1020,Metalúrgica Llanquihue EIRL,77137470-4,Contratista,Temuco,Rodrigo Pérez,rperez@metalurgica1020.cl,+56 9 7336 5994,30,Macarena Lagos,2026-04-10,6300000
C1021,Inversiones Hermanos Soto SpA,76359174-9,Fábrica,Talca,Jorge Muñoz,jmuñoz@inversiones1021.cl,+56 9 5350 4747,30,Diego Navarro,2021-05-01,4400000
C1022,Maestranza La Esperanza EIRL,76284166-4,Mantención industrial,Santiago,Pedro Torres,ptorres@maestranza1022.cl,+56 9 3914 9586,30,Tomás Bravo,2024-10-24,4300000
C1023,Inversiones Los Pinos Ltda.,77270613-7,Mantención industrial,Talca,Andrea Soto,asoto@inversiones1023.cl,+56 9 6981 5270,30,Sofía Castro,2025-05-25,4900000
C1024,Metalúrgica Quillota EIRL,76068712-K,Mantención industrial,Antofagasta,Rodrigo Fuentes,rfuentes@metalurgica1024.cl,+56 9 3480 1922,30,Macarena Lagos,2024-11-26,6300000
C1025,Mecánica El Roble SpA,76320242-8,Mantención industrial,Valparaíso,Francisca Contreras,fcontreras@mecanica1025.cl,+56 9 2716 8545,30,Sofía Castro,2020-06-22,1000000
C1026,Fábrica de Muebles Talca S.A.,76060819-K,Contratista,Concepción,Francisca Hernández,fhernandez@fabrica1026.cl,+56 9 6655 2230,30,Macarena Lagos,2026-05-19,1800000
C1027,Comercial Los Pinos Ltda.,76076090-9,Taller,Concepción,Carlos Rodríguez,crodriguez@comercial1027.cl,+56 9 1811 2193,30,Macarena Lagos,2022-02-22,1000000
C1028,Hidráulica Fuentes Ltda.,76926161-5,Mantención industrial,Concepción,Andrea Díaz,adiaz@hidraulica1028.cl,+56 9 4174 6580,30,Ignacio Reyes,2019-10-24,3000000
C1029,Carpintería Buena Vista Ltda.,77457465-0,Taller,Rancagua,Cristián Silva,csilva@carpinteria1029.cl,+56 9 6210 5909,30,Macarena Lagos,2021-09-03,2900000
C1030,Transportes Punta Arenas Ltda.,76475869-7,Mantención industrial,Talca,Cristián Rojas,crojas@transportes1030.cl,+56 9 5382 1090,30,Macarena Lagos,2017-10-24,10700000
C1031,Estructuras del Sur S.A.,76740186-1,Mantención industrial,Puerto Montt,Paula Rojas,projas@estructuras1031.cl,+56 9 7805 9609,30,Sofía Castro,2021-08-17,12800000
C1032,Metalúrgica Talca EIRL,77723653-9,Contratista,La Serena,Felipe Díaz,fdiaz@metalurgica1032.cl,+56 9 5312 2190,30,Macarena Lagos,2025-06-15,3700000
C1033,Hidráulica Punta Arenas Ltda.,76271244-1,Contratista,La Serena,Paula Morales,pmorales@hidraulica1033.cl,+56 9 9481 5275,30,Ignacio Reyes,2025-11-23,1600000
C1034,Mecánica Quillota EIRL,76892121-9,Taller,Rancagua,Luis Araya,laraya@mecanica1034.cl,+56 9 3303 8834,30,Ignacio Reyes,2017-07-17,5300000
C1035,Servicios Industriales Hermanos Soto Ltda.,76169832-7,Fábrica,Valparaíso,Carlos Flores,cflores@servicios1035.cl,+56 9 7467 4020,30,Ignacio Reyes,2025-04-14,1500000
C1036,Inversiones Rancagua Ltda.,77844419-8,Fábrica,Santiago,Camila Rojas,crojas@inversiones1036.cl,+56 9 1556 2852,30,Ignacio Reyes,2025-06-18,2900000
C1037,Estructuras Llanquihue Ltda.,76942565-3,Fábrica,Santiago,Javiera González,jgonzalez@estructuras1037.cl,+56 9 6395 3885,30,Diego Navarro,2025-02-01,10000000
C1038,Fábrica de Muebles Del Valle SpA,76232310-8,Contratista,Valparaíso,Fernanda Flores,fflores@fabrica1038.cl,+56 9 9399 8252,30,Ignacio Reyes,2018-01-19,1400000
C1039,Inversiones Hermanos Soto Ltda.,77061607-4,Contratista,La Serena,Patricio Rodríguez,prodriguez@inversiones1039.cl,+56 9 5913 8073,30,Ignacio Reyes,2020-08-27,8000000
C1040,Mecánica Muñoz e Hijos Ltda.,76872881-1,Fábrica,La Serena,Cristián Hernández,chernandez@mecanica1040.cl,+56 9 3626 5369,30,Sofía Castro,2025-02-24,6800000
C1041,Obras Civiles Los Pinos S.A.,76384896-5,Contratista,La Serena,Felipe Contreras,fcontreras@obras1041.cl,+56 9 7636 8811,30,Sofía Castro,2024-11-03,1000000
C1042,Fábrica de Muebles Buena Vista EIRL,76193813-3,Taller,Talca,Carlos Valenzuela,cvalenzuela@fabrica1042.cl,+56 9 1769 8123,30,Ignacio Reyes,2023-02-20,9800000
C1043,Taller San Pedro S.A.,76653528-4,Contratista,Rancagua,Valentina Morales,vmorales@taller1043.cl,+56 9 1112 9752,30,Tomás Bravo,2025-12-16,7000000
C1044,Maestranza Las Palmas SpA,77594892-1,Fábrica,Talca,Patricio Torres,ptorres@maestranza1044.cl,+56 9 7368 2275,30,Diego Navarro,2019-02-25,3300000
C1045,Transportes Talca Ltda.,77100607-K,Contratista,Concepción,Felipe González,fgonzalez@transportes1045.cl,+56 9 6438 2802,30,Sofía Castro,2018-10-13,1100000
C1046,Mecánica Rancagua SpA,77863333-3,Mantención industrial,Temuco,Andrea Rodríguez,arodriguez@mecanica1046.cl,+56 9 4658 1832,30,Sofía Castro,2018-10-08,1000000
C1047,Plásticos Monte Verde EIRL,77774784-4,Mantención industrial,Puerto Montt,Sergio Sepúlveda,ssepulveda@plasticos1047.cl,+56 9 5557 6211,30,Sofía Castro,2023-11-09,1500000
C1048,Soldaduras Rojas y Cía. S.A.,76134946-5,Taller,Valparaíso,Francisca Fuentes,ffuentes@soldaduras1048.cl,+56 9 9496 5346,30,Ignacio Reyes,2023-06-08,5700000
C1049,Ingeniería San Martín Ltda.,77386464-1,Fábrica,Puerto Montt,Patricio Muñoz,pmuñoz@ingenieria1049.cl,+56 9 1235 1719,30,Macarena Lagos,2023-09-12,1000000
C1050,Metalúrgica Buena Vista Ltda.,76901297-8,Taller,La Serena,Constanza Torres,ctorres@metalurgica1050.cl,+56 9 4299 2685,30,Ignacio Reyes,2022-10-24,5000000
C1051,Tornería Santa Elena S.A.,76667822-5,Contratista,Puerto Montt,Javiera Flores,jflores@torneria1051.cl,+56 9 5721 6064,30,Diego Navarro,2018-06-28,1000000
C1052,Constructora Hermanos Soto EIRL,77613556-3,Contratista,Valparaíso,Camila Araya,caraya@constructora1052.cl,+56 9 3630 9123,30,Tomás Bravo,2021-06-08,2300000
C1053,Constructora Buena Vista EIRL,76375355-5,Taller,Antofagasta,Cristián Soto,csoto@constructora1053.cl,+56 9 4060 7675,30,Sofía Castro,2018-12-27,3300000
C1054,Obras Civiles Horizonte SpA,76748248-4,Fábrica,Rancagua,Francisca Torres,ftorres@obras1054.cl,+56 9 2418 2726,30,Ignacio Reyes,2024-10-29,61800000
C1055,Plásticos Hermanos Pérez EIRL,77397474-0,Mantención industrial,Antofagasta,Andrea Rodríguez,arodriguez@plasticos1055.cl,+56 9 5526 5060,30,Tomás Bravo,2020-03-16,1000000
C1056,Estructuras Cordillera S.A.,77657331-6,Fábrica,Santiago,Valentina Soto,vsoto@estructuras1056.cl,+56 9 8158 2234,30,Ignacio Reyes,2020-11-15,18300000
C1057,Hidráulica Poniente Ltda.,77765027-8,Contratista,La Serena,Luis Araya,laraya@hidraulica1057.cl,+56 9 7963 3964,30,Ignacio Reyes,2022-06-23,3500000
C1058,Montajes El Faro EIRL,77780391-4,Fábrica,La Serena,Cristián Rodríguez,crodriguez@montajes1058.cl,+56 9 1295 5728,30,Sofía Castro,2026-03-01,4900000
C1059,Obras Civiles La Esperanza S.A.,77789175-2,Contratista,Antofagasta,Manuel Hernández,mhernandez@obras1059.cl,+56 9 1348 1210,30,Macarena Lagos,2022-12-30,3400000
C1060,Metalúrgica Monte Verde Ltda.,76400331-4,Taller,Concepción,Paula Contreras,pcontreras@metalurgica1060.cl,+56 9 5458 3695,30,Macarena Lagos,2022-10-09,5100000
C1061,Hidráulica San Pedro S.A.,77129843-7,Fábrica,Valparaíso,Camila Contreras,ccontreras@hidraulica1061.cl,+56 9 6044 9413,30,Macarena Lagos,2021-10-05,2400000
C1062,Inversiones Costa Azul EIRL,77128462-2,Taller,Valparaíso,Sergio López,slopez@inversiones1062.cl,+56 9 7100 2567,30,Ignacio Reyes,2020-03-31,17900000
C1063,Inversiones Norte Grande SpA,77723822-K,Contratista,Santiago,Sergio González,sgonzalez@inversiones1063.cl,+56 9 3862 2604,30,Tomás Bravo,2022-11-08,1600000
C1064,Soldaduras Poniente S.A.,76550077-9,Contratista,Puerto Montt,Javiera Silva,jsilva@soldaduras1064.cl,+56 9 6265 8772,30,Sofía Castro,2020-10-26,12000000
C1065,Ingeniería La Esperanza S.A.,76251022-K,Mantención industrial,Rancagua,Felipe Silva,fsilva@ingenieria1065.cl,+56 9 3831 7203,30,Macarena Lagos,2022-12-25,1300000
C1066,Comercial Talca Ltda.,77172781-2,Mantención industrial,Santiago,Daniela Díaz,ddiaz@comercial1066.cl,+56 9 7245 3962,30,Tomás Bravo,2020-05-28,2700000
C1067,Comercial Norte Grande EIRL,76796232-3,Taller,Santiago,Carlos Valenzuela,cvalenzuela@comercial1067.cl,+56 9 2215 4349,30,Macarena Lagos,2022-01-31,1000000
C1068,Hidráulica Del Valle SpA,76004774-5,Mantención industrial,Temuco,Daniela Silva,dsilva@hidraulica1068.cl,+56 9 9033 5750,30,Ignacio Reyes,2025-05-17,5100000
C1069,Mantención Buena Vista S.A.,77735982-4,Fábrica,Talca,Francisca Díaz,fdiaz@mantención1069.cl,+56 9 8695 1108,30,Tomás Bravo,2024-05-05,17700000
C1070,Hidráulica Aconcagua SpA,76727587-0,Taller,Santiago,Andrea Soto,asoto@hidraulica1070.cl,+56 9 5564 7531,30,Tomás Bravo,2022-03-21,2600000
C1071,Comercial Bellavista EIRL,77223434-1,Mantención industrial,Concepción,Felipe Valenzuela,fvalenzuela@comercial1071.cl,+56 9 1091 6926,30,Tomás Bravo,2018-03-24,2300000
C1072,Soldaduras Horizonte S.A.,77052415-2,Fábrica,Antofagasta,Carlos Flores,cflores@soldaduras1072.cl,+56 9 5093 3673,30,Tomás Bravo,2017-11-28,1000000
C1073,Comercial Talca EIRL,76066406-2,Taller,Santiago,Luis Díaz,ldiaz@comercial1073.cl,+56 9 3580 2248,30,Diego Navarro,2018-08-17,2200000
C1074,Comercial Santa Elena EIRL,76965210-8,Fábrica,Talca,Paula Rojas,projas@comercial1074.cl,+56 9 9300 6985,30,Macarena Lagos,2021-02-21,1000000
C1075,Comercial Llanquihue Ltda.,77034944-3,Mantención industrial,Puerto Montt,Andrea Pérez,aperez@comercial1075.cl,+56 9 2823 6057,30,Tomás Bravo,2020-02-05,1000000
C1076,Obras Civiles Monte Verde SpA,77930686-6,Taller,Temuco,Manuel Díaz,mdiaz@obras1076.cl,+56 9 5940 9448,30,Macarena Lagos,2017-12-27,3900000
C1077,Mantención Central S.A.,77045105-4,Contratista,Talca,Camila Valenzuela,cvalenzuela@mantención1077.cl,+56 9 4953 2284,30,Ignacio Reyes,2023-06-27,15100000
C1078,Obras Civiles El Molino EIRL,77758185-3,Contratista,Santiago,Fernanda Martínez,fmartinez@obras1078.cl,+56 9 2244 4573,60,Sofía Castro,2019-12-28,97400000
C1079,Carpintería Los Pinos S.A.,76481243-8,Fábrica,Talca,Sergio Hernández,shernandez@carpinteria1079.cl,+56 9 9766 6844,30,Sofía Castro,2025-06-09,1400000
C1080,Soldaduras La Esperanza S.A.,76494344-0,Contratista,Talca,Camila Silva,csilva@soldaduras1080.cl,+56 9 7663 8767,30,Ignacio Reyes,2018-02-18,17500000
C1081,Inversiones La Esperanza Ltda.,77702339-K,Contratista,Rancagua,Felipe Muñoz,fmuñoz@inversiones1081.cl,+56 9 1672 7566,30,Diego Navarro,2024-10-09,3900000
C1082,Maestranza del Sur SpA,76153101-5,Taller,Puerto Montt,Fernanda Rodríguez,frodriguez@maestranza1082.cl,+56 9 7226 5303,30,Tomás Bravo,2020-05-26,2400000
C1083,Fábrica de Muebles Los Álamos S.A.,77702968-4,Contratista,Talca,Valentina Silva,vsilva@fabrica1083.cl,+56 9 1619 5747,30,Ignacio Reyes,2026-02-21,5000000
C1084,Obras Civiles Díaz Ltda. S.A.,76880585-K,Contratista,Temuco,Cristián Martínez,cmartinez@obras1084.cl,+56 9 5710 5480,30,Sofía Castro,2018-04-17,3100000
C1085,Fábrica de Muebles La Esperanza Ltda.,76099787-2,Mantención industrial,Rancagua,Patricio López,plopez@fabrica1085.cl,+56 9 8901 8346,30,Macarena Lagos,2019-01-23,3300000
C1086,Estructuras Norte Grande EIRL,76824574-2,Mantención industrial,Concepción,Luis Torres,ltorres@estructuras1086.cl,+56 9 5642 4320,30,Sofía Castro,2026-08-24,1700000
C1087,Comercial Rancagua EIRL,77750868-0,Fábrica,Concepción,Camila Sepúlveda,csepulveda@comercial1087.cl,+56 9 5553 7509,30,Sofía Castro,2024-11-06,1000000
C1088,Mecánica Fuentes Ltda.,77577851-1,Mantención industrial,Rancagua,Luis Pérez,lperez@mecanica1088.cl,+56 9 6928 9977,30,Macarena Lagos,2024-07-31,1000000
C1089,Mecánica Cordillera Ltda.,77080080-1,Mantención industrial,La Serena,Carlos Valenzuela,cvalenzuela@mecanica1089.cl,+56 9 5600 5845,30,Ignacio Reyes,2025-03-24,6600000
C1090,Maestranza del Sur S.A.,76946243-1,Fábrica,Concepción,Jorge Silva,jsilva@maestranza1090.cl,+56 9 3695 6555,30,Diego Navarro,2023-10-13,2100000
C1091,Comercial Valle Central EIRL,76870103-2,Fábrica,Antofagasta,Patricio Hernández,phernandez@comercial1091.cl,+56 9 6579 1576,30,Macarena Lagos,2019-04-10,1400000
C1092,Inversiones Aconcagua S.A.,77431468-K,Taller,Santiago,Catalina Martínez,cmartinez@inversiones1092.cl,+56 9 1515 1582,30,Ignacio Reyes,2018-10-03,2900000
C1093,Maestranza Llanquihue SpA,76566661-6,Contratista,Santiago,Paula Araya,paraya@maestranza1093.cl,+56 9 8746 5492,30,Sofía Castro,2022-11-20,7900000
C1094,Metalúrgica El Faro EIRL,76547120-5,Fábrica,Rancagua,Cristián Pérez,cperez@metalurgica1094.cl,+56 9 6930 1987,30,Macarena Lagos,2022-05-25,3600000
C1095,Maestranza Poniente Ltda.,76691712-1,Fábrica,Antofagasta,Paula Silva,psilva@maestranza1095.cl,+56 9 2387 4175,30,Ignacio Reyes,2021-05-15,1300000
C1096,Estructuras San Martín S.A.,77355125-2,Mantención industrial,Puerto Montt,Fernanda Pérez,fperez@estructuras1096.cl,+56 9 1777 8850,30,Tomás Bravo,2018-07-11,13500000
C1097,Tornería Las Palmas EIRL,77383953-9,Fábrica,Antofagasta,Jorge Sepúlveda,jsepulveda@torneria1097.cl,+56 9 9317 4851,30,Ignacio Reyes,2018-12-27,20900000
C1098,Montajes Poniente SpA,77454533-0,Contratista,Concepción,Felipe Rojas,frojas@montajes1098.cl,+56 9 6062 2615,30,Tomás Bravo,2021-02-18,5400000
C1099,Transportes El Roble S.A.,77802698-4,Contratista,Valparaíso,Patricio Fuentes,pfuentes@transportes1099.cl,+56 9 9860 5032,30,Tomás Bravo,2023-08-27,9800000
C1100,Inversiones Las Palmas EIRL,77495014-7,Mantención industrial,Temuco,Valentina Morales,vmorales@inversiones1100.cl,+56 9 1683 2359,30,Macarena Lagos,2021-02-06,13700000
C1101,Mecánica La Colina EIRL,77980405-7,Contratista,La Serena,Catalina Flores,cflores@mecanica1101.cl,+56 9 3958 4989,30,Ignacio Reyes,2023-01-18,11900000
C1102,Carpintería La Colina Ltda.,76881008-5,Taller,Rancagua,Luis Silva,lsilva@carpinteria1102.cl,+56 9 1063 6351,30,Ignacio Reyes,2020-10-27,6300000
C1103,Estructuras Quillota EIRL,76631126-0,Fábrica,Antofagasta,Jorge Díaz,jdiaz@estructuras1103.cl,+56 9 3376 7853,30,Sofía Castro,2025-12-16,6100000
C1104,Comercial El Faro S.A.,76094134-2,Mantención industrial,Santiago,Jorge Díaz,jdiaz@comercial1104.cl,+56 9 1363 8934,30,Macarena Lagos,2022-09-15,5600000
C1105,Carpintería El Roble EIRL,76203664-0,Contratista,Antofagasta,Fernanda Soto,fsoto@carpinteria1105.cl,+56 9 8909 2337,30,Sofía Castro,2022-12-07,1000000
C1106,Taller Aconcagua S.A.,76041374-6,Contratista,Concepción,Carlos Espinoza,cespinoza@taller1106.cl,+56 9 7110 7293,30,Macarena Lagos,2019-07-09,7000000
C1107,Transportes La Colina SpA,76526087-4,Taller,Concepción,Manuel González,mgonzalez@transportes1107.cl,+56 9 3952 9442,30,Ignacio Reyes,2018-12-27,1000000
C1108,Mecánica Buena Vista EIRL,76074313-9,Fábrica,Rancagua,Catalina Martínez,cmartinez@mecanica1108.cl,+56 9 7226 8313,30,Macarena Lagos,2021-02-14,1100000
C1109,Servicios Industriales La Esperanza S.A.,77279813-2,Contratista,La Serena,Sergio López,slopez@servicios1109.cl,+56 9 1008 1270,30,Diego Navarro,2025-05-20,14800000
C1110,Constructora El Faro EIRL,76317953-9,Taller,Temuco,Camila Flores,cflores@constructora1110.cl,+56 9 9916 6708,30,Macarena Lagos,2019-04-23,8300000
C1111,Fábrica de Muebles Muñoz e Hijos EIRL,76591169-0,Fábrica,La Serena,Cristián Soto,csoto@fabrica1111.cl,+56 9 9437 2790,30,Sofía Castro,2026-06-13,18700000
C1112,Montajes Cordillera S.A.,76061588-9,Fábrica,Santiago,Luis Rodríguez,lrodriguez@montajes1112.cl,+56 9 1183 1709,30,Sofía Castro,2019-03-26,2100000
C1113,Soldaduras Río Claro S.A.,76514994-9,Taller,Talca,Luis Contreras,lcontreras@soldaduras1113.cl,+56 9 5059 5241,30,Sofía Castro,2019-04-02,1000000
C1114,Carpintería Rancagua S.A.,76697467-0,Taller,Antofagasta,Patricio Torres,ptorres@carpinteria1114.cl,+56 9 1060 4477,30,Ignacio Reyes,2023-04-30,2200000
C1115,Soldaduras del Sur SpA,77461758-8,Contratista,Antofagasta,Francisca López,flopez@soldaduras1115.cl,+56 9 7761 1827,30,Macarena Lagos,2019-03-22,3300000
C1116,Estructuras Valle Central S.A.,76140983-8,Taller,Puerto Montt,Rodrigo Fuentes,rfuentes@estructuras1116.cl,+56 9 6576 4503,30,Sofía Castro,2023-03-22,3200000
C1117,Transportes Talca S.A.,76966371-2,Mantención industrial,Valparaíso,Francisca Soto,fsoto@transportes1117.cl,+56 9 3792 8143,30,Ignacio Reyes,2017-10-22,12000000
C1118,Ingeniería Los Pinos Ltda.,77631597-8,Fábrica,Temuco,Camila Araya,caraya@ingenieria1118.cl,+56 9 4952 5529,30,Sofía Castro,2022-01-13,1900000
C1119,Fábrica de Muebles Bellavista SpA,77587080-0,Mantención industrial,Rancagua,Fernanda Fuentes,ffuentes@fabrica1119.cl,+56 9 5970 5212,30,Sofía Castro,2022-05-04,4500000
C1120,Soldaduras Quillota S.A.,76750090-7,Fábrica,Concepción,Constanza Díaz,cdiaz@soldaduras1120.cl,+56 9 5973 7200,30,Tomás Bravo,2022-02-25,1000000
C1121,Servicios Industriales El Roble SpA,77613321-5,Taller,Valparaíso,Patricio Rodríguez,prodriguez@servicios1121.cl,+56 9 8439 4861,30,Sofía Castro,2018-04-12,5100000
C1122,Plásticos Mirador EIRL,76346082-K,Contratista,Valparaíso,Felipe Hernández,fhernandez@plasticos1122.cl,+56 9 9388 3646,30,Diego Navarro,2021-01-30,2900000
C1123,Transportes Pacífico SpA,76567168-6,Contratista,Temuco,Francisca López,flopez@transportes1123.cl,+56 9 4978 4060,30,Tomás Bravo,2026-06-21,1100000
C1124,Mantención Ñuble SpA,76162379-K,Taller,Rancagua,Andrea Valenzuela,avalenzuela@mantención1124.cl,+56 9 8544 9133,30,Diego Navarro,2026-08-07,2200000
C1125,Metalúrgica Norte Grande S.A.,77094549-2,Mantención industrial,Valparaíso,Francisca López,flopez@metalurgica1125.cl,+56 9 7299 2791,30,Sofía Castro,2019-07-29,2300000
C1126,Mecánica Maule S.A.,76437345-7,Mantención industrial,Valparaíso,Valentina Hernández,vhernandez@mecanica1126.cl,+56 9 7086 3749,30,Ignacio Reyes,2019-08-08,2100000
C1127,Hidráulica Santa Elena EIRL,77582113-5,Fábrica,Temuco,Rodrigo Rojas,rrojas@hidraulica1127.cl,+56 9 2877 6556,60,Sofía Castro,2021-08-13,26600000
C1128,Plásticos Pacífico Ltda.,76588080-K,Contratista,Antofagasta,Constanza Pérez,cperez@plasticos1128.cl,+56 9 6293 9932,30,Diego Navarro,2025-08-25,2600000
C1129,Constructora Tres Ríos EIRL,77913751-0,Contratista,Santiago,Constanza Contreras,ccontreras@constructora1129.cl,+56 9 8702 5763,30,Macarena Lagos,2020-09-16,2100000
C1130,Montajes Mirador Ltda.,76738381-1,Fábrica,La Serena,Luis Pérez,lperez@montajes1130.cl,+56 9 2162 6142,30,Ignacio Reyes,2019-01-12,1000000
C1131,Hidráulica San Pedro SpA,76462217-5,Mantención industrial,Temuco,Camila Contreras,ccontreras@hidraulica1131.cl,+56 9 7452 7731,30,Macarena Lagos,2019-07-03,1000000
C1132,Obras Civiles Vargas Ltda.,76679999-9,Mantención industrial,Santiago,Javiera Rodríguez,jrodriguez@obras1132.cl,+56 9 4527 4745,30,Diego Navarro,2018-09-22,2100000
C1133,Carpintería Hermanos Pérez Ltda.,77800899-0,Contratista,Temuco,Rodrigo Morales,rmorales@carpinteria1133.cl,+56 9 4725 9728,30,Sofía Castro,2021-01-11,1200000
C1134,Plásticos Valle Central EIRL,76770115-0,Contratista,Rancagua,Patricio Díaz,pdiaz@plasticos1134.cl,+56 9 1005 6499,30,Macarena Lagos,2020-06-04,16400000
C1135,Comercial Monte Verde Ltda.,77936764-0,Fábrica,Antofagasta,Pedro Espinoza,pespinoza@comercial1135.cl,+56 9 7462 1267,30,Ignacio Reyes,2021-01-21,2400000
C1136,Soldaduras Punta Arenas S.A.,77485556-6,Mantención industrial,Antofagasta,Constanza Hernández,chernandez@soldaduras1136.cl,+56 9 5468 4863,30,Tomás Bravo,2019-01-31,14600000
C1137,Obras Civiles Buena Vista SpA,77222742-7,Mantención industrial,Antofagasta,Paula Soto,psoto@obras1137.cl,+56 9 7131 5176,30,Sofía Castro,2023-05-30,3100000
C1138,Obras Civiles Buena Vista EIRL,77038181-K,Fábrica,Valparaíso,Francisca Fuentes,ffuentes@obras1138.cl,+56 9 9630 6423,30,Ignacio Reyes,2019-12-02,3000000
C1139,Maestranza San Martín S.A.,76248265-1,Mantención industrial,Puerto Montt,Fernanda Fuentes,ffuentes@maestranza1139.cl,+56 9 9890 3202,30,Ignacio Reyes,2025-12-10,2600000
C1140,Plásticos Central S.A.,76891522-3,Contratista,Temuco,Francisca Fuentes,ffuentes@plasticos1140.cl,+56 9 9269 9025,30,Diego Navarro,2025-11-08,2900000
C1141,Plásticos La Colina EIRL,77832814-3,Fábrica,Talca,Carlos Rodríguez,crodriguez@plasticos1141.cl,+56 9 6484 8638,30,Tomás Bravo,2024-04-08,24900000
C1142,Soldaduras La Colina Ltda.,76140568-0,Taller,Santiago,Carlos Fuentes,cfuentes@soldaduras1142.cl,+56 9 5889 8287,30,Sofía Castro,2019-06-12,1000000
C1143,Estructuras Del Valle SpA,77055790-9,Mantención industrial,Rancagua,Rodrigo Soto,rsoto@estructuras1143.cl,+56 9 5687 6487,30,Diego Navarro,2018-08-11,1000000
C1144,Mecánica Santa Elena EIRL,77683633-6,Contratista,La Serena,Andrea Espinoza,aespinoza@mecanica1144.cl,+56 9 1986 6361,30,Sofía Castro,2022-07-28,1500000
C1145,Mecánica Costa Azul Ltda.,77598823-1,Contratista,Puerto Montt,Javiera Silva,jsilva@mecanica1145.cl,+56 9 5553 9921,30,Ignacio Reyes,2022-02-25,3000000
C1146,Carpintería Altamira SpA,77358221-5,Contratista,Valparaíso,Catalina Soto,csoto@carpinteria1146.cl,+56 9 1977 9390,30,Ignacio Reyes,2024-06-03,6900000
C1147,Metalúrgica Buena Vista S.A.,76756743-0,Taller,La Serena,Patricio Pérez,pperez@metalurgica1147.cl,+56 9 8537 9705,30,Ignacio Reyes,2021-09-24,5300000
C1148,Servicios Industriales Aconcagua Ltda.,76969441-8,Contratista,La Serena,Francisca Contreras,fcontreras@servicios1148.cl,+56 9 1438 9808,30,Tomás Bravo,2025-12-24,1800000
C1149,Constructora La Esperanza S.A.,76052172-K,Taller,Valparaíso,Jorge González,jgonzalez@constructora1149.cl,+56 9 5260 1032,30,Macarena Lagos,2024-05-01,10400000
C1150,Inversiones Bellavista SpA,77255439-1,Mantención industrial,Antofagasta,Camila Rojas,crojas@inversiones1150.cl,+56 9 7345 3683,30,Sofía Castro,2019-03-15,10500000
C1151,Mecánica Cordillera EIRL,77215430-1,Mantención industrial,Valparaíso,Carlos Fuentes,cfuentes@mecanica1151.cl,+56 9 3054 7411,30,Sofía Castro,2020-11-08,3700000
C1152,Plásticos Río Claro Ltda.,77624224-2,Taller,Valparaíso,Francisca González,fgonzalez@plasticos1152.cl,+56 9 2389 3077,30,Tomás Bravo,2023-03-15,9700000
C1153,Estructuras Oriente S.A.,76682829-4,Taller,Rancagua,Camila Araya,caraya@estructuras1153.cl,+56 9 8998 7592,30,Diego Navarro,2021-03-31,4100000
C1154,Metalúrgica Llanquihue S.A.,77080907-2,Contratista,Antofagasta,Sergio Araya,saraya@metalurgica1154.cl,+56 9 8972 5020,30,Ignacio Reyes,2023-11-03,1400000
C1155,Comercial Andina SpA,76273798-1,Contratista,Talca,Jorge Silva,jsilva@comercial1155.cl,+56 9 3969 6878,30,Tomás Bravo,2021-11-03,7000000
C1156,Plásticos Poniente EIRL,76843564-3,Fábrica,Concepción,Sergio López,slopez@plasticos1156.cl,+56 9 5320 9772,30,Sofía Castro,2017-07-22,3300000
C1157,Montajes Altamira S.A.,76322584-4,Contratista,Rancagua,Patricio Espinoza,pespinoza@montajes1157.cl,+56 9 2029 3198,30,Macarena Lagos,2018-09-28,2900000
C1158,Tornería La Esperanza SpA,76919030-9,Mantención industrial,La Serena,Fernanda Díaz,fdiaz@torneria1158.cl,+56 9 8772 6820,30,Sofía Castro,2021-03-04,18300000
C1159,Taller Ñuble Ltda.,76563029-4,Mantención industrial,Talca,Andrea Araya,aaraya@taller1159.cl,+56 9 4095 2329,30,Diego Navarro,2021-06-12,1000000
C1160,Metalúrgica Horizonte Ltda.,76560746-2,Fábrica,Rancagua,Rodrigo Fuentes,rfuentes@metalurgica1160.cl,+56 9 3631 1355,30,Ignacio Reyes,2019-03-04,1000000
C1161,Estructuras Norte Grande SpA,77878522-5,Taller,Antofagasta,Paula González,pgonzalez@estructuras1161.cl,+56 9 5484 5823,30,Sofía Castro,2018-02-21,1000000
C1162,Plásticos Rancagua SpA,77022964-1,Mantención industrial,Talca,Daniela Flores,dflores@plasticos1162.cl,+56 9 6603 4852,30,Diego Navarro,2021-06-27,1800000
C1163,Comercial Del Valle Ltda.,77043727-4,Taller,La Serena,Paula Flores,pflores@comercial1163.cl,+56 9 7398 6437,30,Macarena Lagos,2021-07-28,2100000
C1164,Comercial Los Álamos EIRL,76151683-4,Mantención industrial,Valparaíso,Constanza Muñoz,cmuñoz@comercial1164.cl,+56 9 9139 8993,30,Ignacio Reyes,2024-03-03,1000000
C1165,Plásticos Río Claro SpA,76586623-3,Taller,Talca,Patricio López,plopez@plasticos1165.cl,+56 9 9759 3889,30,Ignacio Reyes,2019-01-24,1000000
C1166,Carpintería del Sur EIRL,77571496-6,Taller,Puerto Montt,Francisca Pérez,fperez@carpinteria1166.cl,+56 9 8745 1143,30,Diego Navarro,2021-09-28,1000000
C1167,Taller Oriente S.A.,77131021-4,Fábrica,Antofagasta,Javiera Sepúlveda,jsepulveda@taller1167.cl,+56 9 8533 3019,45,Macarena Lagos,2023-03-05,62700000
C1168,Taller Quillota SpA,76359801-0,Mantención industrial,Talca,Constanza Valenzuela,cvalenzuela@taller1168.cl,+56 9 7856 9988,30,Macarena Lagos,2024-07-11,27600000
C1169,Estructuras Hermanos Pérez S.A.,76466230-0,Taller,Concepción,Carlos Silva,csilva@estructuras1169.cl,+56 9 3763 9000,30,Ignacio Reyes,2022-01-17,1700000
C1170,Ingeniería Río Claro S.A.,76563870-8,Taller,Santiago,Pedro Rodríguez,prodriguez@ingenieria1170.cl,+56 9 3900 6382,30,Tomás Bravo,2022-07-10,1800000
C1171,Constructora Horizonte S.A.,76280819-4,Fábrica,La Serena,Francisca Rojas,frojas@constructora1171.cl,+56 9 8380 4799,30,Tomás Bravo,2023-08-01,1000000
C1172,Servicios Industriales Valle Central EIRL,77456866-5,Contratista,La Serena,Paula Pérez,pperez@servicios1172.cl,+56 9 7706 2395,30,Macarena Lagos,2025-01-26,1000000
C1173,Maestranza Del Valle Ltda.,76090828-K,Mantención industrial,Talca,Patricio Torres,ptorres@maestranza1173.cl,+56 9 7890 6631,30,Tomás Bravo,2019-03-25,2500000
C1174,Transportes El Faro S.A.,77252812-1,Fábrica,Puerto Montt,Felipe Sepúlveda,fsepulveda@transportes1174.cl,+56 9 4614 6305,30,Sofía Castro,2019-10-18,1000000
C1175,Comercial Vargas S.A.,76797689-0,Contratista,Santiago,Luis Torres,ltorres@comercial1175.cl,+56 9 9235 9095,30,Sofía Castro,2019-02-27,2600000
C1176,Plásticos El Molino Ltda.,77984532-5,Contratista,Puerto Montt,Constanza Díaz,cdiaz@plasticos1176.cl,+56 9 4513 2026,30,Diego Navarro,2021-09-24,1000000
C1177,Fábrica de Muebles Punta Arenas EIRL,77491778-1,Contratista,Rancagua,Jorge Araya,jaraya@fabrica1177.cl,+56 9 8013 4496,30,Tomás Bravo,2023-04-16,1100000
C1178,Mecánica Ñuble Ltda.,76890945-1,Fábrica,La Serena,Cristián Contreras,ccontreras@mecanica1178.cl,+56 9 8234 1545,30,Sofía Castro,2023-01-01,3500000
C1179,Soldaduras Rancagua S.A.,76459759-1,Taller,Rancagua,Jorge Hernández,jhernandez@soldaduras1179.cl,+56 9 8253 5226,30,Ignacio Reyes,2024-12-18,4600000
C1180,Plásticos Las Palmas SpA,76523573-K,Mantención industrial,Antofagasta,Carlos Torres,ctorres@plasticos1180.cl,+56 9 1399 5279,30,Tomás Bravo,2017-07-22,4900000
C1181,Maestranza Quillota S.A.,77134462-3,Contratista,La Serena,Valentina Fuentes,vfuentes@maestranza1181.cl,+56 9 8824 7682,30,Diego Navarro,2018-06-28,1000000
C1182,Hidráulica Central SpA,76622031-4,Fábrica,Valparaíso,Andrea Hernández,ahernandez@hidraulica1182.cl,+56 9 9560 3147,30,Ignacio Reyes,2022-02-08,8500000
C1183,Soldaduras Santa Elena EIRL,77362547-4,Mantención industrial,Puerto Montt,Camila Valenzuela,cvalenzuela@soldaduras1183.cl,+56 9 3581 3379,30,Macarena Lagos,2024-08-11,1100000
C1184,Maestranza Fuentes S.A.,76008404-3,Taller,Santiago,Daniela Díaz,ddiaz@maestranza1184.cl,+56 9 5510 9879,30,Ignacio Reyes,2023-11-18,6400000
C1185,Carpintería La Esperanza Ltda.,76880318-1,Fábrica,Rancagua,Luis Flores,lflores@carpinteria1185.cl,+56 9 9419 7950,30,Diego Navarro,2025-08-21,2900000
C1186,Mecánica Altamira EIRL,77001191-4,Mantención industrial,Rancagua,Paula Silva,psilva@mecanica1186.cl,+56 9 2288 3222,30,Sofía Castro,2026-01-07,1000000
C1187,Tornería Bellavista S.A.,77224953-8,Mantención industrial,Talca,Paula Soto,psoto@torneria1187.cl,+56 9 2790 3266,30,Sofía Castro,2023-11-01,2000000
C1188,Servicios Industriales Costa Azul S.A.,76713771-5,Mantención industrial,Concepción,Camila Soto,csoto@servicios1188.cl,+56 9 6903 4599,30,Ignacio Reyes,2023-01-03,4600000
C1189,Metalúrgica Las Palmas SpA,77035204-K,Taller,Antofagasta,Luis Soto,lsoto@metalurgica1189.cl,+56 9 6534 1138,30,Macarena Lagos,2018-06-06,6300000
C1190,Ingeniería Oriente S.A.,77832860-9,Fábrica,Rancagua,Andrea González,agonzalez@ingenieria1190.cl,+56 9 6422 6170,30,Diego Navarro,2020-01-09,2400000
C1191,Mantención Río Claro Ltda.,76881729-4,Fábrica,Temuco,Paula Díaz,pdiaz@mantención1191.cl,+56 9 4289 4173,30,Macarena Lagos,2024-05-15,19700000
C1192,Estructuras Llanquihue SpA,77682336-5,Mantención industrial,Santiago,Constanza Martínez,cmartinez@estructuras1192.cl,+56 9 3884 3559,30,Tomás Bravo,2017-10-30,10200000
C1193,Soldaduras San Pedro EIRL,77013412-K,Taller,Concepción,Paula Martínez,pmartinez@soldaduras1193.cl,+56 9 6595 3208,30,Macarena Lagos,2025-11-16,2100000
C1194,Ingeniería Díaz Ltda. Ltda.,77456677-0,Contratista,La Serena,Valentina Torres,vtorres@ingenieria1194.cl,+56 9 5057 2329,30,Tomás Bravo,2018-11-16,7400000
C1195,Comercial San Martín Ltda.,76805522-4,Mantención industrial,Puerto Montt,Cristián Díaz,cdiaz@comercial1195.cl,+56 9 7015 4071,30,Sofía Castro,2021-02-09,32600000
C1196,Fábrica de Muebles Altamira EIRL,77551259-3,Taller,Puerto Montt,Felipe Sepúlveda,fsepulveda@fabrica1196.cl,+56 9 8965 2865,60,Tomás Bravo,2020-03-14,33700000
C1197,Tornería Horizonte EIRL,77829277-5,Fábrica,Valparaíso,Manuel Espinoza,mespinoza@torneria1197.cl,+56 9 6783 2287,30,Ignacio Reyes,2024-02-16,1000000
C1198,Transportes Fuentes Ltda.,76405604-8,Fábrica,Puerto Montt,Manuel Pérez,mperez@transportes1198.cl,+56 9 1957 7782,30,Sofía Castro,2017-10-27,1000000
C1199,Soldaduras Poniente SpA,77033758-0,Mantención industrial,Santiago,Luis Sepúlveda,lsepulveda@soldaduras1199.cl,+56 9 6389 7962,30,Sofía Castro,2022-04-16,18600000
C1200,Soldaduras Talca S.A.,76944914-4,Taller,La Serena,Andrea Torres,atorres@soldaduras1200.cl,+56 9 6300 3741,30,Tomás Bravo,2025-03-02,1000000
