id_documento,tipo,id_cliente,fecha_emision,fecha_vencimiento,monto_neto,impuesto,monto_total,documento_referencia,en_disputa,observacion
F-000001,factura,C0651,2025-10-01,2025-10-31,183270,34821,218091,,no,
F-000002,factura,C0184,2025-10-01,2025-10-31,464000,88160,552160,,no,
F-000003,factura,C0124,2025-10-01,2025-10-31,595190,113086,708276,,no,
F-000004,factura,C1155,2025-10-01,2025-10-31,357480,67921,425401,,no,
F-000005,factura,C0507,2025-10-01,2025-10-31,653330,124133,777463,,no,
F-000006,factura,C0387,2025-10-01,2025-10-31,507240,96376,603616,,no,
F-000007,factura,C0398,2025-10-01,2025-10-31,926010,175942,1101952,,no,
F-000008,factura,C0099,2025-10-01,2025-10-31,167030,31736,198766,,no,
F-000009,factura,C0151,2025-10-01,2025-10-31,2089150,396938,2486088,,no,
F-000010,factura,C0958,2025-10-01,2025-11-30,445150,84578,529728,,no,
F-000011,factura,C0651,2025-10-01,2025-10-31,467420,88810,556230,,no,
F-000012,factura,C0163,2025-10-01,2025-11-15,379140,72037,451177,,no,
F-000013,factura,C0049,2025-10-01,2025-10-31,337380,64102,401482,,no,
F-000014,factura,C0249,2025-10-01,2025-10-31,1715020,325854,2040874,,no,Anulada por nota de crédito
F-000015,factura,C0283,2025-10-01,2025-10-31,1511370,287160,1798530,,no,
F-000016,factura,C0023,2025-10-01,2025-10-31,711550,135194,846744,,no,
F-000017,factura,C0249,2025-10-01,2025-10-31,457570,86938,544508,,no,Anulada por nota de crédito
F-000018,factura,C0901,2025-10-01,2025-10-31,818300,155477,973777,,no,
F-000019,factura,C1053,2025-10-01,2025-10-31,528990,100508,629498,,no,
F-000020,factura,C1078,2025-10-01,2025-11-30,428270,81371,509641,,no,
F-000021,factura,C0452,2025-10-01,2025-10-31,653550,124174,777724,,no,
F-000022,factura,C0352,2025-10-01,2025-10-31,350380,66572,416952,,no,
F-000023,factura,C1199,2025-10-01,2025-10-31,610170,115932,726102,,no,
F-000024,factura,C0934,2025-10-01,2025-11-15,587170,111562,698732,,no,
F-000025,factura,C0643,2025-10-01,2025-11-15,807770,153476,961246,,no,
F-000026,factura,C0275,2025-10-01,2025-10-31,303880,57737,361617,,no,
F-000027,factura,C0354,2025-10-01,2025-10-31,880110,167221,1047331,,no,
F-000028,factura,C0620,2025-10-01,2025-10-31,241500,45885,287385,,no,
F-000029,factura,C0643,2025-10-01,2025-11-15,315410,59928,375338,,no,
F-000030,factura,C0023,2025-10-01,2025-10-31,326620,62058,388678,,no,
F-000031,factura,C1158,2025-10-01,2025-10-31,211510,40187,251697,,no,
F-000032,factura,C0677,2025-10-01,2025-10-31,1123790,213520,1337310,,no,
F-000033,factura,C0691,2025-10-01,2025-10-31,229680,43639,273319,,no,
F-000034,factura,C0248,2025-10-01,2025-11-30,285090,54167,339257,,no,
F-000035,factura,C0771,2025-10-02,2025-11-16,158780,30168,188948,,no,
F-000036,factura,C0761,2025-10-02,2025-11-01,226650,43064,269714,,no,
F-000037,factura,C0420,2025-10-02,2025-11-01,528670,100447,629117,,no,
F-000038,factura,C0565,2025-10-02,2025-11-01,994270,188911,1183181,,no,
F-000039,factura,C0586,2025-10-02,2025-11-16,1478670,280947,1759617,,no,
F-000040,factura,C0261,2025-10-02,2025-11-01,402910,76553,479463,,no,
F-000041,factura,C0344,2025-10-02,2025-11-01,1695630,322170,2017800,,no,
F-000042,factura,C0495,2025-10-02,2025-11-01,309170,58742,367912,,no,
F-000043,factura,C0726,2025-10-02,2025-11-01,938820,178376,1117196,,no,
F-000044,factura,C1153,2025-10-02,2025-11-01,183440,34854,218294,,no,
F-000045,factura,C0643,2025-10-02,2025-11-16,545540,103653,649193,,no,
F-000046,factura,C0882,2025-10-02,2025-11-01,59870,11375,71245,,no,
F-000047,factura,C0140,2025-10-02,2025-11-01,566200,107578,673778,,no,
F-000048,factura,C0771,2025-10-02,2025-11-16,136410,25918,162328,,no,
F-000049,factura,C0580,2025-10-02,2025-11-01,548490,104213,652703,,no,
F-000050,factura,C0677,2025-10-02,2025-11-01,804950,152940,957890,,no,
F-000051,factura,C0057,2025-10-02,2025-11-01,261010,49592,310602,,no,
F-000052,factura,C1089,2025-10-02,2025-11-01,179550,34114,213664,,no,
F-000053,factura,C1149,2025-10-02,2025-11-01,266740,50681,317421,,no,
F-000054,factura,C0004,2025-10-02,2025-11-01,180000,34200,214200,,no,
F-000055,factura,C0248,2025-10-02,2025-12-01,359470,68299,427769,,no,
F-000056,factura,C0226,2025-10-02,2025-11-01,422960,80362,503322,,no,
F-000057,factura,C0948,2025-10-02,2025-11-01,305150,57978,363128,,no,
F-000058,factura,C0718,2025-10-02,2025-11-01,1487870,282695,1770565,,no,
F-000059,factura,C0219,2025-10-02,2025-11-01,219220,41652,260872,,no,
F-000060,factura,C0990,2025-10-02,2025-11-01,1186500,225435,1411935,,no,
F-000061,factura,C0394,2025-10-02,2025-11-01,169460,32197,201657,,no,
F-000062,factura,C0549,2025-10-02,2025-11-01,413160,78500,491660,,no,
F-000063,factura,C0449,2025-10-02,2025-11-01,1004350,190826,1195176,,no,
F-000064,factura,C0631,2025-10-02,2025-11-01,963620,183088,1146708,,no,
F-000065,factura,C0578,2025-10-02,2025-11-01,278500,52915,331415,,no,
F-000066,factura,C1039,2025-10-03,2025-11-02,881420,167470,1048890,,no,
F-000067,factura,C0747,2025-10-03,2025-12-02,1115140,211877,1327017,,no,
F-000068,factura,C0683,2025-10-03,2025-11-02,1135240,215696,1350936,,no,
F-000069,factura,C0726,2025-10-03,2025-11-02,1222550,232284,1454834,,no,
F-000070,factura,C0647,2025-10-03,2025-11-02,664160,126190,790350,,no,
F-000071,factura,C0090,2025-10-03,2025-11-02,687770,130676,818446,,no,
F-000072,factura,C0832,2025-10-03,2025-11-02,975270,185301,1160571,,no,
F-000073,factura,C0848,2025-10-03,2025-11-02,1034610,196576,1231186,,no,
F-000074,factura,C0618,2025-10-03,2025-11-02,754840,143420,898260,,no,
F-000075,factura,C1059,2025-10-03,2025-11-02,1389560,264016,1653576,,no,
F-000076,factura,C0797,2025-10-03,2025-11-02,251080,47705,298785,,no,
F-000077,factura,C0031,2025-10-03,2025-11-02,857180,162864,1020044,,no,
F-000078,factura,C0090,2025-10-03,2025-11-02,540610,102716,643326,,no,
F-000079,factura,C0388,2025-10-03,2025-11-02,3947930,750107,4698037,,no,
F-000080,factura,C0550,2025-10-03,2025-11-02,1088630,206840,1295470,,no,
F-000081,factura,C0227,2025-10-03,2025-11-17,728510,138417,866927,,no,
F-000082,factura,C0249,2025-10-03,2025-11-02,1058880,201187,1260067,,no,
F-000083,factura,C0946,2025-10-03,2025-11-02,405610,77066,482676,,no,
F-000084,factura,C0935,2025-10-03,2025-11-02,936110,177861,1113971,,no,
F-000085,factura,C0442,2025-10-03,2025-11-02,506730,96279,603009,,no,
F-000086,factura,C0213,2025-10-03,2025-11-02,858910,163193,1022103,,no,
F-000087,factura,C0140,2025-10-03,2025-11-02,138330,26283,164613,,no,
F-000088,factura,C0249,2025-10-06,2025-11-05,1368230,259964,1628194,,no,
F-000089,factura,C0806,2025-10-06,2025-11-05,1468390,278994,1747384,,no,
F-000090,factura,C1100,2025-10-06,2025-11-05,2675760,508394,3184154,,no,
F-000091,factura,C0323,2025-10-06,2025-11-05,821770,156136,977906,,no,
F-000092,factura,C0354,2025-10-06,2025-11-05,163440,31054,194494,,no,
F-000093,factura,C1050,2025-10-06,2025-11-05,935470,177739,1113209,,no,
F-000094,factura,C1078,2025-10-06,2025-12-05,1049340,199375,1248715,,no,
F-000095,factura,C1097,2025-10-06,2025-11-05,390700,74233,464933,,no,
F-000096,factura,C0315,2025-10-06,2025-11-05,1005610,191066,1196676,,no,
F-000097,factura,C0156,2025-10-06,2025-11-05,669500,127205,796705,,no,
F-000098,factura,C0519,2025-10-06,2025-11-05,305260,57999,363259,,no,
F-000099,factura,C0319,2025-10-06,2025-11-05,1529260,290559,1819819,,no,
F-000100,factura,C1078,2025-10-06,2025-12-05,569280,108163,677443,,no,
F-000101,factura,C0052,2025-10-06,2025-11-05,645640,122672,768312,,no,
F-000102,factura,C0755,2025-10-06,2025-11-05,617260,117279,734539,,no,
F-000103,factura,C1089,2025-10-06,2025-11-05,2401230,456234,2857464,,no,
F-000104,factura,C1179,2025-10-06,2025-11-05,864900,164331,1029231,,no,
F-000105,factura,C0770,2025-10-06,2025-11-05,952060,180891,1132951,,no,
F-000106,factura,C1145,2025-10-06,2025-11-05,628190,119356,747546,,no,
F-000107,factura,C1078,2025-10-07,2025-12-06,720070,136813,856883,,no,
F-000108,factura,C0323,2025-10-07,2025-11-06,288120,54743,342863,,no,
F-000109,factura,C0474,2025-10-07,2025-11-06,426570,81048,507618,,no,
F-000110,factura,C0722,2025-10-07,2025-11-06,1050950,199680,1250630,,no,
F-000111,factura,C1199,2025-10-07,2025-11-06,264540,50263,314803,,no,
F-000112,factura,C1194,2025-10-07,2025-11-06,783400,148846,932246,,no,
F-000113,factura,C0618,2025-10-07,2025-11-06,1223920,232545,1456465,,no,
F-000114,factura,C0677,2025-10-07,2025-11-06,1600320,304061,1904381,,no,
F-000115,factura,C1078,2025-10-07,2025-12-06,420120,79823,499943,,no,
F-000116,factura,C1195,2025-10-07,2025-11-06,785310,149209,934519,,no,
F-000117,factura,C0944,2025-10-07,2025-11-06,897130,170455,1067585,,no,
F-000118,factura,C0102,2025-10-07,2025-11-06,2669330,507173,3176503,,no,
F-000119,factura,C1078,2025-10-07,2025-12-06,373530,70971,444501,,no,
F-000120,factura,C0934,2025-10-07,2025-11-21,7298690,1386751,8685441,,no,
F-000121,factura,C0906,2025-10-07,2025-11-21,622290,118235,740525,,no,
F-000122,factura,C0784,2025-10-07,2025-11-06,170560,32406,202966,,no,
F-000123,factura,C0490,2025-10-07,2025-11-06,485820,92306,578126,,no,
F-000124,factura,C0841,2025-10-08,2025-12-07,316130,60065,376195,,no,
F-000125,factura,C0829,2025-10-08,2025-11-07,1656800,314792,1971592,,no,
F-000126,factura,C0275,2025-10-08,2025-11-07,1785180,339184,2124364,,no,
F-000127,factura,C0102,2025-10-08,2025-11-07,1026510,195037,1221547,,no,
F-000128,factura,C0447,2025-10-08,2025-11-07,256520,48739,305259,,no,
F-000129,factura,C0345,2025-10-08,2025-11-22,97770,18576,116346,,no,
F-000130,factura,C0834,2025-10-08,2025-11-07,1332440,253164,1585604,,no,
F-000131,factura,C0993,2025-10-08,2025-11-07,614500,116755,731255,,no,
F-000132,factura,C0249,2025-10-08,2025-11-07,309680,58839,368519,,no,
F-000133,factura,C0632,2025-10-08,2025-12-07,1437330,273093,1710423,,no,
F-000134,factura,C0058,2025-10-08,2025-11-07,282150,53608,335758,,no,
F-000135,factura,C0249,2025-10-08,2025-11-07,400360,76068,476428,,no,
F-000136,factura,C0926,2025-10-08,2025-12-07,855430,162532,1017962,,no,
F-000137,factura,C0958,2025-10-08,2025-12-07,230630,43820,274450,,no,
F-000138,factura,C0941,2025-10-08,2025-11-07,514970,97844,612814,,no,
F-000139,factura,C0181,2025-10-08,2025-11-07,1343460,255257,1598717,,no,
F-000140,factura,C0651,2025-10-08,2025-11-07,665530,126451,791981,,no,
F-000141,factura,C0501,2025-10-08,2025-11-07,1524830,289718,1814548,,no,
F-000142,factura,C1196,2025-10-08,2025-12-07,1392110,264501,1656611,,no,
F-000143,factura,C0771,2025-10-08,2025-11-22,565600,107464,673064,,no,
F-000144,factura,C1120,2025-10-08,2025-11-07,86690,16471,103161,,no,
F-000145,factura,C0184,2025-10-08,2025-11-07,232080,44095,276175,,no,
F-000146,factura,C0530,2025-10-08,2025-11-07,1035210,196690,1231900,,no,
F-000147,factura,C0936,2025-10-08,2025-11-07,162630,30900,193530,,no,
F-000148,factura,C0418,2025-10-08,2025-11-07,432830,82238,515068,,no,
F-000149,factura,C0755,2025-10-08,2025-11-07,736920,140015,876935,,no,
F-000150,factura,C0761,2025-10-09,2025-11-08,773330,146933,920263,,no,
F-000151,factura,C0507,2025-10-09,2025-11-08,801420,152270,953690,,no,
F-000152,factura,C0612,2025-10-09,2025-11-08,315200,59888,375088,,no,
F-000153,factura,C0227,2025-10-09,2025-11-23,776890,147609,924499,,no,
F-000154,factura,C0427,2025-10-09,2025-11-08,208640,39642,248282,,no,
F-000155,factura,C0783,2025-10-09,2025-11-08,384050,72970,457020,,no,
F-000156,factura,C0507,2025-10-09,2025-11-08,3059050,581220,3640270,,no,
F-000157,factura,C0944,2025-10-09,2025-11-08,736910,140013,876923,,no,
F-000158,factura,C0507,2025-10-09,2025-11-08,1090960,207282,1298242,,no,
F-000159,factura,C0253,2025-10-09,2025-11-23,606750,115282,722032,,no,
F-000160,factura,C0301,2025-10-09,2025-12-08,218430,41502,259932,,no,
F-000161,factura,C0064,2025-10-09,2025-11-08,1934880,367627,2302507,,no,
F-000162,factura,C0643,2025-10-09,2025-11-23,160960,30582,191542,,no,
F-000163,factura,C1007,2025-10-09,2025-11-08,587030,111536,698566,,no,
F-000164,factura,C0934,2025-10-09,2025-11-23,875870,166415,1042285,,no,
F-000165,factura,C0515,2025-10-09,2025-11-08,1100260,209049,1309309,,no,
F-000166,factura,C0228,2025-10-09,2025-12-08,511700,97223,608923,,no,
F-000167,factura,C1054,2025-10-09,2025-11-08,210300,39957,250257,,no,
F-000168,factura,C0086,2025-10-09,2025-11-08,482040,91588,573628,,no,
F-000169,factura,C0468,2025-10-09,2025-12-08,502660,95505,598165,,no,
F-000170,factura,C1054,2025-10-09,2025-11-08,492960,93662,586622,,no,
F-000171,factura,C0459,2025-10-09,2025-11-08,1988150,377748,2365898,,no,
F-000172,factura,C0149,2025-10-09,2025-11-08,346550,65844,412394,,no,
F-000173,factura,C0293,2025-10-09,2025-11-08,1164090,221177,1385267,,no,
F-000174,factura,C0722,2025-10-09,2025-11-08,1038520,197319,1235839,,no,
F-000175,factura,C0503,2025-10-10,2025-11-09,487120,92553,579673,,no,
F-000176,factura,C1093,2025-10-10,2025-11-09,255570,48558,304128,,no,
F-000177,factura,C0156,2025-10-10,2025-11-09,2785380,529222,3314602,,no,
F-000178,factura,C0040,2025-10-10,2025-11-09,989520,188009,1177529,,no,
F-000179,factura,C0382,2025-10-10,2025-11-09,650510,123597,774107,,no,
F-000180,factura,C0672,2025-10-10,2025-11-09,1428310,271379,1699689,,no,
F-000181,factura,C0388,2025-10-10,2025-11-09,1135690,215781,1351471,,no,
F-000182,factura,C1128,2025-10-10,2025-11-09,971360,184558,1155918,,no,
F-000183,factura,C0275,2025-10-10,2025-11-09,1347680,256059,1603739,,no,
F-000184,factura,C0755,2025-10-10,2025-11-09,1331840,253050,1584890,,no,
F-000185,factura,C0007,2025-10-10,2025-11-09,1423150,270398,1693548,,no,
F-000186,factura,C0871,2025-10-10,2025-11-09,887420,168610,1056030,,no,
F-000187,factura,C0428,2025-10-10,2025-11-24,653160,124100,777260,,no,
F-000188,factura,C1184,2025-10-10,2025-11-09,2650380,503572,3153952,,no,
F-000189,factura,C0822,2025-10-10,2025-11-09,531560,100996,632556,,no,
F-000190,factura,C0076,2025-10-10,2025-11-09,1065490,202443,1267933,,no,
F-000191,factura,C0139,2025-10-10,2025-11-24,1084930,206137,1291067,,no,
F-000192,factura,C0138,2025-10-10,2025-11-09,478420,90900,569320,,no,
F-000193,factura,C1149,2025-10-10,2025-11-09,408250,77568,485818,,no,
F-000194,factura,C0807,2025-10-10,2025-11-09,587020,111534,698554,,no,
F-000195,factura,C0507,2025-10-10,2025-11-09,525510,99847,625357,,no,
F-000196,factura,C0394,2025-10-13,2025-11-12,369340,70175,439515,,no,
F-000197,factura,C0585,2025-10-13,2025-11-12,1986600,377454,2364054,,no,
F-000198,factura,C0249,2025-10-13,2025-11-12,873080,165885,1038965,,no,
F-000199,factura,C0813,2025-10-13,2025-11-12,567480,107821,675301,,no,
F-000200,factura,C0947,2025-10-13,2025-11-12,766190,145576,911766,,no,
F-000201,factura,C0376,2025-10-13,2025-12-12,280460,53287,333747,,no,
F-000202,factura,C1141,2025-10-13,2025-11-12,785480,149241,934721,,no,
F-000203,factura,C0044,2025-10-13,2025-11-12,333990,63458,397448,,no,
F-000204,factura,C0167,2025-10-13,2025-11-12,578790,109970,688760,,no,
F-000205,factura,C0691,2025-10-13,2025-11-12,1664920,316335,1981255,,no,
F-000206,factura,C0274,2025-10-13,2025-11-12,242630,46100,288730,,no,
F-000207,factura,C0653,2025-10-13,2025-12-12,1569460,298197,1867657,,no,
F-000208,factura,C0345,2025-10-13,2025-11-27,789670,150037,939707,,no,
F-000209,factura,C0653,2025-10-13,2025-12-12,514680,97789,612469,,no,
F-000210,factura,C0776,2025-10-13,2025-11-12,1443220,274212,1717432,,no,
F-000211,factura,C1167,2025-10-13,2025-11-27,694730,131999,826729,,no,
F-000212,factura,C0536,2025-10-13,2025-11-12,312550,59384,371934,,no,
F-000213,factura,C0770,2025-10-13,2025-11-12,3482620,661698,4144318,,no,
F-000214,factura,C0345,2025-10-13,2025-11-27,744110,141381,885491,,no,
F-000215,factura,C0274,2025-10-13,2025-11-12,574330,109123,683453,,no,
F-000216,factura,C1195,2025-10-13,2025-11-12,2041140,387817,2428957,,no,
F-000217,factura,C1024,2025-10-14,2025-11-13,1060500,201495,1261995,,no,
F-000218,factura,C0682,2025-10-14,2025-11-13,659520,125309,784829,,no,
F-000219,factura,C0585,2025-10-14,2025-11-13,1741130,330815,2071945,,no,
F-000220,factura,C0286,2025-10-14,2025-11-13,301570,57298,358868,,no,
F-000221,factura,C0958,2025-10-14,2025-12-13,452960,86062,539022,,no,
F-000222,factura,C0232,2025-10-14,2025-11-13,1260570,239508,1500078,,no,
F-000223,factura,C0266,2025-10-14,2025-11-13,2334080,443475,2777555,,no,
F-000224,factura,C1031,2025-10-14,2025-11-13,150380,28572,178952,,no,
F-000225,factura,C0906,2025-10-14,2025-11-28,2628970,499504,3128474,,no,
F-000226,factura,C0738,2025-10-14,2025-11-13,782630,148700,931330,,no,
F-000227,factura,C0058,2025-10-14,2025-11-13,193960,36852,230812,,no,
F-000228,factura,C0163,2025-10-14,2025-11-28,79310,15069,94379,,no,
F-000229,factura,C0593,2025-10-14,2025-12-13,257560,48936,306496,,no,
F-000230,factura,C0909,2025-10-14,2025-11-13,861790,163740,1025530,,no,
F-000231,factura,C0554,2025-10-14,2025-11-13,830520,157799,988319,,no,
F-000232,factura,C0028,2025-10-14,2025-11-13,1452920,276055,1728975,,no,
F-000233,factura,C0227,2025-10-14,2025-11-28,564070,107173,671243,,no,
F-000234,factura,C0691,2025-10-14,2025-11-13,360800,68552,429352,,no,
F-000235,factura,C0829,2025-10-14,2025-11-13,629110,119531,748641,,no,
F-000236,factura,C0048,2025-10-14,2025-11-13,899340,170875,1070215,,no,
F-000237,factura,C0060,2025-10-14,2025-11-13,1052990,200068,1253058,,no,
F-000238,factura,C0286,2025-10-14,2025-11-13,465650,88474,554124,,no,
F-000239,factura,C0127,2025-10-14,2025-11-13,1800690,342131,2142821,,no,
F-000240,factura,C0746,2025-10-15,2025-11-14,641270,121841,763111,,no,
F-000241,factura,C1005,2025-10-15,2025-11-14,789070,149923,938993,,no,
F-000242,factura,C0611,2025-10-15,2025-11-14,647710,123065,770775,,no,
F-000243,factura,C0413,2025-10-15,2025-11-14,280980,53386,334366,,no,
F-000244,factura,C1194,2025-10-15,2025-11-14,642700,122113,764813,,no,
F-000245,factura,C0180,2025-10-15,2025-11-14,362170,68812,430982,,no,
F-000246,factura,C0482,2025-10-15,2025-11-14,212220,40322,252542,,no,
F-000247,factura,C1062,2025-10-15,2025-11-14,955030,181456,1136486,,no,
F-000248,factura,C1080,2025-10-15,2025-11-14,1014980,192846,1207826,,no,
F-000249,factura,C1190,2025-10-15,2025-11-14,1127000,214130,1341130,,no,
F-000250,factura,C1078,2025-10-15,2025-12-14,324250,61608,385858,,no,
F-000251,factura,C0075,2025-10-15,2025-11-14,1355180,257484,1612664,,no,
F-000252,factura,C1110,2025-10-15,2025-11-14,355430,67532,422962,,no,
F-000253,factura,C0507,2025-10-15,2025-11-14,889800,169062,1058862,,no,
F-000254,factura,C0771,2025-10-15,2025-11-29,350540,66603,417143,,no,
F-000255,factura,C0461,2025-10-15,2025-11-14,440990,83788,524778,,no,
F-000256,factura,C0986,2025-10-15,2025-11-14,76040,14448,90488,,no,
F-000257,factura,C0677,2025-10-15,2025-11-14,414330,78723,493053,,no,
F-000258,factura,C1036,2025-10-15,2025-11-14,567400,107806,675206,,no,
F-000259,factura,C0228,2025-10-15,2025-12-14,380000,72200,452200,,no,
F-000260,factura,C0227,2025-10-15,2025-11-29,2149840,408470,2558310,,no,
F-000261,factura,C0519,2025-10-15,2025-11-14,208140,39547,247687,,no,
F-000262,factura,C0009,2025-10-15,2025-11-14,336080,63855,399935,,no,
F-000263,factura,C0827,2025-10-15,2025-11-14,255780,48598,304378,,no,
F-000264,factura,C0319,2025-10-15,2025-11-14,336020,63844,399864,,no,
F-000265,factura,C0111,2025-10-15,2025-11-14,1720940,326979,2047919,,no,
F-000266,factura,C0211,2025-10-15,2025-11-14,301140,57217,358357,,no,
F-000267,factura,C0747,2025-10-15,2025-12-14,295830,56208,352038,,no,
F-000268,factura,C0990,2025-10-16,2025-11-15,1166200,221578,1387778,,no,
F-000269,factura,C0614,2025-10-16,2025-11-15,250870,47665,298535,,no,
F-000270,factura,C1039,2025-10-16,2025-11-15,278090,52837,330927,,no,
F-000271,factura,C0137,2025-10-16,2025-11-15,408600,77634,486234,,no,
F-000272,factura,C0060,2025-10-16,2025-11-15,822740,156321,979061,,no,
F-000273,factura,C0756,2025-10-16,2025-11-15,139510,26507,166017,,no,
F-000274,factura,C0186,2025-10-16,2025-11-15,701410,133268,834678,,no,
F-000275,factura,C0632,2025-10-16,2025-12-15,909430,172792,1082222,,no,
F-000276,factura,C0023,2025-10-16,2025-11-15,565240,107396,672636,,no,
F-000277,factura,C0944,2025-10-16,2025-11-15,1079150,205038,1284188,,no,
F-000278,factura,C1080,2025-10-16,2025-11-15,847810,161084,1008894,,no,
F-000279,factura,C1024,2025-10-16,2025-11-15,459600,87324,546924,,no,
F-000280,factura,C1157,2025-10-16,2025-11-15,150610,28616,179226,,no,
F-000281,factura,C1082,2025-10-16,2025-11-15,788710,149855,938565,,no,
F-000282,factura,C0520,2025-10-16,2025-11-15,330700,62833,393533,,no,
F-000283,factura,C0468,2025-10-16,2025-12-15,446300,84797,531097,,no,
F-000284,factura,C1078,2025-10-16,2025-12-15,1040000,197600,1237600,,no,
F-000285,factura,C1109,2025-10-16,2025-11-15,2202920,418555,2621475,,no,
F-000286,factura,C1167,2025-10-16,2025-11-30,687610,130646,818256,,no,
F-000287,factura,C0934,2025-10-16,2025-11-30,1104250,209808,1314058,,no,
F-000288,factura,C0245,2025-10-16,2025-11-15,223200,42408,265608,,no,
F-000289,factura,C1141,2025-10-16,2025-11-15,675700,128383,804083,,no,
F-000290,factura,C0783,2025-10-16,2025-11-15,1895150,360078,2255228,,no,
F-000291,factura,C1054,2025-10-16,2025-11-15,460040,87408,547448,,no,
F-000292,factura,C0263,2025-10-17,2025-11-16,1197910,227603,1425513,,no,
F-000293,factura,C0928,2025-10-17,2025-11-16,1660090,315417,1975507,,no,
F-000294,factura,C0842,2025-10-17,2025-11-16,679660,129135,808795,,no,
F-000295,factura,C0373,2025-10-17,2025-11-16,253930,48247,302177,,no,
F-000296,factura,C0753,2025-10-17,2025-11-16,256510,48737,305247,,no,
F-000297,factura,C0228,2025-10-17,2025-12-16,1519760,288754,1808514,,no,
F-000298,factura,C0291,2025-10-17,2025-11-16,278670,52947,331617,,no,
F-000299,factura,C1141,2025-10-17,2025-11-16,1045360,198618,1243978,,no,
F-000300,factura,C0485,2025-10-17,2025-11-16,837130,159055,996185,,no,
F-000301,factura,C0268,2025-10-17,2025-11-16,1032980,196266,1229246,,no,
F-000302,factura,C0586,2025-10-17,2025-12-01,1114060,211671,1325731,,no,
F-000303,factura,C0449,2025-10-17,2025-11-16,361970,68774,430744,,no,
F-000304,factura,C0874,2025-10-17,2025-11-16,350050,66510,416560,,no,
F-000305,factura,C1162,2025-10-17,2025-11-16,1353490,257163,1610653,,no,
F-000306,factura,C0701,2025-10-17,2025-11-16,461750,87732,549482,,no,
F-000307,factura,C0701,2025-10-17,2025-11-16,84640,16082,100722,,no,
F-000308,factura,C0417,2025-10-17,2025-11-16,1283700,243903,1527603,,no,
F-000309,factura,C0671,2025-10-17,2025-11-16,333450,63356,396806,,no,
F-000310,factura,C0352,2025-10-17,2025-11-16,1110100,210919,1321019,,no,
F-000311,factura,C0003,2025-10-17,2025-11-16,2327970,442314,2770284,,no,
NC-00003,nota_credito,C1039,2025-10-17,,-96330,-18303,-114633,F-000066,no,Devolución parcial de mercadería
NC-00006,nota_credito,C1110,2025-10-18,,-129690,-24641,-154331,F-000252,no,Devolución parcial de mercadería
F-000312,factura,C0528,2025-10-20,2025-11-19,237250,45078,282328,,no,
F-000313,factura,C1194,2025-10-20,2025-11-19,903250,171618,1074868,,no,
F-000314,factura,C0586,2025-10-20,2025-12-04,960610,182516,1143126,,no,
F-000315,factura,C0015,2025-10-20,2025-11-19,687380,130602,817982,,no,
F-000316,factura,C0266,2025-10-20,2025-11-19,594620,112978,707598,,no,
F-000317,factura,C1184,2025-10-20,2025-11-19,130800,24852,155652,,no,
F-000318,factura,C1195,2025-10-20,2025-11-19,695100,132069,827169,,no,
F-000319,factura,C0248,2025-10-20,2025-12-19,716990,136228,853218,,no,
F-000320,factura,C0742,2025-10-20,2025-11-19,1173450,222956,1396406,,no,
F-000321,factura,C0122,2025-10-20,2025-11-19,2359290,448265,2807555,,no,
F-000322,factura,C0677,2025-10-20,2025-11-19,111890,21259,133149,,no,
F-000323,factura,C0163,2025-10-20,2025-12-04,317590,60342,377932,,no,
F-000324,factura,C0993,2025-10-20,2025-11-19,239300,45467,284767,,no,
F-000325,factura,C1127,2025-10-20,2025-12-19,497480,94521,592001,,no,
F-000326,factura,C0215,2025-10-20,2025-11-19,438020,83224,521244,,no,
F-000327,factura,C0140,2025-10-20,2025-11-19,985970,187334,1173304,,no,
F-000328,factura,C0376,2025-10-20,2025-12-19,179540,34113,213653,,no,
F-000329,factura,C0102,2025-10-20,2025-11-19,188420,35800,224220,,no,
F-000330,factura,C0293,2025-10-20,2025-11-19,190980,36286,227266,,no,
F-000331,factura,C1195,2025-10-20,2025-11-19,324820,61716,386536,,no,
F-000332,factura,C0064,2025-10-20,2025-11-19,162170,30812,192982,,no,
F-000333,factura,C1054,2025-10-20,2025-11-19,416830,79198,496028,,no,
F-000334,factura,C0123,2025-10-20,2025-11-19,379610,72126,451736,,no,
F-000335,factura,C0632,2025-10-20,2025-12-19,230980,43886,274866,,no,
F-000336,factura,C0530,2025-10-20,2025-11-19,871800,165642,1037442,,no,
F-000337,factura,C1115,2025-10-20,2025-11-19,413210,78510,491720,,no,
F-000338,factura,C0226,2025-10-20,2025-11-19,370740,70441,441181,,no,
F-000339,factura,C0915,2025-10-20,2025-11-19,425040,80758,505798,,no,
F-000340,factura,C0866,2025-10-20,2025-11-19,276250,52488,328738,,no,
F-000341,factura,C0832,2025-10-20,2025-11-19,430910,81873,512783,,no,
F-000342,factura,C0035,2025-10-20,2025-11-19,766120,145563,911683,,no,
F-000343,factura,C0283,2025-10-20,2025-11-19,311840,59250,371090,,no,
F-000344,factura,C1025,2025-10-20,2025-11-19,656080,124655,780735,,no,
F-000345,factura,C0281,2025-10-21,2025-11-20,290520,55199,345719,,no,
F-000346,factura,C0376,2025-10-21,2025-12-20,793380,150742,944122,,no,
F-000347,factura,C0726,2025-10-21,2025-11-20,3057110,580851,3637961,,no,
F-000348,factura,C0683,2025-10-21,2025-11-20,489570,93018,582588,,no,
F-000349,factura,C0275,2025-10-21,2025-11-20,1214220,230702,1444922,,no,
F-000350,factura,C0245,2025-10-21,2025-11-20,256100,48659,304759,,no,
F-000351,factura,C1000,2025-10-21,2025-11-20,130270,24751,155021,,no,
F-000352,factura,C0139,2025-10-21,2025-12-05,375290,71305,446595,,no,
F-000353,factura,C0620,2025-10-21,2025-11-20,138570,26328,164898,,no,
F-000354,factura,C0631,2025-10-21,2025-11-20,503340,95635,598975,,no,
F-000355,factura,C0677,2025-10-21,2025-11-20,266450,50626,317076,,no,
F-000356,factura,C1078,2025-10-21,2025-12-20,104180,19794,123974,,no,
F-000357,factura,C0748,2025-10-21,2025-11-20,1994910,379033,2373943,,no,
F-000358,factura,C1169,2025-10-21,2025-11-20,323590,61482,385072,,no,
F-000359,factura,C1060,2025-10-21,2025-11-20,134210,25500,159710,,no,
F-000360,factura,C0249,2025-10-21,2025-11-20,1020520,193899,1214419,,no,
F-000361,factura,C0264,2025-10-21,2025-11-20,277730,52769,330499,,no,
F-000362,factura,C0379,2025-10-21,2025-11-20,1189950,226090,1416040,,no,
F-000363,factura,C0457,2025-10-21,2025-11-20,276670,52567,329237,,no,
F-000364,factura,C0653,2025-10-21,2025-12-20,322730,61319,384049,,no,
F-000365,factura,C0253,2025-10-21,2025-12-05,655500,124545,780045,,no,
F-000366,factura,C0249,2025-10-21,2025-11-20,799600,151924,951524,,no,
F-000367,factura,C0440,2025-10-21,2025-11-20,919950,174790,1094740,,no,
F-000368,factura,C0797,2025-10-21,2025-11-20,463010,87972,550982,,no,
F-000369,factura,C0818,2025-10-21,2025-11-20,759320,144271,903591,,no,
F-000370,factura,C1179,2025-10-21,2025-11-20,903280,171623,1074903,,no,
F-000371,factura,C0245,2025-10-21,2025-11-20,584050,110970,695020,,no,
F-000372,factura,C0457,2025-10-21,2025-11-20,443810,84324,528134,,no,
F-000373,factura,C1167,2025-10-21,2025-12-05,156540,29743,186283,,no,
F-000374,factura,C0376,2025-10-22,2025-12-21,710980,135086,846066,,no,
F-000375,factura,C0756,2025-10-22,2025-11-21,204480,38851,243331,,no,
F-000376,factura,C1158,2025-10-22,2025-11-21,570440,108384,678824,,no,
F-000377,factura,C0507,2025-10-22,2025-11-21,483590,91882,575472,,no,
F-000378,factura,C1167,2025-10-22,2025-12-06,242940,46159,289099,,no,
F-000379,factura,C0784,2025-10-22,2025-11-21,640180,121634,761814,,no,
F-000380,factura,C0731,2025-10-22,2025-11-21,540440,102684,643124,,no,
F-000381,factura,C0256,2025-10-22,2025-11-21,453630,86190,539820,,no,
F-000382,factura,C0099,2025-10-22,2025-11-21,455090,86467,541557,,no,
F-000383,factura,C1042,2025-10-22,2025-11-21,447350,84996,532346,,no,
F-000384,factura,C0677,2025-10-22,2025-11-21,358240,68066,426306,,no,
F-000385,factura,C0985,2025-10-22,2025-11-21,287210,54570,341780,,no,
F-000386,factura,C0339,2025-10-22,2025-11-21,4027100,765149,4792249,,no,
F-000387,factura,C0953,2025-10-22,2025-11-21,155690,29581,185271,,no,
F-000388,factura,C0368,2025-10-22,2025-11-21,301140,57217,358357,,no,
F-000389,factura,C1101,2025-10-22,2025-11-21,320780,60948,381728,,no,
F-000390,factura,C0296,2025-10-22,2025-11-21,2459590,467322,2926912,,no,
F-000391,factura,C0177,2025-10-22,2025-11-21,167210,31770,198980,,no,
F-000392,factura,C0832,2025-10-22,2025-11-21,675930,128427,804357,,no,
F-000393,factura,C0194,2025-10-22,2025-11-21,586440,111424,697864,,no,
F-000394,factura,C1144,2025-10-22,2025-11-21,627810,119284,747094,,no,
F-000395,factura,C0772,2025-10-22,2025-11-21,1292620,245598,1538218,,no,
F-000396,factura,C0249,2025-10-22,2025-11-21,1271580,241600,1513180,,no,
F-000397,factura,C0248,2025-10-22,2025-12-21,335150,63678,398828,,no,
F-000398,factura,C0732,2025-10-22,2025-11-21,108210,20560,128770,,no,
F-000399,factura,C1078,2025-10-22,2025-12-21,520420,98880,619300,,no,
F-000400,factura,C0140,2025-10-22,2025-11-21,254720,48397,303117,,no,
F-000401,factura,C1105,2025-10-22,2025-11-21,414160,78690,492850,,no,
F-000402,factura,C0631,2025-10-22,2025-11-21,124840,23720,148560,,no,
F-000403,factura,C0293,2025-10-23,2025-11-22,284980,54146,339126,,no,
F-000404,factura,C0421,2025-10-23,2025-11-22,579230,110054,689284,,no,
F-000405,factura,C0501,2025-10-23,2025-11-22,42630,8100,50730,,no,
F-000406,factura,C0913,2025-10-23,2025-11-22,198070,37633,235703,,no,
F-000407,factura,C1106,2025-10-23,2025-11-22,1043960,198352,1242312,,no,
F-000408,factura,C0354,2025-10-23,2025-11-22,965350,183416,1148766,,no,
F-000409,factura,C0564,2025-10-23,2025-11-22,583790,110920,694710,,no,
F-000410,factura,C0708,2025-10-23,2025-11-22,876420,166520,1042940,,no,
F-000411,factura,C0459,2025-10-23,2025-11-22,513970,97654,611624,,no,
F-000412,factura,C0603,2025-10-23,2025-11-22,674790,128210,803000,,no,
F-000413,factura,C0140,2025-10-23,2025-11-22,336150,63868,400018,,no,
F-000414,factura,C0469,2025-10-23,2025-11-22,260910,49573,310483,,no,
F-000415,factura,C1097,2025-10-23,2025-11-22,1189010,225912,1414922,,no,
F-000416,factura,C0382,2025-10-23,2025-11-22,1461670,277717,1739387,,no,
F-000417,factura,C0274,2025-10-23,2025-11-22,1305080,247965,1553045,,no,
F-000418,factura,C0906,2025-10-23,2025-12-07,312190,59316,371506,,no,
F-000419,factura,C1141,2025-10-23,2025-11-22,201760,38334,240094,,no,
F-000420,factura,C0544,2025-10-23,2025-11-22,1201910,228363,1430273,,no,
F-000421,factura,C0015,2025-10-23,2025-11-22,668620,127038,795658,,no,
F-000422,factura,C0818,2025-10-23,2025-11-22,562820,106936,669756,,no,
F-000423,factura,C0489,2025-10-23,2025-11-22,260650,49524,310174,,no,
F-000424,factura,C0797,2025-10-23,2025-11-22,608270,115571,723841,,no,
F-000425,factura,C0308,2025-10-23,2025-11-22,181610,34506,216116,,no,
F-000426,factura,C0004,2025-10-23,2025-11-22,718630,136540,855170,,no,
F-000427,factura,C0379,2025-10-23,2025-11-22,1304010,247762,1551772,,no,
F-000428,factura,C0841,2025-10-23,2025-12-22,1595470,303139,1898609,,no,
F-000429,factura,C0459,2025-10-23,2025-11-22,762730,144919,907649,,no,
F-000430,factura,C0249,2025-10-23,2025-11-22,143230,27214,170444,,no,Anulada por nota de crédito
F-000431,factura,C0554,2025-10-23,2025-11-22,506720,96277,602997,,no,
F-000432,factura,C0917,2025-10-23,2025-11-22,2396670,455367,2852037,,no,
NC-00004,nota_credito,C1149,2025-10-23,,-142050,-26990,-169040,F-000193,no,Devolución parcial de mercadería
NC-00007,nota_credito,C1080,2025-10-23,,-232360,-44148,-276508,F-000278,no,Devolución parcial de mercadería
F-000433,factura,C0228,2025-10-24,2025-12-23,121800,23142,144942,,no,
F-000434,factura,C0758,2025-10-24,2025-11-23,438560,83326,521886,,no,
F-000435,factura,C0125,2025-10-24,2025-11-23,776490,147533,924023,,no,
F-000436,factura,C0686,2025-10-24,2025-11-23,1526530,290041,1816571,,no,
F-000437,factura,C0248,2025-10-24,2025-12-23,561460,106677,668137,,no,
F-000438,factura,C0810,2025-10-24,2025-11-23,435910,82823,518733,,no,
F-000439,factura,C0140,2025-10-24,2025-11-23,583170,110802,693972,,no,
F-000440,factura,C0468,2025-10-24,2025-12-23,1308700,248653,1557353,,no,
F-000441,factura,C0892,2025-10-24,2025-11-23,348600,66234,414834,,no,
F-000442,factura,C0198,2025-10-24,2025-11-23,287520,54629,342149,,no,
F-000443,factura,C0675,2025-10-24,2025-11-23,1552090,294897,1846987,,no,
F-000444,factura,C0796,2025-10-24,2025-11-23,1038110,197241,1235351,,no,
F-000445,factura,C0395,2025-10-24,2025-11-23,1774200,337098,2111298,,no,
F-000446,factura,C1009,2025-10-24,2025-11-23,553950,105250,659200,,no,
F-000447,factura,C0615,2025-10-24,2025-11-23,449020,85314,534334,,no,
F-000448,factura,C0754,2025-10-24,2025-12-23,2519250,478658,2997908,,no,
F-000449,factura,C0180,2025-10-24,2025-11-23,250830,47658,298488,,no,
F-000450,factura,C0031,2025-10-24,2025-11-23,2308400,438596,2746996,,no,
F-000451,factura,C0075,2025-10-24,2025-11-23,2439500,463505,2903005,,no,
F-000452,factura,C0675,2025-10-27,2025-11-26,633500,120365,753865,,no,
F-000453,factura,C0786,2025-10-27,2025-11-26,212000,40280,252280,,no,
F-000454,factura,C0508,2025-10-27,2025-11-26,410150,77928,488078,,no,
F-000455,factura,C0525,2025-10-27,2025-11-26,118730,22559,141289,,no,
F-000456,factura,C0092,2025-10-27,2025-11-26,408610,77636,486246,,no,
F-000457,factura,C0643,2025-10-27,2025-12-11,302440,57464,359904,,no,
F-000458,factura,C0651,2025-10-27,2025-11-26,1701310,323249,2024559,,no,
F-000459,factura,C0919,2025-10-27,2025-11-26,189910,36083,225993,,no,
F-000460,factura,C1191,2025-10-27,2025-11-26,842680,160109,1002789,,no,
F-000461,factura,C0960,2025-10-27,2025-11-26,2754080,523275,3277355,,no,
F-000462,factura,C0603,2025-10-27,2025-11-26,1133750,215412,1349162,,no,
F-000463,factura,C0204,2025-10-27,2025-11-26,466960,88722,555682,,no,
F-000464,factura,C1012,2025-10-27,2025-11-26,161070,30603,191673,,no,
F-000465,factura,C1117,2025-10-27,2025-11-26,344550,65464,410014,,no,
F-000466,factura,C0999,2025-10-27,2025-11-26,276410,52518,328928,,no,
F-000467,factura,C0227,2025-10-27,2025-12-11,269300,51167,320467,,no,
F-000468,factura,C0843,2025-10-27,2025-11-26,368860,70083,438943,,no,
F-000469,factura,C1076,2025-10-27,2025-11-26,441280,83843,525123,,no,
F-000470,factura,C0805,2025-10-27,2025-11-26,706020,134144,840164,,no,
F-000471,factura,C0812,2025-10-27,2025-11-26,177900,33801,211701,,no,
F-000472,factura,C0593,2025-10-27,2025-12-26,277460,52717,330177,,no,
F-000473,factura,C0756,2025-10-27,2025-11-26,421460,80077,501537,,no,
F-000474,factura,C0318,2025-10-27,2025-11-26,409560,77816,487376,,no,
F-000475,factura,C0138,2025-10-27,2025-11-26,2081010,395392,2476402,,no,
F-000476,factura,C1133,2025-10-27,2025-11-26,131710,25025,156735,,no,
F-000477,factura,C1054,2025-10-27,2025-11-26,669160,127140,796300,,no,
F-000478,factura,C0376,2025-10-27,2025-12-26,741000,140790,881790,,no,
F-000479,factura,C0139,2025-10-27,2025-12-11,433270,82321,515591,,no,
F-000480,factura,C1031,2025-10-27,2025-11-26,1954550,371364,2325914,,no,
NC-00008,nota_credito,C0266,2025-10-27,,-85540,-16253,-101793,F-000316,no,Devolución parcial de mercadería
F-000481,factura,C0124,2025-10-28,2025-11-27,1354720,257397,1612117,,no,
F-000482,factura,C1078,2025-10-28,2025-12-27,498840,94780,593620,,no,
F-000483,factura,C0772,2025-10-28,2025-11-27,929170,176542,1105712,,no,
F-000484,factura,C0651,2025-10-28,2025-11-27,1226820,233096,1459916,,no,
F-000485,factura,C1100,2025-10-28,2025-11-27,790310,150159,940469,,no,
F-000486,factura,C0772,2025-10-28,2025-11-27,1041910,197963,1239873,,no,
F-000487,factura,C0773,2025-10-28,2025-11-27,909660,172835,1082495,,no,
F-000488,factura,C1032,2025-10-28,2025-11-27,749600,142424,892024,,no,
F-000489,factura,C0771,2025-10-28,2025-12-12,674170,128092,802262,,no,
F-000490,factura,C0603,2025-10-28,2025-11-27,607520,115429,722949,,no,
F-000491,factura,C0452,2025-10-28,2025-11-27,1028590,195432,1224022,,no,
F-000492,factura,C0603,2025-10-28,2025-11-27,1186840,225500,1412340,,no,
F-000493,factura,C0632,2025-10-28,2025-12-27,1001330,190253,1191583,,no,
F-000494,factura,C0405,2025-10-28,2025-11-27,332790,63230,396020,,no,
F-000495,factura,C0525,2025-10-28,2025-11-27,384240,73006,457246,,no,
F-000496,factura,C0967,2025-10-28,2025-11-27,1175560,223356,1398916,,no,
F-000497,factura,C0492,2025-10-28,2025-11-27,2773140,526897,3300037,,no,
F-000498,factura,C0032,2025-10-28,2025-11-27,965190,183386,1148576,,no,
F-000499,factura,C0958,2025-10-28,2025-12-27,344100,65379,409479,,no,
F-000500,factura,C0528,2025-10-28,2025-11-27,2434630,462580,2897210,,no,
F-000501,factura,C0665,2025-10-29,2025-11-28,938000,178220,1116220,,no,
F-000502,factura,C1109,2025-10-29,2025-11-28,734830,139618,874448,,no,
F-000503,factura,C0194,2025-10-29,2025-11-28,732730,139219,871949,,no,
F-000504,factura,C0651,2025-10-29,2025-11-28,447070,84943,532013,,no,
F-000505,factura,C0140,2025-10-29,2025-11-28,393520,74769,468289,,no,
F-000506,factura,C0745,2025-10-29,2025-11-28,459570,87318,546888,,no,
F-000507,factura,C0417,2025-10-29,2025-11-28,947440,180014,1127454,,no,
F-000508,factura,C1167,2025-10-29,2025-12-13,1039780,197558,1237338,,no,
F-000509,factura,C0490,2025-10-29,2025-11-28,237270,45081,282351,,no,
F-000510,factura,C0174,2025-10-29,2025-11-28,976580,185550,1162130,,no,
F-000511,factura,C1012,2025-10-29,2025-11-28,315320,59911,375231,,no,
F-000512,factura,C0993,2025-10-29,2025-11-28,772260,146729,918989,,no,
F-000513,factura,C0829,2025-10-29,2025-11-28,455140,86477,541617,,no,
F-000514,factura,C0915,2025-10-29,2025-11-28,1857170,352862,2210032,,no,
F-000515,factura,C0293,2025-10-29,2025-11-28,379830,72168,451998,,no,
F-000516,factura,C0761,2025-10-29,2025-11-28,612210,116320,728530,,no,
F-000517,factura,C0055,2025-10-29,2025-11-28,862170,163812,1025982,,no,
F-000518,factura,C0232,2025-10-29,2025-11-28,263750,50112,313862,,no,
F-000519,factura,C1116,2025-10-29,2025-11-28,500640,95122,595762,,no,
F-000520,factura,C0903,2025-10-29,2025-11-28,428770,81466,510236,,no,
F-000521,factura,C0249,2025-10-29,2025-11-28,351820,66846,418666,,no,
F-000522,factura,C0140,2025-10-29,2025-11-28,373310,70929,444239,,no,
F-000523,factura,C1141,2025-10-29,2025-11-28,1291800,245442,1537242,,no,
F-000524,factura,C0140,2025-10-29,2025-11-28,328760,62464,391224,,no,
F-000525,factura,C0276,2025-10-29,2025-11-28,834900,158631,993531,,no,
F-000526,factura,C0227,2025-10-29,2025-12-13,682560,129686,812246,,no,
F-000527,factura,C0012,2025-10-29,2025-11-28,173570,32978,206548,,no,
F-000528,factura,C0344,2025-10-29,2025-11-28,803930,152747,956677,,no,
F-000529,factura,C1173,2025-10-29,2025-11-28,171290,32545,203835,,no,
F-000530,factura,C0376,2025-10-29,2025-12-28,877130,166655,1043785,,no,
F-000531,factura,C0603,2025-10-29,2025-11-28,353690,67201,420891,,no,
F-000532,factura,C0907,2025-10-29,2025-11-28,534260,101509,635769,,no,
F-000533,factura,C0651,2025-10-29,2025-11-28,188440,35804,224244,,no,
NC-00005,nota_credito,C0413,2025-10-29,,-60540,-11503,-72043,F-000243,no,Devolución parcial de mercadería
NC-00009,nota_credito,C0102,2025-10-29,,-39440,-7494,-46934,F-000329,no,Devolución parcial de mercadería
F-000534,factura,C1039,2025-10-30,2025-11-29,132390,25154,157544,,no,
F-000535,factura,C0410,2025-10-30,2025-11-29,600550,114104,714654,,no,
F-000536,factura,C0177,2025-10-30,2025-11-29,243090,46187,289277,,no,
F-000537,factura,C0515,2025-10-30,2025-11-29,152480,28971,181451,,no,
F-000538,factura,C0586,2025-10-30,2025-12-14,577700,109763,687463,,no,
F-000539,factura,C0756,2025-10-30,2025-11-29,365530,69451,434981,,no,
F-000540,factura,C0632,2025-10-30,2025-12-29,933490,177363,1110853,,no,
F-000541,factura,C0060,2025-10-30,2025-11-29,173170,32902,206072,,no,
F-000542,factura,C1060,2025-10-30,2025-11-29,260480,49491,309971,,no,
F-000543,factura,C0537,2025-10-30,2025-11-29,70690,13431,84121,,no,
F-000544,factura,C0123,2025-10-30,2025-11-29,83170,15802,98972,,no,
F-000545,factura,C0778,2025-10-30,2025-11-29,2528190,480356,3008546,,no,
F-000546,factura,C0770,2025-10-30,2025-11-29,514170,97692,611862,,no,
F-000547,factura,C0507,2025-10-30,2025-11-29,246980,46926,293906,,no,
F-000548,factura,C0482,2025-10-30,2025-11-29,376010,71442,447452,,no,
F-000549,factura,C0642,2025-10-30,2025-11-29,960290,182455,1142745,,no,
F-000550,factura,C0075,2025-10-30,2025-11-29,316360,60108,376468,,no,
F-000551,factura,C0323,2025-10-30,2025-11-29,577370,109700,687070,,no,
F-000552,factura,C1195,2025-10-30,2025-11-29,472560,89786,562346,,no,
F-000553,factura,C0783,2025-10-30,2025-11-29,302880,57547,360427,,no,
F-000554,factura,C0496,2025-10-30,2025-11-29,313380,59542,372922,,no,
F-000555,factura,C0249,2025-10-30,2025-11-29,603670,114697,718367,,no,
F-000556,factura,C0906,2025-10-30,2025-12-14,218520,41519,260039,,no,
F-000557,factura,C0283,2025-10-30,2025-11-29,685240,130196,815436,,no,
F-000558,factura,C0194,2025-10-30,2025-11-29,327380,62202,389582,,no,
F-000559,factura,C0190,2025-10-30,2025-12-29,528620,100438,629058,,no,
F-000560,factura,C0874,2025-10-30,2025-11-29,1444540,274463,1719003,,no,
F-000561,factura,C0761,2025-10-30,2025-11-29,417310,79289,496599,,no,
F-000562,factura,C0109,2025-10-30,2025-11-29,996470,189329,1185799,,no,
F-000563,factura,C0144,2025-10-30,2025-11-29,113840,21630,135470,,no,
F-000564,factura,C0755,2025-10-30,2025-11-29,327700,62263,389963,,no,
F-000565,factura,C0548,2025-10-31,2025-11-30,262550,49884,312434,,no,
F-000566,factura,C0763,2025-10-31,2025-11-30,234450,44546,278996,,no,
F-000567,factura,C0356,2025-10-31,2025-11-30,823330,156433,979763,,no,
F-000568,factura,C1141,2025-10-31,2025-11-30,382400,72656,455056,,no,
F-000569,factura,C1188,2025-10-31,2025-11-30,1030930,195877,1226807,,no,
F-000570,factura,C0156,2025-10-31,2025-11-30,422640,80302,502942,,no,
F-000571,factura,C0379,2025-10-31,2025-11-30,1105220,209992,1315212,,no,
F-000572,factura,C0245,2025-10-31,2025-11-30,683830,129928,813758,,no,
F-000573,factura,C0227,2025-10-31,2025-12-15,613670,116597,730267,,no,
F-000574,factura,C0589,2025-10-31,2025-11-30,361360,68658,430018,,no,
F-000575,factura,C0669,2025-10-31,2025-11-30,586990,111528,698518,,no,
F-000576,factura,C0507,2025-10-31,2025-11-30,1265660,240475,1506135,,no,
F-000577,factura,C0301,2025-10-31,2025-12-30,466710,88675,555385,,no,
F-000578,factura,C0308,2025-10-31,2025-11-30,745470,141639,887109,,no,
F-000579,factura,C1196,2025-10-31,2025-12-30,505810,96104,601914,,no,
F-000580,factura,C0119,2025-10-31,2025-11-30,1934880,367627,2302507,,no,
F-000581,factura,C0772,2025-10-31,2025-11-30,1274680,242189,1516869,,no,
F-000582,factura,C0819,2025-10-31,2025-11-30,578610,109936,688546,,no,
F-000583,factura,C0712,2025-10-31,2025-11-30,277990,52818,330808,,no,
F-000584,factura,C1078,2025-10-31,2025-12-30,424410,80638,505048,,no,
F-000585,factura,C0104,2025-10-31,2025-11-30,624270,118611,742881,,no,
F-000586,factura,C0382,2025-10-31,2025-11-30,962530,182881,1145411,,no,
F-000587,factura,C1194,2025-10-31,2025-11-30,887530,168631,1056161,,no,
F-000588,factura,C0227,2025-10-31,2025-12-15,200670,38127,238797,,no,
F-000589,factura,C0163,2025-10-31,2025-12-15,1064920,202335,1267255,,no,
F-000590,factura,C0873,2025-10-31,2025-11-30,453980,86256,540236,,no,
F-000591,factura,C0942,2025-10-31,2025-11-30,221290,42045,263335,,no,
NC-00010,nota_credito,C0226,2025-10-31,,-121820,-23146,-144966,F-000338,no,Devolución parcial de mercadería
NC-00013,nota_credito,C0761,2025-11-01,,-199100,-37829,-236929,F-000516,no,Devolución parcial de mercadería
F-000592,factura,C0163,2025-11-03,2025-12-18,1470540,279403,1749943,,no,
F-000593,factura,C0957,2025-11-03,2025-12-03,520930,98977,619907,,no,
F-000594,factura,C0848,2025-11-03,2025-12-03,119700,22743,142443,,no,
F-000595,factura,C0007,2025-11-03,2025-12-03,520120,98823,618943,,no,
F-000596,factura,C0035,2025-11-03,2025-12-03,2268030,430926,2698956,,no,
F-000597,factura,C0228,2025-11-03,2026-01-02,157840,29990,187830,,no,
F-000598,factura,C0084,2025-11-03,2025-12-03,452720,86017,538737,,no,
F-000599,factura,C0632,2025-11-03,2026-01-02,368870,70085,438955,,no,
F-000600,factura,C0058,2025-11-03,2025-12-03,477330,90693,568023,,no,
F-000601,factura,C0969,2025-11-03,2025-12-03,516410,98118,614528,,no,
F-000602,factura,C0590,2025-11-03,2026-01-02,1100450,209086,1309536,,no,
F-000603,factura,C0873,2025-11-03,2025-12-03,473110,89891,563001,,no,
F-000604,factura,C0917,2025-11-03,2025-12-03,1228200,233358,1461558,,no,
F-000605,factura,C0607,2025-11-03,2025-12-03,402370,76450,478820,,no,
F-000606,factura,C1104,2025-11-03,2025-12-03,334080,63475,397555,,no,
F-000607,factura,C1195,2025-11-03,2025-12-03,258830,49178,308008,,no,
F-000608,factura,C0403,2025-11-03,2025-12-03,103320,19631,122951,,no,
F-000609,factura,C0163,2025-11-03,2025-12-18,551210,104730,655940,,no,
F-000610,factura,C0249,2025-11-03,2025-12-03,637840,121190,759030,,no,
F-000611,factura,C0632,2025-11-03,2026-01-02,765780,145498,911278,,no,
F-000612,factura,C0430,2025-11-03,2025-12-03,317690,60361,378051,,no,
F-000613,factura,C0578,2025-11-03,2025-12-03,363590,69082,432672,,no,
F-000614,factura,C0926,2025-11-03,2026-01-02,971860,184653,1156513,,no,
F-000615,factura,C0301,2025-11-03,2026-01-02,2204940,418939,2623879,,no,
F-000616,factura,C0643,2025-11-03,2025-12-18,1453690,276201,1729891,,no,
F-000617,factura,C0376,2025-11-03,2026-01-02,841930,159967,1001897,,no,
F-000618,factura,C0956,2025-11-03,2025-12-03,454690,86391,541081,,no,
F-000619,factura,C0758,2025-11-03,2025-12-03,522840,99340,622180,,no,
F-000620,factura,C0015,2025-11-03,2025-12-03,241940,45969,287909,,no,
F-000621,factura,C0777,2025-11-03,2025-12-03,138790,26370,165160,,no,
F-000622,factura,C1194,2025-11-04,2025-12-04,1595800,303202,1899002,,no,
F-000623,factura,C0671,2025-11-04,2025-12-04,772570,146788,919358,,no,
F-000624,factura,C0124,2025-11-04,2025-12-04,1201410,228268,1429678,,no,
F-000625,factura,C0140,2025-11-04,2025-12-04,302250,57428,359678,,no,
F-000626,factura,C1167,2025-11-04,2025-12-19,491850,93452,585302,,no,
F-000627,factura,C0804,2025-11-04,2025-12-04,1293190,245706,1538896,,no,
F-000628,factura,C0917,2025-11-04,2025-12-04,1990860,378263,2369123,,no,
F-000629,factura,C0799,2025-11-04,2025-12-04,326980,62126,389106,,no,
F-000630,factura,C0226,2025-11-04,2025-12-04,411460,78177,489637,,no,
F-000631,factura,C0525,2025-11-04,2025-12-04,3469230,659154,4128384,,no,
F-000632,factura,C0961,2025-11-04,2025-12-19,654320,124321,778641,,no,
F-000633,factura,C1056,2025-11-04,2025-12-04,2605230,494994,3100224,,no,
F-000634,factura,C0256,2025-11-04,2025-12-04,714850,135822,850672,,no,
F-000635,factura,C0712,2025-11-04,2025-12-04,737690,140161,877851,,no,
F-000636,factura,C0191,2025-11-04,2025-12-04,474470,90149,564619,,no,
F-000637,factura,C1156,2025-11-04,2025-12-04,1287720,244667,1532387,,no,
F-000638,factura,C0274,2025-11-04,2025-12-04,1795090,341067,2136157,,no,
F-000639,factura,C0868,2025-11-04,2025-12-04,264700,50293,314993,,no,
F-000640,factura,C0249,2025-11-04,2025-12-04,456970,86824,543794,,no,
F-000641,factura,C0742,2025-11-04,2025-12-04,1259730,239349,1499079,,no,
F-000642,factura,C0775,2025-11-04,2025-12-04,546180,103774,649954,,no,
F-000643,factura,C0370,2025-11-04,2025-12-04,408250,77568,485818,,no,
F-000644,factura,C0222,2025-11-05,2025-12-05,336900,64011,400911,,no,
F-000645,factura,C1146,2025-11-05,2025-12-05,1049360,199378,1248738,,no,
F-000646,factura,C0102,2025-11-05,2025-12-05,99180,18844,118024,,no,
F-000647,factura,C0653,2025-11-05,2026-01-04,326870,62105,388975,,no,
F-000648,factura,C0139,2025-11-05,2025-12-20,308830,58678,367508,,no,
F-000649,factura,C0676,2025-11-05,2025-12-05,635600,120764,756364,,no,
F-000650,factura,C0455,2025-11-05,2025-12-05,507580,96440,604020,,no,
F-000651,factura,C0127,2025-11-05,2025-12-05,533110,101291,634401,,no,
F-000652,factura,C0770,2025-11-05,2025-12-05,519120,98633,617753,,no,
F-000653,factura,C0882,2025-11-05,2025-12-05,607800,115482,723282,,no,
F-000654,factura,C0216,2025-11-05,2025-12-05,919670,174737,1094407,,no,
F-000655,factura,C0829,2025-11-05,2025-12-05,672750,127822,800572,,no,
F-000656,factura,C0177,2025-11-05,2025-12-05,823290,156425,979715,,no,
F-000657,factura,C0185,2025-11-05,2025-12-05,1156100,219659,1375759,,no,
F-000658,factura,C0719,2025-11-05,2025-12-05,382640,72702,455342,,no,
F-000659,factura,C0944,2025-11-05,2025-12-05,569290,108165,677455,,no,
F-000660,factura,C0712,2025-11-05,2025-12-05,1512380,287352,1799732,,no,
F-000661,factura,C0980,2025-11-05,2025-12-05,247080,46945,294025,,no,
F-000662,factura,C0701,2025-11-05,2025-12-05,2529240,480556,3009796,,no,
F-000663,factura,C0961,2025-11-05,2025-12-20,204500,38855,243355,,no,
F-000664,factura,C1179,2025-11-05,2025-12-05,452880,86047,538927,,no,
F-000665,factura,C0456,2025-11-05,2025-12-05,279150,53038,332188,,no,
F-000666,factura,C0186,2025-11-05,2025-12-05,3436650,652964,4089614,,no,
F-000667,factura,C0172,2025-11-05,2025-12-05,399110,75831,474941,,no,
F-000668,factura,C0714,2025-11-05,2025-12-05,399910,75983,475893,,no,
F-000669,factura,C0651,2025-11-05,2025-12-05,443770,84316,528086,,no,
F-000670,factura,C0227,2025-11-05,2025-12-20,644450,122446,766896,,no,
F-000671,factura,C1077,2025-11-05,2025-12-05,459050,87220,546270,,no,
F-000672,factura,C1155,2025-11-05,2025-12-05,536790,101990,638780,,no,
F-000673,factura,C0274,2025-11-05,2025-12-05,35460,6737,42197,,no,
F-000674,factura,C0245,2025-11-05,2025-12-05,624930,118737,743667,,no,
F-000675,factura,C0249,2025-11-05,2025-12-05,605560,115056,720616,,no,
F-000676,factura,C0449,2025-11-05,2025-12-05,1370280,260353,1630633,,no,
NC-00011,nota_credito,C0603,2025-11-05,,-216730,-41179,-257909,F-000412,no,Devolución parcial de mercadería
F-000677,factura,C0954,2025-11-06,2025-12-06,863760,164114,1027874,,no,
F-000678,factura,C0379,2025-11-06,2025-12-06,898270,170671,1068941,,no,
F-000679,factura,C1141,2025-11-06,2025-12-06,386970,73524,460494,,no,
F-000680,factura,C0258,2025-11-06,2025-12-06,657070,124843,781913,,no,
F-000681,factura,C0477,2025-11-06,2025-12-06,603870,114735,718605,,no,
F-000682,factura,C0986,2025-11-06,2025-12-06,841180,159824,1001004,,no,
F-000683,factura,C0520,2025-11-06,2025-12-06,842750,160122,1002872,,no,
F-000684,factura,C0253,2025-11-06,2025-12-21,64600,12274,76874,,no,
F-000685,factura,C0419,2025-11-06,2025-12-06,428580,81430,510010,,no,
F-000686,factura,C0596,2025-11-06,2025-12-06,786180,149374,935554,,no,
F-000687,factura,C0747,2025-11-06,2026-01-05,374090,71077,445167,,no,
F-000688,factura,C0475,2025-11-06,2025-12-06,534770,101606,636376,,no,
F-000689,factura,C0507,2025-11-06,2025-12-06,947120,179953,1127073,,no,
F-000690,factura,C0292,2025-11-06,2025-12-06,554250,105308,659558,,no,
F-000691,factura,C0640,2025-11-06,2025-12-06,1735770,329796,2065566,,no,
F-000692,factura,C0249,2025-11-06,2025-12-06,1279800,243162,1522962,,no,
F-000693,factura,C1056,2025-11-06,2025-12-06,472490,89773,562263,,no,
F-000694,factura,C0912,2025-11-06,2025-12-06,443380,84242,527622,,no,
F-000695,factura,C0482,2025-11-06,2025-12-06,53120,10093,63213,,no,
F-000696,factura,C0912,2025-11-06,2025-12-06,400080,76015,476095,,no,
F-000697,factura,C0012,2025-11-06,2025-12-06,175960,33432,209392,,no,
F-000698,factura,C0379,2025-11-06,2025-12-06,620080,117815,737895,,no,
F-000699,factura,C0519,2025-11-06,2025-12-06,587080,111545,698625,,no,
F-000700,factura,C0555,2025-11-06,2025-12-06,906470,172229,1078699,,no,
F-000701,factura,C0915,2025-11-06,2025-12-06,1587960,301712,1889672,,no,
F-000702,factura,C1166,2025-11-06,2025-12-06,508700,96653,605353,,no,
F-000703,factura,C0433,2025-11-06,2025-12-06,3220210,611840,3832050,,no,
F-000704,factura,C0387,2025-11-06,2025-12-06,625670,118877,744547,,no,
F-000705,factura,C0736,2025-11-06,2025-12-06,182130,34605,216735,,no,
F-000706,factura,C0180,2025-11-06,2025-12-06,385550,73254,458804,,no,
F-000707,factura,C1158,2025-11-06,2025-12-06,834280,158513,992793,,no,
F-000708,factura,C0980,2025-11-06,2025-12-06,243490,46263,289753,,no,
F-000709,factura,C1157,2025-11-06,2025-12-06,409320,77771,487091,,no,
F-000710,factura,C0419,2025-11-07,2025-12-07,1570630,298420,1869050,,no,
F-000711,factura,C0606,2025-11-07,2025-12-07,1153980,219256,1373236,,no,
F-000712,factura,C0352,2025-11-07,2025-12-07,819820,155766,975586,,no,
F-000713,factura,C1097,2025-11-07,2025-12-07,753990,143258,897248,,no,
F-000714,factura,C0636,2025-11-07,2025-12-07,460160,87430,547590,,no,
F-000715,factura,C1056,2025-11-07,2025-12-07,1734560,329566,2064126,,no,
F-000716,factura,C0455,2025-11-07,2025-12-07,3034880,576627,3611507,,no,
F-000717,factura,C1003,2025-11-07,2025-12-07,590420,112180,702600,,no,
F-000718,factura,C0086,2025-11-07,2025-12-07,1435110,272671,1707781,,no,
F-000719,factura,C0323,2025-11-07,2025-12-07,1302330,247443,1549773,,no,
F-000720,factura,C0124,2025-11-07,2025-12-07,927640,176252,1103892,,no,
F-000721,factura,C1100,2025-11-07,2025-12-07,325340,61815,387155,,no,
F-000722,factura,C0848,2025-11-07,2025-12-07,493430,93752,587182,,no,
F-000723,factura,C0749,2025-11-07,2025-12-07,166490,31633,198123,,no,
F-000724,factura,C0632,2025-11-07,2026-01-06,2842920,540155,3383075,,no,
F-000725,factura,C0677,2025-11-07,2025-12-07,1236850,235002,1471852,,no,
F-000726,factura,C0758,2025-11-07,2025-12-07,899820,170966,1070786,,no,
F-000727,factura,C1000,2025-11-07,2025-12-07,159810,30364,190174,,no,
F-000728,factura,C0712,2025-11-07,2025-12-07,214230,40704,254934,,no,
F-000729,factura,C0914,2025-11-07,2025-12-07,919920,174785,1094705,,no,
F-000730,factura,C0031,2025-11-10,2025-12-10,440170,83632,523802,,no,
F-000731,factura,C0124,2025-11-10,2025-12-10,44380,8432,52812,,no,
F-000732,factura,C0376,2025-11-10,2026-01-09,299350,56876,356226,,no,
F-000733,factura,C1099,2025-11-10,2025-12-10,544900,103531,648431,,no,
F-000734,factura,C0468,2025-11-10,2026-01-09,1440490,273693,1714183,,no,
F-000735,factura,C1078,2025-11-10,2026-01-09,1494700,283993,1778693,,no,
F-000736,factura,C0550,2025-11-10,2025-12-10,130320,24761,155081,,no,
F-000737,factura,C0313,2025-11-10,2025-12-25,293160,55700,348860,,no,
F-000738,factura,C1080,2025-11-10,2025-12-10,110790,21050,131840,,no,
F-000739,factura,C0659,2025-11-10,2025-12-10,1308220,248562,1556782,,no,
F-000740,factura,C0405,2025-11-10,2025-12-10,872010,165682,1037692,,no,
F-000741,factura,C0063,2025-11-10,2025-12-10,513360,97538,610898,,no,
F-000742,factura,C0140,2025-11-10,2025-12-10,442920,84155,527075,,no,
F-000743,factura,C0177,2025-11-10,2025-12-10,1170300,222357,1392657,,no,
F-000744,factura,C0417,2025-11-10,2025-12-10,1022060,194191,1216251,,no,
F-000745,factura,C0731,2025-11-10,2025-12-10,979410,186088,1165498,,no,
F-000746,factura,C0328,2025-11-10,2025-12-10,558840,106180,665020,,no,
F-000747,factura,C0102,2025-11-10,2025-12-10,293280,55723,349003,,no,
F-000748,factura,C0293,2025-11-10,2025-12-10,716380,136112,852492,,no,
F-000749,factura,C0481,2025-11-10,2025-12-10,744970,141544,886514,,no,
F-000750,factura,C1196,2025-11-10,2026-01-09,332950,63260,396210,,no,
F-000751,factura,C0458,2025-11-10,2025-12-10,292810,55634,348444,,no,
F-000752,factura,C0139,2025-11-10,2025-12-25,960220,182442,1142662,,no,
F-000753,factura,C0682,2025-11-10,2025-12-10,1468220,278962,1747182,,no,
F-000754,factura,C1100,2025-11-10,2025-12-10,212940,40459,253399,,no,
F-000755,factura,C0956,2025-11-10,2025-12-10,314130,59685,373815,,no,
F-000756,factura,C1017,2025-11-10,2025-12-10,513510,97567,611077,,no,
F-000757,factura,C1109,2025-11-10,2025-12-10,572370,108750,681120,,no,
F-000758,factura,C0756,2025-11-10,2025-12-10,255350,48516,303866,,no,
F-000759,factura,C1196,2025-11-10,2026-01-09,1749930,332487,2082417,,no,
F-000760,factura,C0047,2025-11-10,2025-12-10,543590,103282,646872,,no,
F-000761,factura,C1012,2025-11-10,2025-12-10,593250,112718,705968,,no,
F-000762,factura,C1054,2025-11-10,2025-12-10,1583860,300933,1884793,,no,
F-000763,factura,C1099,2025-11-10,2025-12-10,270770,51446,322216,,no,
F-000764,factura,C0573,2025-11-10,2025-12-10,361320,68651,429971,,no,
F-000765,factura,C0344,2025-11-11,2025-12-11,165100,31369,196469,,no,
F-000766,factura,C0631,2025-11-11,2025-12-11,204720,38897,243617,,no,
F-000767,factura,C0578,2025-11-11,2025-12-11,1090050,207110,1297160,,no,
F-000768,factura,C0848,2025-11-11,2025-12-11,363220,69012,432232,,no,
F-000769,factura,C0879,2025-11-11,2025-12-11,199240,37856,237096,,no,
F-000770,factura,C0873,2025-11-11,2025-12-11,1741170,330822,2071992,,no,
F-000771,factura,C0245,2025-11-11,2025-12-11,741580,140900,882480,,no,
F-000772,factura,C0528,2025-11-11,2025-12-11,377850,71792,449642,,no,
F-000773,factura,C0984,2025-11-11,2025-12-11,205060,38961,244021,,no,
F-000774,factura,C0440,2025-11-11,2025-12-11,2638220,501262,3139482,,no,
F-000775,factura,C0417,2025-11-11,2025-12-11,1568380,297992,1866372,,no,
F-000776,factura,C0593,2025-11-11,2026-01-10,1048210,199160,1247370,,no,
F-000777,factura,C0566,2025-11-11,2025-12-11,338060,64231,402291,,no,
F-000778,factura,C0507,2025-11-11,2025-12-11,340220,64642,404862,,no,
F-000779,factura,C1036,2025-11-11,2025-12-11,1631060,309901,1940961,,no,
F-000780,factura,C0190,2025-11-11,2026-01-10,1652340,313945,1966285,,no,
F-000781,factura,C0676,2025-11-11,2025-12-11,114250,21708,135958,,no,
F-000782,factura,C0746,2025-11-11,2025-12-11,796130,151265,947395,,no,
F-000783,factura,C1042,2025-11-11,2025-12-11,465430,88432,553862,,no,
F-000784,factura,C0734,2025-11-11,2025-12-11,224370,42630,267000,,no,
F-000785,factura,C1158,2025-11-11,2025-12-11,632280,120133,752413,,no,
F-000786,factura,C1062,2025-11-11,2025-12-11,174210,33100,207310,,no,
F-000787,factura,C0382,2025-11-11,2025-12-11,353110,67091,420201,,no,
F-000788,factura,C1054,2025-11-11,2025-12-11,270740,51441,322181,,no,
F-000789,factura,C1157,2025-11-11,2025-12-11,343810,65324,409134,,no,
F-000790,factura,C0276,2025-11-11,2025-12-11,484320,92021,576341,,no,
F-000791,factura,C0736,2025-11-11,2025-12-11,227580,43240,270820,,no,
F-000792,factura,C0770,2025-11-11,2025-12-11,760940,144579,905519,,no,
F-000793,factura,C0139,2025-11-11,2025-12-26,2155080,409465,2564545,,no,
F-000794,factura,C0894,2025-11-11,2025-12-11,451180,85724,536904,,no,
F-000795,factura,C0496,2025-11-11,2025-12-11,330600,62814,393414,,no,
F-000796,factura,C0468,2025-11-12,2026-01-11,197860,37593,235453,,no,
F-000797,factura,C0738,2025-11-12,2025-12-12,875350,166316,1041666,,no,
F-000798,factura,C0163,2025-11-12,2025-12-27,503330,95633,598963,,no,
F-000799,factura,C0194,2025-11-12,2025-12-12,342460,65067,407527,,no,
F-000800,factura,C0325,2025-11-12,2026-01-11,398080,75635,473715,,no,
F-000801,factura,C0211,2025-11-12,2025-12-12,290080,55115,345195,,no,
F-000802,factura,C0799,2025-11-12,2025-12-12,1026010,194942,1220952,,no,
F-000803,factura,C0031,2025-11-12,2025-12-12,162040,30788,192828,,no,
F-000804,factura,C0193,2025-11-12,2025-12-12,227590,43242,270832,,no,
F-000805,factura,C1081,2025-11-12,2025-12-12,387350,73596,460946,,no,
F-000806,factura,C1199,2025-11-12,2025-12-12,1832350,348146,2180496,,no,
F-000807,factura,C0586,2025-11-12,2025-12-27,1171190,222526,1393716,,no,
F-000808,factura,C0592,2025-11-12,2025-12-12,135600,25764,161364,,no,
F-000809,factura,C0939,2025-11-12,2025-12-12,1485390,282224,1767614,,no,
F-000810,factura,C0051,2025-11-12,2025-12-12,1483100,281789,1764889,,no,
F-000811,factura,C0507,2025-11-12,2025-12-12,196990,37428,234418,,no,
F-000812,factura,C0140,2025-11-12,2025-12-12,67030,12736,79766,,no,
F-000813,factura,C0468,2025-11-12,2026-01-11,475600,90364,565964,,no,
F-000814,factura,C1191,2025-11-12,2025-12-12,1236810,234994,1471804,,no,
F-000815,factura,C0918,2025-11-12,2025-12-12,1799680,341939,2141619,,no,
F-000816,factura,C1194,2025-11-12,2025-12-12,251060,47701,298761,,no,
F-000817,factura,C0907,2025-11-12,2025-12-12,2046600,388854,2435454,,no,
F-000818,factura,C0733,2025-11-12,2025-12-12,84780,16108,100888,,no,
F-000819,factura,C0919,2025-11-12,2025-12-12,375370,71320,446690,,no,
F-000820,factura,C0775,2025-11-12,2025-12-12,360890,68569,429459,,no,
F-000821,factura,C0554,2025-11-12,2025-12-12,1266770,240686,1507456,,no,
F-000822,factura,C0315,2025-11-12,2025-12-12,1423670,270497,1694167,,no,
F-000823,factura,C0631,2025-11-12,2025-12-12,1081100,205409,1286509,,no,
F-000824,factura,C1000,2025-11-13,2025-12-13,619190,117646,736836,,no,
F-000825,factura,C1199,2025-11-13,2025-12-13,1289710,245045,1534755,,no,
F-000826,factura,C0940,2025-11-13,2025-12-13,273410,51948,325358,,no,
F-000827,factura,C0949,2025-11-13,2025-12-13,76820,14596,91416,,no,
F-000828,factura,C0455,2025-11-13,2025-12-13,208040,39528,247568,,no,
F-000829,factura,C0102,2025-11-13,2025-12-13,192000,36480,228480,,no,
F-000830,factura,C0958,2025-11-13,2026-01-12,832580,158190,990770,,no,
F-000831,factura,C0713,2025-11-13,2025-12-13,52550,9984,62534,,no,
F-000832,factura,C1094,2025-11-13,2025-12-13,322620,61298,383918,,no,
F-000833,factura,C0148,2025-11-13,2025-12-13,1444910,274533,1719443,,no,
F-000834,factura,C0325,2025-11-13,2026-01-12,464490,88253,552743,,no,
F-000835,factura,C0405,2025-11-13,2025-12-13,945980,179736,1125716,,no,
F-000836,factura,C0806,2025-11-13,2025-12-13,124180,23594,147774,,no,
F-000837,factura,C0958,2025-11-13,2026-01-12,128200,24358,152558,,no,
F-000838,factura,C1158,2025-11-13,2025-12-13,1458200,277058,1735258,,no,
F-000839,factura,C0319,2025-11-13,2025-12-13,500770,95146,595916,,no,
F-000840,factura,C0590,2025-11-13,2026-01-12,501590,95302,596892,,no,
F-000841,factura,C0040,2025-11-13,2025-12-13,188790,35870,224660,,no,
F-000842,factura,C0274,2025-11-13,2025-12-13,500590,95112,595702,,no,
F-000843,factura,C0428,2025-11-13,2025-12-28,184640,35082,219722,,no,
F-000844,factura,C0708,2025-11-13,2025-12-13,1193520,226769,1420289,,no,
F-000845,factura,C0561,2025-11-13,2025-12-13,4094620,777978,4872598,,no,
F-000846,factura,C0417,2025-11-13,2025-12-13,680150,129228,809378,,no,
F-000847,factura,C0748,2025-11-13,2025-12-13,277890,52799,330689,,no,
F-000848,factura,C0265,2025-11-13,2025-12-13,120010,22802,142812,,no,
F-000849,factura,C0377,2025-11-13,2025-12-13,1602070,304393,1906463,,no,
F-000850,factura,C0841,2025-11-13,2026-01-12,202720,38517,241237,,no,
F-000851,factura,C1196,2025-11-14,2026-01-13,549090,104327,653417,,no,
F-000852,factura,C0569,2025-11-14,2025-12-14,437530,83131,520661,,no,
F-000853,factura,C0219,2025-11-14,2025-12-14,1005730,191089,1196819,,no,
F-000854,factura,C0586,2025-11-14,2025-12-29,7934540,1507563,9442103,,no,
F-000855,factura,C0140,2025-11-14,2025-12-14,710310,134959,845269,,no,
F-000856,factura,C1062,2025-11-14,2025-12-14,282050,53590,335640,,no,
F-000857,factura,C0659,2025-11-14,2025-12-14,180010,34202,214212,,no,
F-000858,factura,C0474,2025-11-14,2025-12-14,391520,74389,465909,,no,
F-000859,factura,C0124,2025-11-14,2025-12-14,239380,45482,284862,,no,
F-000860,factura,C0475,2025-11-14,2025-12-14,738250,140268,878518,,no,
F-000861,factura,C1056,2025-11-14,2025-12-14,729130,138535,867665,,no,
F-000862,factura,C0127,2025-11-14,2025-12-14,2485440,472234,2957674,,no,
F-000863,factura,C0192,2025-11-14,2025-12-14,281990,53578,335568,,no,
F-000864,factura,C0457,2025-11-14,2025-12-14,461600,87704,549304,,no,
F-000865,factura,C0140,2025-11-14,2025-12-14,846890,160909,1007799,,no,
F-000866,factura,C1117,2025-11-14,2025-12-14,1036790,196990,1233780,,no,
F-000867,factura,C0771,2025-11-14,2025-12-29,1411350,268156,1679506,,no,
F-000868,factura,C0139,2025-11-14,2025-12-29,715540,135953,851493,,no,
F-000869,factura,C0958,2025-11-14,2026-01-13,1177290,223685,1400975,,no,
F-000870,factura,C0419,2025-11-14,2025-12-14,298320,56681,355001,,no,
F-000871,factura,C0268,2025-11-14,2025-12-14,1058600,201134,1259734,,no,
F-000872,factura,C0677,2025-11-14,2025-12-14,1047350,198996,1246346,,no,
NC-00017,nota_credito,C0292,2025-11-15,,-73580,-13980,-87560,F-000690,no,Devolución parcial de mercadería
F-000873,factura,C0651,2025-11-17,2025-12-17,1778230,337864,2116094,,no,
F-000874,factura,C0679,2025-11-17,2025-12-17,525970,99934,625904,,no,
F-000875,factura,C0340,2025-11-17,2025-12-17,723970,137554,861524,,no,
F-000876,factura,C0079,2025-11-17,2025-12-17,2408930,457697,2866627,,no,
F-000877,factura,C0008,2025-11-17,2025-12-17,1084720,206097,1290817,,no,
F-000878,factura,C1016,2025-11-17,2025-12-17,409400,77786,487186,,no,
F-000879,factura,C0239,2025-11-17,2025-12-17,853960,162252,1016212,,no,
F-000880,factura,C0754,2025-11-17,2026-01-16,387890,73699,461589,,no,
F-000881,factura,C0677,2025-11-17,2025-12-17,1052730,200019,1252749,,no,
F-000882,factura,C0468,2025-11-17,2026-01-16,1135730,215789,1351519,,no,
F-000883,factura,C1012,2025-11-17,2025-12-17,251900,47861,299761,,no,
F-000884,factura,C0832,2025-11-17,2025-12-17,865130,164375,1029505,,no,
F-000885,factura,C0031,2025-11-17,2025-12-17,684510,130057,814567,,no,
F-000886,factura,C0942,2025-11-17,2025-12-17,1162700,220913,1383613,,no,
F-000887,factura,C0607,2025-11-17,2025-12-17,1462400,277856,1740256,,no,
F-000888,factura,C0381,2025-11-17,2025-12-17,1101820,209346,1311166,,no,
F-000889,factura,C0869,2025-11-17,2025-12-17,590050,112110,702160,,no,
F-000890,factura,C0813,2025-11-17,2025-12-17,1586710,301475,1888185,,no,
F-000891,factura,C0339,2025-11-17,2025-12-17,374020,71064,445084,,no,
F-000892,factura,C1191,2025-11-17,2025-12-17,261480,49681,311161,,no,
F-000893,factura,C0770,2025-11-17,2025-12-17,58350,11086,69436,,no,
F-000894,factura,C0728,2025-11-17,2025-12-17,710980,135086,846066,,no,
F-000895,factura,C0110,2025-11-17,2025-12-17,389760,74054,463814,,no,
F-000896,factura,C0309,2025-11-17,2025-12-17,1033760,196414,1230174,,no,
F-000897,factura,C0525,2025-11-17,2025-12-17,155360,29518,184878,,no,
NC-00020,nota_credito,C0659,2025-11-17,,-365460,-69437,-434897,F-000739,no,Devolución parcial de mercadería
F-000898,factura,C0787,2025-11-18,2025-12-18,502960,95562,598522,,no,
F-000899,factura,C0671,2025-11-18,2025-12-18,403330,76633,479963,,no,
F-000900,factura,C1054,2025-11-18,2025-12-18,195930,37227,233157,,no,
F-000901,factura,C0956,2025-11-18,2025-12-18,653280,124123,777403,,no,
F-000902,factura,C0784,2025-11-18,2025-12-18,678950,129000,807950,,no,
F-000903,factura,C0783,2025-11-18,2025-12-18,547040,103938,650978,,no,
F-000904,factura,C0783,2025-11-18,2025-12-18,509100,96729,605829,,no,
F-000905,factura,C0632,2025-11-18,2026-01-17,1785150,339178,2124328,,no,
F-000906,factura,C0554,2025-11-18,2025-12-18,282690,53711,336401,,no,
F-000907,factura,C0841,2025-11-18,2026-01-17,1298550,246724,1545274,,no,
F-000908,factura,C0736,2025-11-18,2025-12-18,258950,49200,308150,,no,
F-000909,factura,C0586,2025-11-18,2026-01-02,1131180,214924,1346104,,no,
F-000910,factura,C0163,2025-11-18,2026-01-02,1249570,237418,1486988,,no,
F-000911,factura,C0764,2025-11-18,2025-12-18,1759220,334252,2093472,,no,
F-000912,factura,C0376,2025-11-18,2026-01-17,677960,128812,806772,,no,
F-000913,factura,C0398,2025-11-18,2025-12-18,230910,43873,274783,,no,
F-000914,factura,C0273,2025-11-18,2025-12-18,345340,65615,410955,,no,
F-000915,factura,C1160,2025-11-18,2025-12-18,1152940,219059,1371999,,no,
F-000916,factura,C1054,2025-11-18,2025-12-18,974870,185225,1160095,,no,
F-000917,factura,C0660,2025-11-18,2025-12-18,199820,37966,237786,,no,
F-000918,factura,C0469,2025-11-18,2025-12-18,416740,79181,495921,,no,
F-000919,factura,C0899,2025-11-18,2025-12-18,548220,104162,652382,,no,
F-000920,factura,C0632,2025-11-18,2026-01-17,310370,58970,369340,,no,
F-000921,factura,C1178,2025-11-18,2025-12-18,3072040,583688,3655728,,no,
F-000922,factura,C0081,2025-11-18,2025-12-18,561600,106704,668304,,no,
F-000923,factura,C0049,2025-11-18,2025-12-18,443370,84240,527610,,no,
F-000924,factura,C0677,2025-11-18,2025-12-18,1207780,229478,1437258,,no,
F-000925,factura,C0245,2025-11-18,2025-12-18,347820,66086,413906,,no,
F-000926,factura,C0726,2025-11-18,2025-12-18,1042940,198159,1241099,,no,
F-000927,factura,C0031,2025-11-19,2025-12-19,333730,63409,397139,,no,
F-000928,factura,C0301,2025-11-19,2026-01-18,1130070,214713,1344783,,no,
F-000929,factura,C0191,2025-11-19,2025-12-19,1481510,281487,1762997,,no,
F-000930,factura,C1178,2025-11-19,2025-12-19,183010,34772,217782,,no,
F-000931,factura,C0253,2025-11-19,2026-01-03,3022940,574359,3597299,,no,
F-000932,factura,C0245,2025-11-19,2025-12-19,181380,34462,215842,,no,
F-000933,factura,C0747,2025-11-19,2026-01-18,1587790,301680,1889470,,no,
F-000934,factura,C0655,2025-11-19,2025-12-19,638460,121307,759767,,no,
F-000935,factura,C0249,2025-11-19,2025-12-19,378510,71917,450427,,no,
F-000936,factura,C0790,2025-11-19,2025-12-19,408180,77554,485734,,no,
F-000937,factura,C0140,2025-11-19,2025-12-19,551360,104758,656118,,no,
F-000938,factura,C0031,2025-11-19,2025-12-19,669100,127129,796229,,no,
F-000939,factura,C0127,2025-11-19,2025-12-19,271260,51539,322799,,no,
F-000940,factura,C0417,2025-11-19,2025-12-19,469680,89239,558919,,no,
F-000941,factura,C1175,2025-11-19,2025-12-19,305720,58087,363807,,no,
F-000942,factura,C0651,2025-11-19,2025-12-19,214250,40708,254958,,no,
F-000943,factura,C0919,2025-11-19,2025-12-19,294520,55959,350479,,no,
F-000944,factura,C0354,2025-11-19,2025-12-19,225700,42883,268583,,no,
F-000945,factura,C0853,2025-11-19,2025-12-19,404670,76887,481557,,no,
F-000946,factura,C1167,2025-11-19,2026-01-03,800450,152086,952536,,no,
F-000947,factura,C0400,2025-11-19,2025-12-19,623760,118514,742274,,no,
F-000948,factura,C1199,2025-11-19,2025-12-19,2748120,522143,3270263,,no,
F-000949,factura,C0757,2025-11-19,2025-12-19,96620,18358,114978,,no,
F-000950,factura,C0914,2025-11-19,2025-12-19,824410,156638,981048,,no,
F-000951,factura,C0274,2025-11-19,2025-12-19,569260,108159,677419,,no,
F-000952,factura,C0761,2025-11-19,2025-12-19,1087600,206644,1294244,,no,
F-000953,factura,C0617,2025-11-19,2025-12-19,1004620,190878,1195498,,no,
F-000954,factura,C1154,2025-11-19,2025-12-19,496310,94299,590609,,no,
F-000955,factura,C1084,2025-11-19,2025-12-19,650220,123542,773762,,no,
F-000956,factura,C0468,2025-11-19,2026-01-18,312290,59335,371625,,no,
F-000957,factura,C1141,2025-11-19,2025-12-19,925320,175811,1101131,,no,
F-000958,factura,C1078,2025-11-19,2026-01-18,125980,23936,149916,,no,
F-000959,factura,C0700,2025-11-19,2025-12-19,1054330,200323,1254653,,no,
NC-00014,nota_credito,C0799,2025-11-19,,-83080,-15785,-98865,F-000629,no,Devolución parcial de mercadería
F-000960,factura,C1078,2025-11-20,2026-01-19,472840,89840,562680,,no,
F-000961,factura,C0405,2025-11-20,2025-12-20,443250,84218,527468,,no,
F-000962,factura,C0325,2025-11-20,2026-01-19,1990380,378172,2368552,,no,
F-000963,factura,C0177,2025-11-20,2025-12-20,314810,59814,374624,,no,
F-000964,factura,C1098,2025-11-20,2025-12-20,4039470,767499,4806969,,no,
F-000965,factura,C0754,2025-11-20,2026-01-19,1483100,281789,1764889,,no,
F-000966,factura,C0617,2025-11-20,2025-12-20,570380,108372,678752,,no,
F-000967,factura,C0677,2025-11-20,2025-12-20,1302170,247412,1549582,,no,
F-000968,factura,C0611,2025-11-20,2025-12-20,753880,143237,897117,,no,
F-000969,factura,C0127,2025-11-20,2025-12-20,1531460,290977,1822437,,no,
F-000970,factura,C0992,2025-11-20,2025-12-20,339640,64532,404172,,no,
F-000971,factura,C0288,2025-11-20,2025-12-20,352780,67028,419808,,no,
F-000972,factura,C0643,2025-11-20,2026-01-04,532700,101213,633913,,no,
F-000973,factura,C0758,2025-11-20,2025-12-20,1726300,327997,2054297,,no,
F-000974,factura,C1163,2025-11-20,2025-12-20,1301810,247344,1549154,,no,
F-000975,factura,C0590,2025-11-20,2026-01-19,3020860,573963,3594823,,no,
F-000976,factura,C1099,2025-11-20,2025-12-20,625230,118794,744024,,no,
NC-00019,nota_credito,C0758,2025-11-20,,-125210,-23790,-149000,F-000726,no,Devolución parcial de mercadería
F-000977,factura,C0771,2025-11-21,2026-01-05,173220,32912,206132,,no,
F-000978,factura,C0655,2025-11-21,2025-12-21,250000,47500,297500,,no,
F-000979,factura,C0984,2025-11-21,2025-12-21,4402320,836441,5238761,,no,
F-000980,factura,C0119,2025-11-21,2025-12-21,2968230,563964,3532194,,no,
F-000981,factura,C0755,2025-11-21,2025-12-21,1365090,259367,1624457,,no,
F-000982,factura,C0156,2025-11-21,2025-12-21,1031760,196034,1227794,,no,
F-000983,factura,C0771,2025-11-21,2026-01-05,174860,33223,208083,,no,
F-000984,factura,C0494,2025-11-21,2025-12-21,879360,167078,1046438,,no,
F-000985,factura,C0850,2025-11-21,2025-12-21,499900,94981,594881,,no,
F-000986,factura,C0076,2025-11-21,2025-12-21,403610,76686,480296,,no,
F-000987,factura,C0653,2025-11-21,2026-01-20,877980,166816,1044796,,no,
F-000988,factura,C0806,2025-11-21,2025-12-21,1554990,295448,1850438,,no,
F-000989,factura,C0156,2025-11-21,2025-12-21,164850,31322,196172,,no,
F-000990,factura,C0119,2025-11-21,2025-12-21,823690,156501,980191,,no,
F-000991,factura,C0843,2025-11-21,2025-12-21,383950,72950,456900,,no,
F-000992,factura,C0102,2025-11-21,2025-12-21,558960,106202,665162,,no,
F-000993,factura,C0249,2025-11-21,2025-12-21,989790,188060,1177850,,no,
F-000994,factura,C0998,2025-11-21,2025-12-21,317330,60293,377623,,no,
F-000995,factura,C0980,2025-11-21,2025-12-21,884630,168080,1052710,,no,
F-000996,factura,C1050,2025-11-21,2025-12-21,654530,124361,778891,,no,
F-000997,factura,C0363,2025-11-21,2025-12-21,457290,86885,544175,,no,
F-000998,factura,C0632,2025-11-21,2026-01-20,532360,101148,633508,,no,
F-000999,factura,C0939,2025-11-21,2025-12-21,685500,130245,815745,,no,
F-001000,factura,C0177,2025-11-21,2025-12-21,419690,79741,499431,,no,
NC-00015,nota_credito,C0770,2025-11-21,,-127180,-24164,-151344,F-000652,no,Devolución parcial de mercadería
NC-00025,nota_credito,C0728,2025-11-21,,-257950,-49010,-306960,F-000894,no,Devolución parcial de mercadería
NC-00016,nota_credito,C0944,2025-11-22,,-199100,-37829,-236929,F-000659,no,Devolución parcial de mercadería
NC-00018,nota_credito,C0352,2025-11-23,,-122910,-23353,-146263,F-000712,no,Devolución parcial de mercadería
NC-00021,nota_credito,C0140,2025-11-23,,-133840,-25430,-159270,F-000855,no,Devolución parcial de mercadería
F-001001,factura,C0405,2025-11-24,2025-12-24,227350,43196,270546,,no,
F-001002,factura,C1143,2025-11-24,2025-12-24,339870,64575,404445,,no,
F-001003,factura,C0779,2025-11-24,2025-12-24,1906360,362208,2268568,,no,
F-001004,factura,C0958,2025-11-24,2026-01-23,477660,90755,568415,,no,
F-001005,factura,C1167,2025-11-24,2026-01-08,783210,148810,932020,,no,
F-001006,factura,C0354,2025-11-24,2025-12-24,486200,92378,578578,,no,
F-001007,factura,C0763,2025-11-24,2025-12-24,426200,80978,507178,,no,
F-001008,factura,C0031,2025-11-24,2025-12-24,800990,152188,953178,,no,
F-001009,factura,C0677,2025-11-24,2025-12-24,694260,131909,826169,,no,
F-001010,factura,C0736,2025-11-24,2025-12-24,224290,42615,266905,,no,
F-001011,factura,C0319,2025-11-24,2025-12-24,531860,101053,632913,,no,
F-001012,factura,C0860,2025-11-24,2025-12-24,370310,70359,440669,,no,
F-001013,factura,C0184,2025-11-24,2025-12-24,305310,58009,363319,,no,
F-001014,factura,C1078,2025-11-24,2026-01-23,3330770,632846,3963616,,no,
F-001015,factura,C0140,2025-11-24,2025-12-24,114060,21671,135731,,no,
F-001016,factura,C1054,2025-11-24,2025-12-24,841130,159815,1000945,,no,
F-001017,factura,C0593,2025-11-24,2026-01-23,195940,37229,233169,,no,
F-001018,factura,C0507,2025-11-24,2025-12-24,433930,82447,516377,,no,
F-001019,factura,C0596,2025-11-24,2025-12-24,3049730,579449,3629179,,no,
F-001020,factura,C0239,2025-11-24,2025-12-24,180920,34375,215295,,no,
F-001021,factura,C0538,2025-11-24,2025-12-24,218950,41600,260550,,no,
F-001022,factura,C1040,2025-11-24,2025-12-24,385260,73199,458459,,no,
F-001023,factura,C0964,2025-11-24,2025-12-24,198380,37692,236072,,no,
F-001024,factura,C0194,2025-11-24,2025-12-24,792490,150573,943063,,no,
F-001025,factura,C0797,2025-11-24,2025-12-24,254760,48404,303164,,no,
F-001026,factura,C1054,2025-11-24,2025-12-24,659280,125263,784543,,no,
F-001027,factura,C0993,2025-11-24,2025-12-24,134910,25633,160543,,no,
F-001028,factura,C0507,2025-11-24,2025-12-24,92060,17491,109551,,no,
F-001029,factura,C1114,2025-11-24,2025-12-24,111400,21166,132566,,no,
F-001030,factura,C0190,2025-11-25,2026-01-24,578230,109864,688094,,no,
F-001031,factura,C0525,2025-11-25,2025-12-25,449580,85420,535000,,no,
F-001032,factura,C0227,2025-11-25,2026-01-09,154720,29397,184117,,no,
F-001033,factura,C0896,2025-11-25,2025-12-25,195180,37084,232264,,no,
F-001034,factura,C0089,2025-11-25,2025-12-25,175100,33269,208369,,no,
F-001035,factura,C0651,2025-11-25,2025-12-25,1385140,263177,1648317,,no,
F-001036,factura,C0442,2025-11-25,2025-12-25,744360,141428,885788,,no,
F-001037,factura,C0554,2025-11-25,2025-12-25,244390,46434,290824,,no,
F-001038,factura,C0506,2025-11-25,2025-12-25,310000,58900,368900,,no,
F-001039,factura,C0190,2025-11-25,2026-01-24,251600,47804,299404,,no,
F-001040,factura,C0249,2025-11-25,2025-12-25,239700,45543,285243,,no,Anulada por nota de crédito
F-001041,factura,C0102,2025-11-25,2025-12-25,703670,133697,837367,,no,
F-001042,factura,C0145,2025-11-25,2025-12-25,386850,73502,460352,,no,
F-001043,factura,C1184,2025-11-25,2025-12-25,2573460,488957,3062417,,no,
F-001044,factura,C0309,2025-11-25,2025-12-25,1323930,251547,1575477,,no,
F-001045,factura,C0326,2025-11-25,2025-12-25,1388050,263730,1651780,,no,
F-001046,factura,C0163,2025-11-25,2026-01-09,833100,158289,991389,,no,
F-001047,factura,C0919,2025-11-25,2025-12-25,347220,65972,413192,,no,
F-001048,factura,C0958,2025-11-25,2026-01-24,368340,69985,438325,,no,
F-001049,factura,C0738,2025-11-25,2025-12-25,1794160,340890,2135050,,no,
F-001050,factura,C0986,2025-11-25,2025-12-25,672830,127838,800668,,no,
F-001051,factura,C0474,2025-11-25,2025-12-25,600620,114118,714738,,no,
F-001052,factura,C1054,2025-11-25,2025-12-25,539010,102412,641422,,no,
F-001053,factura,C0961,2025-11-25,2026-01-09,1959190,372246,2331436,,no,
F-001054,factura,C0003,2025-11-25,2025-12-25,154640,29382,184022,,no,
NC-00024,nota_credito,C0607,2025-11-25,,-276980,-52626,-329606,F-000887,no,Devolución parcial de mercadería
F-001055,factura,C0783,2025-11-26,2025-12-26,169100,32129,201229,,no,
F-001056,factura,C1078,2025-11-26,2026-01-25,1133730,215409,1349139,,no,
F-001057,factura,C0168,2025-11-26,2025-12-26,2862500,543875,3406375,,no,
F-001058,factura,C1155,2025-11-26,2025-12-26,1534000,291460,1825460,,no,
F-001059,factura,C1078,2025-11-26,2026-01-25,278670,52947,331617,,no,
F-001060,factura,C0354,2025-11-26,2025-12-26,129280,24563,153843,,no,
F-001061,factura,C0031,2025-11-26,2025-12-26,355850,67612,423462,,no,
F-001062,factura,C0726,2025-11-26,2025-12-26,245080,46565,291645,,no,
F-001063,factura,C0515,2025-11-26,2025-12-26,2805040,532958,3337998,,no,
F-001064,factura,C0915,2025-11-26,2025-12-26,645700,122683,768383,,no,
F-001065,factura,C0632,2025-11-26,2026-01-25,1373770,261016,1634786,,no,
F-001066,factura,C0122,2025-11-26,2025-12-26,518300,98477,616777,,no,
F-001067,factura,C0268,2025-11-26,2025-12-26,563880,107137,671017,,no,
F-001068,factura,C1077,2025-11-26,2025-12-26,634270,120511,754781,,no,
F-001069,factura,C0054,2025-11-26,2025-12-26,1577840,299790,1877630,,no,
F-001070,factura,C0898,2025-11-26,2025-12-26,835380,158722,994102,,no,
F-001071,factura,C0314,2025-11-26,2025-12-26,279420,53090,332510,,no,
F-001072,factura,C0530,2025-11-26,2025-12-26,2384140,452987,2837127,,no,
F-001073,factura,C0632,2025-11-26,2026-01-25,515080,97865,612945,,no,
F-001074,factura,C0274,2025-11-26,2025-12-26,452220,85922,538142,,no,
F-001075,factura,C0771,2025-11-26,2026-01-10,67690,12861,80551,,no,
F-001076,factura,C0828,2025-11-26,2025-12-26,1081500,205485,1286985,,no,
F-001077,factura,C0130,2025-11-26,2025-12-26,705840,134110,839950,,no,
F-001078,factura,C0428,2025-11-26,2026-01-10,705230,133994,839224,,no,
F-001079,factura,C0906,2025-11-26,2026-01-10,471690,89621,561311,,no,
F-001080,factura,C0855,2025-11-26,2025-12-26,410920,78075,488995,,no,
F-001081,factura,C0646,2025-11-26,2025-12-26,484400,92036,576436,,no,
F-001082,factura,C0339,2025-11-27,2025-12-27,4563140,866997,5430137,,no,
F-001083,factura,C0440,2025-11-27,2025-12-27,362000,68780,430780,,no,
F-001084,factura,C0754,2025-11-27,2026-01-26,376760,71584,448344,,no,
F-001085,factura,C0082,2025-11-27,2025-12-27,841380,159862,1001242,,no,
F-001086,factura,C1167,2025-11-27,2026-01-11,304420,57840,362260,,no,
F-001087,factura,C0216,2025-11-27,2025-12-27,469380,89182,558562,,no,
F-001088,factura,C0035,2025-11-27,2025-12-27,376970,71624,448594,,no,
F-001089,factura,C0011,2025-11-27,2025-12-27,64510,12257,76767,,no,
F-001090,factura,C0468,2025-11-27,2026-01-26,579860,110173,690033,,no,
F-001091,factura,C1078,2025-11-27,2026-01-26,454090,86277,540367,,no,
F-001092,factura,C0993,2025-11-27,2025-12-27,1452700,276013,1728713,,no,
F-001093,factura,C1096,2025-11-27,2025-12-27,527730,100269,627999,,no,
F-001094,factura,C0633,2025-11-27,2025-12-27,192560,36586,229146,,no,
F-001095,factura,C0526,2025-11-27,2025-12-27,427400,81206,508606,,no,
F-001096,factura,C0448,2025-11-27,2025-12-27,98630,18740,117370,,no,
F-001097,factura,C0066,2025-11-27,2025-12-27,199430,37892,237322,,no,
F-001098,factura,C1094,2025-11-27,2025-12-27,873580,165980,1039560,,no,
F-001099,factura,C0593,2025-11-27,2026-01-26,431090,81907,512997,,no,
F-001100,factura,C0534,2025-11-27,2025-12-27,1099050,208820,1307870,,no,
F-001101,factura,C0620,2025-11-27,2025-12-27,108930,20697,129627,,no,
F-001102,factura,C0958,2025-11-27,2026-01-26,432780,82228,515008,,no,
F-001103,factura,C0249,2025-11-27,2025-12-27,359160,68240,427400,,no,
F-001104,factura,C0842,2025-11-27,2025-12-27,1128760,214464,1343224,,no,
F-001105,factura,C0843,2025-11-27,2025-12-27,900010,171002,1071012,,no,
F-001106,factura,C1040,2025-11-27,2025-12-27,878300,166877,1045177,,no,
F-001107,factura,C0015,2025-11-27,2025-12-27,1803200,342608,2145808,,no,
F-001108,factura,C0210,2025-11-27,2025-12-27,391400,74366,465766,,no,
F-001109,factura,C0561,2025-11-27,2025-12-27,1528830,290478,1819308,,no,
F-001110,factura,C1042,2025-11-27,2025-12-27,227880,43297,271177,,no,
F-001111,factura,C1167,2025-11-27,2026-01-11,221290,42045,263335,,no,
F-001112,factura,C0710,2025-11-27,2025-12-27,959480,182301,1141781,,no,
F-001113,factura,C0248,2025-11-27,2026-01-26,157650,29954,187604,,no,
F-001114,factura,C0227,2025-11-27,2026-01-11,830810,157854,988664,,no,
F-001115,factura,C0393,2025-11-28,2025-12-28,640910,121773,762683,,no,
F-001116,factura,C0256,2025-11-28,2025-12-28,321950,61170,383120,,no,
F-001117,factura,C0156,2025-11-28,2025-12-28,593250,112718,705968,,no,
F-001118,factura,C0379,2025-11-28,2025-12-28,730550,138804,869354,,no,
F-001119,factura,C0249,2025-11-28,2025-12-28,463380,88042,551422,,no,
F-001120,factura,C1056,2025-11-28,2025-12-28,1058310,201079,1259389,,no,
F-001121,factura,C0913,2025-11-28,2025-12-28,56710,10775,67485,,no,
F-001122,factura,C0939,2025-11-28,2025-12-28,583130,110795,693925,,no,
F-001123,factura,C0058,2025-11-28,2025-12-28,1310820,249056,1559876,,no,
F-001124,factura,C1097,2025-11-28,2025-12-28,2236020,424844,2660864,,no,
F-001125,factura,C0677,2025-11-28,2025-12-28,899630,170930,1070560,,no,
F-001126,factura,C0603,2025-11-28,2025-12-28,1928160,366350,2294510,,no,
F-001127,factura,C0019,2025-11-28,2025-12-28,573390,108944,682334,,no,
F-001128,factura,C1078,2025-11-28,2026-01-27,502050,95390,597440,,no,
F-001129,factura,C0644,2025-11-28,2025-12-28,765050,145360,910410,,no,
F-001130,factura,C0999,2025-11-28,2025-12-28,499630,94930,594560,,no,
F-001131,factura,C0771,2025-11-28,2026-01-12,267880,50897,318777,,no,
F-001132,factura,C0961,2025-11-28,2026-01-12,331700,63023,394723,,no,
F-001133,factura,C0827,2025-11-28,2025-12-28,205760,39094,244854,,no,
F-001134,factura,C1101,2025-11-28,2025-12-28,764420,145240,909660,,no,
F-001135,factura,C0249,2025-11-28,2025-12-28,505490,96043,601533,,no,
F-001136,factura,C0245,2025-11-28,2025-12-28,375470,71339,446809,,no,
F-001137,factura,C0843,2025-11-28,2025-12-28,318320,60481,378801,,no,
F-001138,factura,C0599,2025-11-28,2025-12-28,750290,142555,892845,,no,
F-001139,factura,C0719,2025-11-28,2025-12-28,935210,177690,1112900,,no,
F-001140,factura,C0841,2025-11-28,2026-01-27,202760,38524,241284,,no,
F-001141,factura,C0651,2025-11-28,2025-12-28,178800,33972,212772,,no,
F-001142,factura,C0958,2025-11-28,2026-01-27,1074940,204239,1279179,,no,
F-001143,factura,C0352,2025-11-28,2025-12-28,166720,31677,198397,,no,
NC-00030,nota_credito,C0130,2025-11-29,,-97180,-18464,-115644,F-001077,no,Devolución parcial de mercadería
F-001144,factura,C0264,2025-12-01,2025-12-31,414180,78694,492874,,no,
F-001145,factura,C0754,2025-12-01,2026-01-30,440400,83676,524076,,no,
F-001146,factura,C0651,2025-12-01,2025-12-31,482640,91702,574342,,no,
F-001147,factura,C0008,2025-12-01,2025-12-31,1183070,224783,1407853,,no,
F-001148,factura,C1196,2025-12-01,2026-01-30,258810,49174,307984,,no,
F-001149,factura,C0992,2025-12-01,2025-12-31,120860,22963,143823,,no,
F-001150,factura,C0586,2025-12-01,2026-01-15,613140,116497,729637,,no,
F-001151,factura,C0805,2025-12-01,2025-12-31,92320,17541,109861,,no,
F-001152,factura,C0569,2025-12-01,2025-12-31,372170,70712,442882,,no,
F-001153,factura,C0906,2025-12-01,2026-01-15,1223820,232526,1456346,,no,
F-001154,factura,C0170,2025-12-01,2025-12-31,752580,142990,895570,,no,
F-001155,factura,C0525,2025-12-01,2025-12-31,1090200,207138,1297338,,no,
F-001156,factura,C0376,2025-12-01,2026-01-30,777840,147790,925630,,no,
F-001157,factura,C0545,2025-12-01,2025-12-31,3256800,618792,3875592,,no,
F-001158,factura,C0530,2025-12-01,2025-12-31,295790,56200,351990,,no,
F-001159,factura,C0181,2025-12-01,2025-12-31,651150,123718,774868,,no,
F-001160,factura,C1179,2025-12-01,2025-12-31,333530,63371,396901,,no,
F-001161,factura,C0024,2025-12-01,2025-12-31,1018080,193435,1211515,,no,
F-001162,factura,C0017,2025-12-01,2025-12-31,450780,85648,536428,,no,
F-001163,factura,C0427,2025-12-01,2025-12-31,1873030,355876,2228906,,no,
F-001164,factura,C0747,2025-12-01,2026-01-30,309690,58841,368531,,no,
F-001165,factura,C0226,2025-12-01,2025-12-31,1459630,277330,1736960,,no,
F-001166,factura,C0632,2025-12-01,2026-01-30,761090,144607,905697,,no,
F-001167,factura,C0857,2025-12-01,2025-12-31,461400,87666,549066,,no,
F-001168,factura,C0139,2025-12-01,2026-01-15,730840,138860,869700,,no,
F-001169,factura,C1194,2025-12-01,2025-12-31,583620,110888,694508,,no,
F-001170,factura,C0376,2025-12-01,2026-01-30,629550,119614,749164,,no,
F-001171,factura,C0761,2025-12-01,2025-12-31,401310,76249,477559,,no,
F-001172,factura,C0140,2025-12-01,2025-12-31,270150,51328,321478,,no,
F-001173,factura,C0841,2025-12-01,2026-01-30,362190,68816,431006,,no,
F-001174,factura,C1028,2025-12-01,2025-12-31,123190,23406,146596,,no,
F-001175,factura,C0140,2025-12-01,2025-12-31,928710,176455,1105165,,no,
F-001176,factura,C0163,2025-12-01,2026-01-15,176290,33495,209785,,no,
F-001177,factura,C0310,2025-12-01,2026-01-15,397870,75595,473465,,no,
F-001178,factura,C0020,2025-12-01,2025-12-31,795260,151099,946359,,no,
F-001179,factura,C0755,2025-12-02,2026-01-01,1059500,201305,1260805,,no,
F-001180,factura,C0958,2025-12-02,2026-01-31,1605260,304999,1910259,,no,
F-001181,factura,C0293,2025-12-02,2026-01-01,59690,11341,71031,,no,
F-001182,factura,C0865,2025-12-02,2026-01-01,601500,114285,715785,,no,
F-001183,factura,C0204,2025-12-02,2026-01-01,1697920,322605,2020525,,no,
F-001184,factura,C0311,2025-12-02,2026-01-01,1472970,279864,1752834,,no,
F-001185,factura,C0340,2025-12-02,2026-01-01,264980,50346,315326,,no,
F-001186,factura,C1196,2025-12-02,2026-01-31,555820,105606,661426,,no,
F-001187,factura,C0249,2025-12-02,2026-01-01,92420,17560,109980,,no,
F-001188,factura,C0163,2025-12-02,2026-01-16,978310,185879,1164189,,no,
F-001189,factura,C1106,2025-12-02,2026-01-01,155830,29608,185438,,no,
F-001190,factura,C0194,2025-12-02,2026-01-01,1736820,329996,2066816,,no,
F-001191,factura,C1072,2025-12-02,2026-01-01,1810950,344080,2155030,,no,
F-001192,factura,C0770,2025-12-02,2026-01-01,481030,91396,572426,,no,
F-001193,factura,C0677,2025-12-02,2026-01-01,1066830,202698,1269528,,no,
F-001194,factura,C0917,2025-12-02,2026-01-01,590960,112282,703242,,no,
F-001195,factura,C0866,2025-12-02,2026-01-01,853170,162102,1015272,,no,
F-001196,factura,C0140,2025-12-02,2026-01-01,280790,53350,334140,,no,
F-001197,factura,C1199,2025-12-02,2026-01-01,1156810,219794,1376604,,no,
F-001198,factura,C1128,2025-12-02,2026-01-01,189140,35937,225077,,no,
F-001199,factura,C1078,2025-12-02,2026-01-31,162630,30900,193530,,no,
F-001200,factura,C0747,2025-12-02,2026-01-31,637710,121165,758875,,no,
F-001201,factura,C0632,2025-12-02,2026-01-31,593740,112811,706551,,no,
F-001202,factura,C0642,2025-12-02,2026-01-01,874170,166092,1040262,,no,
F-001203,factura,C0023,2025-12-02,2026-01-01,418140,79447,497587,,no,
NC-00026,nota_credito,C1154,2025-12-02,,-62620,-11898,-74518,F-000954,no,Devolución parcial de mercadería
NC-00031,nota_credito,C0428,2025-12-02,,-155840,-29610,-185450,F-001078,no,Devolución parcial de mercadería
F-001204,factura,C0339,2025-12-03,2026-01-02,435700,82783,518483,,no,
F-001205,factura,C0204,2025-12-03,2026-01-02,192300,36537,228837,,no,
F-001206,factura,C0906,2025-12-03,2026-01-17,819750,155752,975502,,no,
F-001207,factura,C0655,2025-12-03,2026-01-02,1168070,221933,1390003,,no,
F-001208,factura,C0218,2025-12-03,2026-01-02,1061410,201668,1263078,,no,
F-001209,factura,C0850,2025-12-03,2026-01-02,1208300,229577,1437877,,no,
F-001210,factura,C0843,2025-12-03,2026-01-02,739030,140416,879446,,no,
F-001211,factura,C0620,2025-12-03,2026-01-02,599540,113913,713453,,no,
F-001212,factura,C0249,2025-12-03,2026-01-02,316210,60080,376290,,no,
F-001213,factura,C0167,2025-12-03,2026-01-02,524690,99691,624381,,no,
F-001214,factura,C1155,2025-12-03,2026-01-02,259250,49258,308508,,no,
F-001215,factura,C0772,2025-12-03,2026-01-02,379460,72097,451557,,no,
F-001216,factura,C0980,2025-12-03,2026-01-02,801120,152213,953333,,no,
F-001217,factura,C0832,2025-12-03,2026-01-02,679000,129010,808010,,no,
F-001218,factura,C1006,2025-12-03,2026-01-02,8661590,1645702,10307292,,no,
F-001219,factura,C0194,2025-12-03,2026-01-02,254230,48304,302534,,no,
F-001220,factura,C0593,2025-12-03,2026-02-01,675050,128260,803310,,no,
F-001221,factura,C0784,2025-12-03,2026-01-02,238860,45383,284243,,no,
F-001222,factura,C0140,2025-12-03,2026-01-02,547110,103951,651061,,no,
F-001223,factura,C0186,2025-12-03,2026-01-02,565210,107390,672600,,no,
F-001224,factura,C0755,2025-12-03,2026-01-02,1466710,278675,1745385,,no,
F-001225,factura,C1056,2025-12-03,2026-01-02,520680,98929,619609,,no,
F-001226,factura,C0778,2025-12-03,2026-01-02,640220,121642,761862,,no,
F-001227,factura,C0051,2025-12-03,2026-01-02,528800,100472,629272,,no,
F-001228,factura,C1167,2025-12-03,2026-01-17,243240,46216,289456,,no,
F-001229,factura,C0177,2025-12-03,2026-01-02,442830,84138,526968,,no,
F-001230,factura,C0253,2025-12-03,2026-01-17,549670,104437,654107,,no,
NC-00022,nota_credito,C0140,2025-12-03,,-94400,-17936,-112336,F-000865,no,Devolución parcial de mercadería
F-001231,factura,C0631,2025-12-04,2026-01-03,460970,87584,548554,,no,
F-001232,factura,C1101,2025-12-04,2026-01-03,659960,125392,785352,,no,
F-001233,factura,C0015,2025-12-04,2026-01-03,259300,49267,308567,,no,
F-001234,factura,C0084,2025-12-04,2026-01-03,741570,140898,882468,,no,
F-001235,factura,C0493,2025-12-04,2026-01-03,91300,17347,108647,,no,
F-001236,factura,C0799,2025-12-04,2026-01-03,166400,31616,198016,,no,
F-001237,factura,C0569,2025-12-04,2026-01-03,73470,13959,87429,,no,
F-001238,factura,C1078,2025-12-04,2026-02-02,186870,35505,222375,,no,
F-001239,factura,C0063,2025-12-04,2026-01-03,1280250,243248,1523498,,no,
F-001240,factura,C0376,2025-12-04,2026-02-02,1987420,377610,2365030,,no,
F-001241,factura,C0388,2025-12-04,2026-01-03,462210,87820,550030,,no,
F-001242,factura,C0376,2025-12-04,2026-02-02,229890,43679,273569,,no,
F-001243,factura,C0586,2025-12-04,2026-01-18,320870,60965,381835,,no,
F-001244,factura,C0958,2025-12-04,2026-02-02,559490,106303,665793,,no,
F-001245,factura,C0345,2025-12-04,2026-01-18,109720,20847,130567,,no,
F-001246,factura,C0906,2025-12-04,2026-01-18,242340,46045,288385,,no,
F-001247,factura,C0184,2025-12-04,2026-01-03,1207450,229416,1436866,,no,
F-001248,factura,C0659,2025-12-04,2026-01-03,165970,31534,197504,,no,
F-001249,factura,C0428,2025-12-04,2026-01-18,210430,39982,250412,,no,
F-001250,factura,C0643,2025-12-04,2026-01-18,387190,73566,460756,,no,
F-001251,factura,C0140,2025-12-04,2026-01-03,480520,91299,571819,,no,
F-001252,factura,C1149,2025-12-04,2026-01-03,232370,44150,276520,,no,
F-001253,factura,C1089,2025-12-04,2026-01-03,407450,77416,484866,,no,
F-001254,factura,C1000,2025-12-04,2026-01-03,623100,118389,741489,,no,
F-001255,factura,C1078,2025-12-04,2026-02-02,1839980,349596,2189576,,no,
F-001256,factura,C0184,2025-12-04,2026-01-03,346320,65801,412121,,no,
F-001257,factura,C0603,2025-12-04,2026-01-03,370670,70427,441097,,no,
F-001258,factura,C0345,2025-12-04,2026-01-18,1300250,247048,1547298,,no,
F-001259,factura,C1078,2025-12-04,2026-02-02,246910,46913,293823,,no,
F-001260,factura,C0227,2025-12-04,2026-01-18,132800,25232,158032,,no,
F-001261,factura,C0249,2025-12-04,2026-01-03,468040,88928,556968,,no,
F-001262,factura,C0814,2025-12-04,2026-01-03,906230,172184,1078414,,no,
F-001263,factura,C0138,2025-12-04,2026-01-03,511420,97170,608590,,no,
F-001264,factura,C0882,2025-12-04,2026-01-03,354510,67357,421867,,no,
F-001265,factura,C0296,2025-12-04,2026-01-03,120260,22849,143109,,no,
F-001266,factura,C0779,2025-12-04,2026-01-03,365640,69472,435112,,no,
F-001267,factura,C1062,2025-12-04,2026-01-03,1027490,195223,1222713,,no,
F-001268,factura,C0735,2025-12-04,2026-01-03,142740,27121,169861,,no,
F-001269,factura,C0402,2025-12-05,2026-01-04,1159280,220263,1379543,,no,
F-001270,factura,C0015,2025-12-05,2026-01-04,951040,180698,1131738,,no,
F-001271,factura,C0494,2025-12-05,2026-01-04,1139750,216552,1356302,,no,
F-001272,factura,C0004,2025-12-05,2026-01-04,54770,10406,65176,,no,
F-001273,factura,C0671,2025-12-05,2026-01-04,2014200,382698,2396898,,no,
F-001274,factura,C0664,2025-12-05,2026-01-04,3605950,685130,4291080,,no,
F-001275,factura,C0828,2025-12-05,2026-01-04,269160,51140,320300,,no,
F-001276,factura,C0001,2025-12-05,2026-01-04,122780,23328,146108,,no,
F-001277,factura,C0090,2025-12-05,2026-01-04,506200,96178,602378,,no,
F-001278,factura,C0832,2025-12-05,2026-01-04,403780,76718,480498,,no,
F-001279,factura,C0969,2025-12-05,2026-01-04,849030,161316,1010346,,no,
F-001280,factura,C0850,2025-12-05,2026-01-04,1189280,225963,1415243,,no,
F-001281,factura,C0783,2025-12-05,2026-01-04,469340,89175,558515,,no,
F-001282,factura,C0841,2025-12-05,2026-02-03,415130,78875,494005,,no,
F-001283,factura,C0906,2025-12-05,2026-01-19,764590,145272,909862,,no,
F-001284,factura,C0861,2025-12-05,2026-01-04,409980,77896,487876,,no,
F-001285,factura,C0901,2025-12-05,2026-01-04,383440,72854,456294,,no,
F-001286,factura,C0119,2025-12-05,2026-01-04,1153860,219233,1373093,,no,
F-001287,factura,C0101,2025-12-05,2026-01-04,1378820,261976,1640796,,no,
F-001288,factura,C0405,2025-12-05,2026-01-04,1197910,227603,1425513,,no,
F-001289,factura,C0632,2025-12-05,2026-02-03,439910,83583,523493,,no,
NC-00023,nota_credito,C0031,2025-12-06,,-116470,-22129,-138599,F-000885,no,Devolución parcial de mercadería
F-001290,factura,C0958,2025-12-08,2026-02-06,485030,92156,577186,,no,
F-001291,factura,C0249,2025-12-08,2026-01-07,646460,122827,769287,,no,Anulada por nota de crédito
F-001292,factura,C0831,2025-12-08,2026-01-07,1152620,218998,1371618,,no,
F-001293,factura,C1042,2025-12-08,2026-01-07,172890,32849,205739,,no,
F-001294,factura,C0726,2025-12-08,2026-01-07,446860,84903,531763,,no,
F-001295,factura,C0394,2025-12-08,2026-01-07,1089870,207075,1296945,,no,
F-001296,factura,C0227,2025-12-08,2026-01-22,591680,112419,704099,,no,
F-001297,factura,C0170,2025-12-08,2026-01-07,1815940,345029,2160969,,no,
F-001298,factura,C0906,2025-12-08,2026-01-22,159140,30237,189377,,no,
F-001299,factura,C0554,2025-12-08,2026-01-07,145250,27598,172848,,no,
F-001300,factura,C0066,2025-12-08,2026-01-07,1039240,197456,1236696,,no,
F-001301,factura,C1191,2025-12-08,2026-01-07,1122300,213237,1335537,,no,
F-001302,factura,C0794,2025-12-08,2026-01-07,481010,91392,572402,,no,
F-001303,factura,C1033,2025-12-08,2026-01-07,773410,146948,920358,,no,
F-001304,factura,C0515,2025-12-08,2026-01-07,1019080,193625,1212705,,no,
F-001305,factura,C1152,2025-12-08,2026-01-07,292770,55626,348396,,no,
F-001306,factura,C0227,2025-12-08,2026-01-22,653450,124156,777606,,no,
F-001307,factura,C1078,2025-12-08,2026-02-06,1157210,219870,1377080,,no,
F-001308,factura,C1078,2025-12-08,2026-02-06,220900,41971,262871,,no,
F-001309,factura,C0593,2025-12-08,2026-02-06,479210,91050,570260,,no,
F-001310,factura,C0163,2025-12-08,2026-01-22,461790,87740,549530,,no,
F-001311,factura,C0325,2025-12-08,2026-02-06,784350,149026,933376,,no,
F-001312,factura,C0918,2025-12-08,2026-01-07,557540,105933,663473,,no,
F-001313,factura,C1037,2025-12-08,2026-01-07,362780,68928,431708,,no,
F-001314,factura,C0382,2025-12-08,2026-01-07,1524380,289632,1814012,,no,
F-001315,factura,C0783,2025-12-08,2026-01-07,444440,84444,528884,,no,
F-001316,factura,C0906,2025-12-08,2026-01-22,157160,29860,187020,,no,
F-001317,factura,C0502,2025-12-08,2026-01-07,317220,60272,377492,,no,
F-001318,factura,C0683,2025-12-08,2026-01-07,848400,161196,1009596,,no,
F-001319,factura,C1195,2025-12-08,2026-01-07,725580,137860,863440,,no,
F-001320,factura,C0228,2025-12-09,2026-02-07,268700,51053,319753,,no,
F-001321,factura,C0420,2025-12-09,2026-01-08,956230,181684,1137914,,no,
F-001322,factura,C1078,2025-12-09,2026-02-07,300920,57175,358095,,no,
F-001323,factura,C0449,2025-12-09,2026-01-08,249990,47498,297488,,no,
F-001324,factura,C1035,2025-12-09,2026-01-08,622840,118340,741180,,no,
F-001325,factura,C0653,2025-12-09,2026-02-07,3633340,690335,4323675,,no,
F-001326,factura,C0012,2025-12-09,2026-01-08,1003220,190612,1193832,,no,
F-001327,factura,C0227,2025-12-09,2026-01-23,614450,116746,731196,,no,
F-001328,factura,C1115,2025-12-09,2026-01-08,734240,139506,873746,,no,
F-001329,factura,C0726,2025-12-09,2026-01-08,135760,25794,161554,,no,
F-001330,factura,C1110,2025-12-09,2026-01-08,224500,42655,267155,,no,
F-001331,factura,C0339,2025-12-09,2026-01-08,73920,14045,87965,,no,
F-001332,factura,C0848,2025-12-09,2026-01-08,2198760,417764,2616524,,no,
F-001333,factura,C0936,2025-12-09,2026-01-08,1869930,355287,2225217,,no,
F-001334,factura,C1178,2025-12-09,2026-01-08,754460,143347,897807,,no,
F-001335,factura,C0029,2025-12-09,2026-01-08,613900,116641,730541,,no,
F-001336,factura,C0457,2025-12-09,2026-01-08,462340,87845,550185,,no,
F-001337,factura,C0646,2025-12-09,2026-01-08,612090,116297,728387,,no,
F-001338,factura,C0671,2025-12-09,2026-01-08,350730,66639,417369,,no,
F-001339,factura,C0403,2025-12-09,2026-01-08,135000,25650,160650,,no,
F-001340,factura,C1004,2025-12-09,2026-01-08,1662360,315848,1978208,,no,
F-001341,factura,C0292,2025-12-09,2026-01-08,520960,98982,619942,,no,
NC-00027,nota_credito,C1098,2025-12-09,,-459530,-87311,-546841,F-000964,no,Devolución parcial de mercadería
F-001342,factura,C0926,2025-12-10,2026-02-08,359830,68368,428198,,no,
F-001343,factura,C0332,2025-12-10,2026-01-09,1232570,234188,1466758,,no,
F-001344,factura,C0755,2025-12-10,2026-01-09,431450,81976,513426,,no,
F-001345,factura,C0722,2025-12-10,2026-01-09,3854720,732397,4587117,,no,
F-001346,factura,C0181,2025-12-10,2026-01-09,889260,168959,1058219,,no,
F-001347,factura,C0228,2025-12-10,2026-02-08,284180,53994,338174,,no,
F-001348,factura,C0806,2025-12-10,2026-01-09,475440,90334,565774,,no,
F-001349,factura,C1117,2025-12-10,2026-01-09,335670,63777,399447,,no,
F-001350,factura,C0677,2025-12-10,2026-01-09,1209130,229735,1438865,,no,
F-001351,factura,C0676,2025-12-10,2026-01-09,171840,32650,204490,,no,
F-001352,factura,C0767,2025-12-10,2026-01-09,218080,41435,259515,,no,
F-001353,factura,C0519,2025-12-10,2026-01-09,397170,75462,472632,,no,
F-001354,factura,C0079,2025-12-10,2026-01-09,1100990,209188,1310178,,no,
F-001355,factura,C0468,2025-12-10,2026-02-08,1709660,324835,2034495,,no,
F-001356,factura,C1080,2025-12-10,2026-01-09,1923760,365514,2289274,,no,
F-001357,factura,C0972,2025-12-10,2026-01-09,974030,185066,1159096,,no,
F-001358,factura,C1109,2025-12-10,2026-01-09,596630,113360,709990,,no,
F-001359,factura,C0190,2025-12-10,2026-02-08,1203880,228737,1432617,,no,
F-001360,factura,C0607,2025-12-10,2026-01-09,255190,48486,303676,,no,
F-001361,factura,C0686,2025-12-10,2026-01-09,145750,27692,173442,,no,
F-001362,factura,C0248,2025-12-10,2026-02-08,904080,171775,1075855,,no,
F-001363,factura,C0242,2025-12-10,2026-01-09,285160,54180,339340,,no,
F-001364,factura,C0949,2025-12-10,2026-01-09,605080,114965,720045,,no,
F-001365,factura,C0796,2025-12-10,2026-01-09,701560,133296,834856,,no,
F-001366,factura,C0768,2025-12-10,2026-01-09,777510,147727,925237,,no,
F-001367,factura,C0293,2025-12-10,2026-01-09,1349970,256494,1606464,,no,
F-001368,factura,C0607,2025-12-10,2026-01-09,1240490,235693,1476183,,no,
F-001369,factura,C0031,2025-12-10,2026-01-09,745160,141580,886740,,no,
NC-00036,nota_credito,C0861,2025-12-10,,-43760,-8314,-52074,F-001284,no,Devolución parcial de mercadería
F-001370,factura,C0249,2025-12-11,2026-01-10,644220,122402,766622,,no,
F-001371,factura,C1097,2025-12-11,2026-01-10,496270,94291,590561,,no,
F-001372,factura,C1099,2025-12-11,2026-01-10,2188220,415762,2603982,,no,
F-001373,factura,C0501,2025-12-11,2026-01-10,171080,32505,203585,,no,
F-001374,factura,C0325,2025-12-11,2026-02-09,781410,148468,929878,,no,
F-001375,factura,C0439,2025-12-11,2026-01-10,633050,120280,753330,,no,
F-001376,factura,C1195,2025-12-11,2026-01-10,1287810,244684,1532494,,no,
F-001377,factura,C0746,2025-12-11,2026-01-10,287790,54680,342470,,no,
F-001378,factura,C0646,2025-12-11,2026-01-10,617600,117344,734944,,no,
F-001379,factura,C0051,2025-12-11,2026-01-10,848760,161264,1010024,,no,
F-001380,factura,C1039,2025-12-11,2026-01-10,2168360,411988,2580348,,no,
F-001381,factura,C0127,2025-12-11,2026-01-10,1201610,228306,1429916,,no,
F-001382,factura,C0067,2025-12-11,2026-01-10,357410,67908,425318,,no,
F-001383,factura,C0303,2025-12-11,2026-01-10,623710,118505,742215,,no,
F-001384,factura,C0569,2025-12-11,2026-01-10,1871520,355589,2227109,,no,
F-001385,factura,C1078,2025-12-11,2026-02-09,352500,66975,419475,,no,
F-001386,factura,C0958,2025-12-11,2026-02-09,865020,164354,1029374,,no,
F-001387,factura,C0233,2025-12-11,2026-01-10,914490,173753,1088243,,no,
F-001388,factura,C0423,2025-12-11,2026-01-10,676570,128548,805118,,no,
F-001389,factura,C0944,2025-12-11,2026-01-10,7960660,1512525,9473185,,no,
F-001390,factura,C0632,2025-12-11,2026-02-09,662140,125807,787947,,no,
NC-00032,nota_credito,C0805,2025-12-11,,-28740,-5461,-34201,F-001151,no,Devolución parcial de mercadería
F-001391,factura,C0960,2025-12-12,2026-01-11,654500,124355,778855,,no,
F-001392,factura,C0764,2025-12-12,2026-01-11,148100,28139,176239,,no,
F-001393,factura,C0286,2025-12-12,2026-01-11,930570,176808,1107378,,no,
F-001394,factura,C0755,2025-12-12,2026-01-11,732740,139221,871961,,no,
F-001395,factura,C0163,2025-12-12,2026-01-26,3123140,593397,3716537,,no,
F-001396,factura,C0109,2025-12-12,2026-01-11,647840,123090,770930,,no,
F-001397,factura,C1196,2025-12-12,2026-02-10,302940,57559,360499,,no,
F-001398,factura,C0756,2025-12-12,2026-01-11,618370,117490,735860,,no,
F-001399,factura,C0274,2025-12-12,2026-01-11,495430,94132,589562,,no,
F-001400,factura,C0529,2025-12-12,2026-01-11,911810,173244,1085054,,no,
F-001401,factura,C1146,2025-12-12,2026-01-11,657980,125016,782996,,no,
F-001402,factura,C0515,2025-12-12,2026-01-11,235030,44656,279686,,no,
F-001403,factura,C1080,2025-12-12,2026-01-11,174000,33060,207060,,no,
F-001404,factura,C1056,2025-12-12,2026-01-11,794720,150997,945717,,no,
F-001405,factura,C0379,2025-12-12,2026-01-11,1947220,369972,2317192,,no,
F-001406,factura,C0831,2025-12-12,2026-01-11,686180,130374,816554,,no,
F-001407,factura,C0778,2025-12-12,2026-01-11,1234360,234528,1468888,,no,
F-001408,factura,C0935,2025-12-12,2026-01-11,1447960,275112,1723072,,no,
F-001409,factura,C0418,2025-12-12,2026-01-11,797200,151468,948668,,no,
F-001410,factura,C0076,2025-12-12,2026-01-11,335650,63774,399424,,no,
F-001411,factura,C0211,2025-12-12,2026-01-11,752890,143049,895939,,no,
F-001412,factura,C0742,2025-12-12,2026-01-11,1691420,321370,2012790,,no,
NC-00034,nota_credito,C1078,2025-12-12,,-674190,-128096,-802286,F-001255,no,Devolución parcial de mercadería
NC-00033,nota_credito,C0020,2025-12-13,,-238580,-45330,-283910,F-001178,no,Devolución parcial de mercadería
NC-00028,nota_credito,C0506,2025-12-14,,-71870,-13655,-85525,F-001038,no,Devolución parcial de mercadería
F-001413,factura,C1155,2025-12-15,2026-01-14,450580,85610,536190,,no,
F-001414,factura,C1104,2025-12-15,2026-01-14,854300,162317,1016617,,no,
F-001415,factura,C0565,2025-12-15,2026-01-14,795640,151172,946812,,no,
F-001416,factura,C0193,2025-12-15,2026-01-14,343480,65261,408741,,no,
F-001417,factura,C0266,2025-12-15,2026-01-14,375190,71286,446476,,no,
F-001418,factura,C1031,2025-12-15,2026-01-14,395220,75092,470312,,no,
F-001419,factura,C0688,2025-12-15,2026-01-14,365010,69352,434362,,no,
F-001420,factura,C0461,2025-12-15,2026-01-14,1380960,262382,1643342,,no,
F-001421,factura,C0655,2025-12-15,2026-01-14,446440,84824,531264,,no,
F-001422,factura,C0632,2025-12-15,2026-02-13,1675240,318296,1993536,,no,
F-001423,factura,C1104,2025-12-15,2026-01-14,2327480,442221,2769701,,no,
F-001424,factura,C0249,2025-12-15,2026-01-14,309440,58794,368234,,no,Anulada por nota de crédito
F-001425,factura,C1109,2025-12-15,2026-01-14,54000,10260,64260,,no,
F-001426,factura,C0045,2025-12-15,2026-01-14,1288660,244845,1533505,,no,
F-001427,factura,C0934,2025-12-15,2026-01-29,425040,80758,505798,,no,
F-001428,factura,C1100,2025-12-15,2026-01-14,279440,53094,332534,,no,
F-001429,factura,C0461,2025-12-15,2026-01-14,348900,66291,415191,,no,
F-001430,factura,C0119,2025-12-15,2026-01-14,400980,76186,477166,,no,
F-001431,factura,C0972,2025-12-15,2026-01-14,1577360,299698,1877058,,no,
F-001432,factura,C1031,2025-12-15,2026-01-14,635040,120658,755698,,no,
F-001433,factura,C0376,2025-12-15,2026-02-13,1560300,296457,1856757,,no,
F-001434,factura,C0631,2025-12-15,2026-01-14,829750,157652,987402,,no,
F-001435,factura,C0980,2025-12-15,2026-01-14,436320,82901,519221,,no,
F-001436,factura,C0228,2025-12-15,2026-02-13,408900,77691,486591,,no,
F-001437,factura,C0754,2025-12-15,2026-02-13,875720,166387,1042107,,no,
F-001438,factura,C0507,2025-12-15,2026-01-14,1077170,204662,1281832,,no,
F-001439,factura,C0216,2025-12-15,2026-01-14,1240400,235676,1476076,,no,
F-001440,factura,C1009,2025-12-15,2026-01-14,453290,86125,539415,,no,
F-001441,factura,C0249,2025-12-16,2026-01-15,2019540,383713,2403253,,no,
F-001442,factura,C0564,2025-12-16,2026-01-15,533980,101456,635436,,no,
F-001443,factura,C0115,2025-12-16,2026-01-15,388650,73844,462494,,no,
F-001444,factura,C1078,2025-12-16,2026-02-14,620940,117979,738919,,no,
F-001445,factura,C0880,2025-12-16,2026-01-15,1382430,262662,1645092,,no,
F-001446,factura,C0926,2025-12-16,2026-02-14,1095610,208166,1303776,,no,
F-001447,factura,C1062,2025-12-16,2026-01-15,579630,110130,689760,,no,
F-001448,factura,C0958,2025-12-16,2026-02-14,1389680,264039,1653719,,no,
F-001449,factura,C0507,2025-12-16,2026-01-15,795190,151086,946276,,no,
F-001450,factura,C0150,2025-12-16,2026-01-15,449580,85420,535000,,no,
F-001451,factura,C0427,2025-12-16,2026-01-15,403540,76673,480213,,no,
F-001452,factura,C1117,2025-12-16,2026-01-15,987210,187570,1174780,,no,
F-001453,factura,C1141,2025-12-16,2026-01-15,665600,126464,792064,,no,
F-001454,factura,C0934,2025-12-16,2026-01-30,236580,44950,281530,,no,
F-001455,factura,C0245,2025-12-16,2026-01-15,1400280,266053,1666333,,no,
F-001456,factura,C0228,2025-12-16,2026-02-14,484190,91996,576186,,no,
F-001457,factura,C1075,2025-12-16,2026-01-15,2541200,482828,3024028,,no,
F-001458,factura,C0181,2025-12-16,2026-01-15,231440,43974,275414,,no,
F-001459,factura,C0683,2025-12-16,2026-01-15,615310,116909,732219,,no,
F-001460,factura,C0430,2025-12-16,2026-01-15,406150,77168,483318,,no,
F-001461,factura,C0325,2025-12-16,2026-02-14,325820,61906,387726,,no,
F-001462,factura,C0800,2025-12-16,2026-01-15,481670,91517,573187,,no,
F-001463,factura,C1158,2025-12-16,2026-01-15,2931150,556918,3488068,,no,
F-001464,factura,C0942,2025-12-16,2026-01-15,797430,151512,948942,,no,
F-001465,factura,C0586,2025-12-16,2026-01-30,377410,71708,449118,,no,
F-001466,factura,C0520,2025-12-17,2026-01-16,326910,62113,389023,,no,
F-001467,factura,C0992,2025-12-17,2026-01-16,1479990,281198,1761188,,no,
F-001468,factura,C0181,2025-12-17,2026-01-16,240960,45782,286742,,no,
F-001469,factura,C0376,2025-12-17,2026-02-15,203800,38722,242522,,no,
F-001470,factura,C0296,2025-12-17,2026-01-16,456540,86743,543283,,no,
F-001471,factura,C0832,2025-12-17,2026-01-16,3409700,647843,4057543,,no,
F-001472,factura,C0926,2025-12-17,2026-02-15,3258770,619166,3877936,,no,
F-001473,factura,C0536,2025-12-17,2026-01-16,497600,94544,592144,,no,
F-001474,factura,C0573,2025-12-17,2026-01-16,416310,79099,495409,,no,
F-001475,factura,C0167,2025-12-17,2026-01-16,192190,36516,228706,,no,
F-001476,factura,C1196,2025-12-17,2026-02-15,812730,154419,967149,,no,
F-001477,factura,C0942,2025-12-17,2026-01-16,1342690,255111,1597801,,no,
F-001478,factura,C0249,2025-12-17,2026-01-16,1479340,281075,1760415,,no,Anulada por nota de crédito
F-001479,factura,C0747,2025-12-17,2026-02-15,609630,115830,725460,,no,
F-001480,factura,C0319,2025-12-17,2026-01-16,1113890,211639,1325529,,no,
F-001481,factura,C0044,2025-12-17,2026-01-16,407600,77444,485044,,no,
F-001482,factura,C0226,2025-12-17,2026-01-16,1097100,208449,1305549,,no,
F-001483,factura,C0140,2025-12-17,2026-01-16,475800,90402,566202,,no,
F-001484,factura,C0228,2025-12-17,2026-02-15,1031070,195903,1226973,,no,
F-001485,factura,C0960,2025-12-17,2026-01-16,966410,183618,1150028,,no,
F-001486,factura,C0315,2025-12-17,2026-01-16,754330,143323,897653,,no,
F-001487,factura,C0921,2025-12-17,2026-01-16,1348060,256131,1604191,,no,
F-001488,factura,C1141,2025-12-17,2026-01-16,203260,38619,241879,,no,
F-001489,factura,C0677,2025-12-17,2026-01-16,304560,57866,362426,,no,
F-001490,factura,C0586,2025-12-17,2026-01-31,575210,109290,684500,,no,
F-001491,factura,C0915,2025-12-17,2026-01-16,225020,42754,267774,,no,
F-007005,factura,C0249,2025-12-17,2026-01-16,432600,82194,514794,F-000017,no,Anulada por nota de crédito
NC-00002,nota_credito,C0249,2025-12-17,,-457570,-86938,-544508,F-000017,no,Anula factura por error en precio / orden de compra
F-001492,factura,C0227,2025-12-18,2026-02-01,570570,108408,678978,,no,
F-001493,factura,C0662,2025-12-18,2026-01-17,512100,97299,609399,,no,
F-001494,factura,C1190,2025-12-18,2026-01-17,588720,111857,700577,,no,
F-001495,factura,C0651,2025-12-18,2026-01-17,453060,86081,539141,,no,
F-001496,factura,C0764,2025-12-18,2026-01-17,674960,128242,803202,,no,
F-001497,factura,C0800,2025-12-18,2026-01-17,1602870,304545,1907415,,no,
F-001498,factura,C1007,2025-12-18,2026-01-17,3849660,731435,4581095,,no,
F-001499,factura,C0508,2025-12-18,2026-01-17,245490,46643,292133,,no,
F-001500,factura,C0593,2025-12-18,2026-02-16,348400,66196,414596,,no,
F-001501,factura,C0218,2025-12-18,2026-01-17,518210,98460,616670,,no,
F-001502,factura,C0741,2025-12-18,2026-01-17,1801060,342201,2143261,,no,
F-001503,factura,C0319,2025-12-18,2026-01-17,828470,157409,985879,,no,
F-001504,factura,C0608,2025-12-18,2026-01-17,546890,103909,650799,,no,
F-001505,factura,C0029,2025-12-18,2026-01-17,2097810,398584,2496394,,no,
F-001506,factura,C0671,2025-12-18,2026-01-17,961530,182691,1144221,,no,
F-001507,factura,C0216,2025-12-18,2026-01-17,508040,96528,604568,,no,
F-001508,factura,C0309,2025-12-18,2026-01-17,1211670,230217,1441887,,no,
F-001509,factura,C0049,2025-12-18,2026-01-17,809910,153883,963793,,no,
NC-00038,nota_credito,C1078,2025-12-18,,-29600,-5624,-35224,F-001308,no,Devolución parcial de mercadería
F-001510,factura,C0227,2025-12-19,2026-02-02,734630,139580,874210,,no,
F-001511,factura,C0813,2025-12-19,2026-01-18,524490,99653,624143,,no,
F-001512,factura,C0249,2025-12-19,2026-01-18,306780,58288,365068,,no,
F-001513,factura,C0997,2025-12-19,2026-01-18,265480,50441,315921,,no,
F-001514,factura,C0755,2025-12-19,2026-01-18,2296530,436341,2732871,,no,
F-001515,factura,C0317,2025-12-19,2026-01-18,631150,119918,751068,,no,
F-001516,factura,C0274,2025-12-19,2026-01-18,1417420,269310,1686730,,no,
F-001517,factura,C0507,2025-12-19,2026-01-18,1744650,331484,2076134,,no,
F-001518,factura,C0963,2025-12-19,2026-01-18,414760,78804,493564,,no,
F-001519,factura,C0960,2025-12-19,2026-01-18,808510,153617,962127,,no,
F-001520,factura,C0047,2025-12-19,2026-01-18,597280,113483,710763,,no,
F-001521,factura,C0325,2025-12-19,2026-02-17,228290,43375,271665,,no,
F-001522,factura,C0501,2025-12-19,2026-01-18,496710,94375,591085,,no,
F-001523,factura,C0688,2025-12-19,2026-01-18,921850,175152,1097002,,no,
F-001524,factura,C0186,2025-12-19,2026-01-18,386510,73437,459947,,no,
F-001525,factura,C0376,2025-12-19,2026-02-17,444300,84417,528717,,no,
F-001526,factura,C1078,2025-12-19,2026-02-17,501540,95293,596833,,no,
F-001527,factura,C0569,2025-12-19,2026-01-18,3120050,592810,3712860,,no,
F-001528,factura,C0906,2025-12-19,2026-02-02,132840,25240,158080,,no,
F-001529,factura,C0586,2025-12-19,2026-02-02,860660,163525,1024185,,no,
F-001530,factura,C0554,2025-12-19,2026-01-18,470460,89387,559847,,no,
F-001531,factura,C0747,2025-12-19,2026-02-17,345110,65571,410681,,no,
F-001532,factura,C0281,2025-12-19,2026-01-18,461320,87651,548971,,no,
F-001533,factura,C0274,2025-12-19,2026-01-18,982680,186709,1169389,,no,
F-001534,factura,C1195,2025-12-19,2026-01-18,1028650,195444,1224094,,no,
F-001535,factura,C1057,2025-12-19,2026-01-18,668610,127036,795646,,no,
F-001536,factura,C0901,2025-12-19,2026-01-18,1381020,262394,1643414,,no,
F-001537,factura,C0177,2025-12-19,2026-01-18,1589940,302089,1892029,,no,
F-001538,factura,C0044,2025-12-19,2026-01-18,1107080,210345,1317425,,no,
F-001539,factura,C0218,2025-12-19,2026-01-18,372200,70718,442918,,no,
F-001540,factura,C0809,2025-12-22,2026-01-21,440790,83750,524540,,no,
F-001541,factura,C0371,2025-12-22,2026-01-21,727890,138299,866189,,no,
F-001542,factura,C0124,2025-12-22,2026-01-21,405560,77056,482616,,no,
F-001543,factura,C0379,2025-12-22,2026-01-21,216410,41118,257528,,no,
F-001544,factura,C0843,2025-12-22,2026-01-21,1098280,208673,1306953,,no,
F-001545,factura,C0156,2025-12-22,2026-01-21,863990,164158,1028148,,no,
F-001546,factura,C0863,2025-12-22,2026-01-21,209430,39792,249222,,no,
F-001547,factura,C0940,2025-12-22,2026-01-21,171070,32503,203573,,no,
F-001548,factura,C0755,2025-12-22,2026-01-21,224940,42739,267679,,no,
F-001549,factura,C0267,2025-12-22,2026-01-21,745140,141577,886717,,no,
F-001550,factura,C0973,2025-12-22,2026-01-21,600530,114101,714631,,no,
F-001551,factura,C0249,2025-12-22,2026-01-21,906340,172205,1078545,,no,Anulada por nota de crédito
F-001552,factura,C1089,2025-12-22,2026-01-21,371090,70507,441597,,no,
F-001553,factura,C0841,2025-12-22,2026-02-20,229880,43677,273557,,no,
F-001554,factura,C0081,2025-12-22,2026-01-21,1004690,190891,1195581,,no,
F-001555,factura,C0961,2025-12-22,2026-02-05,309390,58784,368174,,no,
F-001556,factura,C0607,2025-12-22,2026-01-21,559250,106258,665508,,no,
F-001557,factura,C0530,2025-12-22,2026-01-21,139410,26488,165898,,no,
F-001558,factura,C0501,2025-12-22,2026-01-21,305360,58018,363378,,no,
F-001559,factura,C0731,2025-12-22,2026-01-21,1080170,205232,1285402,,no,
F-001560,factura,C0863,2025-12-22,2026-01-21,271600,51604,323204,,no,
F-001561,factura,C1078,2025-12-22,2026-02-20,924230,175604,1099834,,no,
F-001562,factura,C0301,2025-12-22,2026-02-20,74630,14180,88810,,no,
F-001563,factura,C0754,2025-12-22,2026-02-20,307920,58505,366425,,no,
F-001564,factura,C0813,2025-12-22,2026-01-21,420010,79802,499812,,no,
F-001565,factura,C0798,2025-12-22,2026-01-21,1941830,368948,2310778,,no,
F-001566,factura,C0590,2025-12-22,2026-02-20,189070,35923,224993,,no,
F-001567,factura,C0456,2025-12-22,2026-01-21,823980,156556,980536,,no,
F-001568,factura,C0926,2025-12-22,2026-02-20,1122030,213186,1335216,,no,
F-001569,factura,C0323,2025-12-22,2026-01-21,270470,51389,321859,,no,
F-001570,factura,C0245,2025-12-22,2026-01-21,357280,67883,425163,,no,
F-001571,factura,C0647,2025-12-22,2026-01-21,539510,102507,642017,,no,
F-001572,factura,C0295,2025-12-22,2026-01-21,147250,27978,175228,,no,
F-001573,factura,C0047,2025-12-22,2026-01-21,334710,63595,398305,,no,
F-001574,factura,C0076,2025-12-22,2026-01-21,1337080,254045,1591125,,no,
F-001575,factura,C0829,2025-12-22,2026-01-21,731780,139038,870818,,no,
F-001576,factura,C1167,2025-12-22,2026-02-05,424940,80739,505679,,no,
F-001577,factura,C0534,2025-12-22,2026-01-21,527320,100191,627511,,no,
F-001578,factura,C1109,2025-12-23,2026-01-22,1753790,333220,2087010,,no,
F-001579,factura,C0843,2025-12-23,2026-01-22,1027640,195252,1222892,,no,
F-001580,factura,C0712,2025-12-23,2026-01-22,419950,79790,499740,,no,
F-001581,factura,C0772,2025-12-23,2026-01-22,182860,34743,217603,,no,
F-001582,factura,C0771,2025-12-23,2026-02-06,1102470,209469,1311939,,no,
F-001583,factura,C1115,2025-12-23,2026-01-22,694540,131963,826503,,no,
F-001584,factura,C1167,2025-12-23,2026-02-06,147800,28082,175882,,no,
F-001585,factura,C0507,2025-12-23,2026-01-22,394040,74868,468908,,no,
F-001586,factura,C0969,2025-12-23,2026-01-22,480730,91339,572069,,no,
F-001587,factura,C0003,2025-12-23,2026-01-22,262050,49790,311840,,no,
F-001588,factura,C0632,2025-12-23,2026-02-21,211730,40229,251959,,no,
F-001589,factura,C0771,2025-12-23,2026-02-06,1958210,372060,2330270,,no,
F-001590,factura,C0850,2025-12-23,2026-01-22,934780,177608,1112388,,no,
F-001591,factura,C0420,2025-12-23,2026-01-22,1462720,277917,1740637,,no,
F-001592,factura,C0319,2025-12-23,2026-01-22,578620,109938,688558,,no,
F-001593,factura,C0227,2025-12-23,2026-02-06,1293780,245818,1539598,,no,
F-001594,factura,C1100,2025-12-23,2026-01-22,540330,102663,642993,,no,
F-001595,factura,C1078,2025-12-23,2026-02-21,596900,113411,710311,,no,
F-001596,factura,C0403,2025-12-23,2026-01-22,1433770,272416,1706186,,no,
F-001597,factura,C0278,2025-12-23,2026-01-22,612270,116331,728601,,no,
F-001598,factura,C0958,2025-12-23,2026-02-21,287640,54652,342292,,no,
F-001599,factura,C0863,2025-12-23,2026-01-22,499380,94882,594262,,no,
F-001600,factura,C0606,2025-12-23,2026-01-22,124090,23577,147667,,no,
F-001601,factura,C0451,2025-12-23,2026-01-22,74090,14077,88167,,no,
F-001602,factura,C0156,2025-12-23,2026-01-22,922580,175290,1097870,,no,
F-001603,factura,C0956,2025-12-23,2026-01-22,351540,66793,418333,,no,
F-001604,factura,C0745,2025-12-23,2026-01-22,384900,73131,458031,,no,
NC-00035,nota_credito,C0138,2025-12-23,,-134780,-25608,-160388,F-001263,no,Devolución parcial de mercadería
F-001605,factura,C1139,2025-12-24,2026-01-23,423050,80380,503430,,no,
F-001606,factura,C0726,2025-12-24,2026-01-23,1131220,214932,1346152,,no,
F-001607,factura,C0474,2025-12-24,2026-01-23,203290,38625,241915,,no,
F-001608,factura,C0651,2025-12-24,2026-01-23,450100,85519,535619,,no,
F-001609,factura,C1078,2025-12-24,2026-02-22,247770,47076,294846,,no,
F-001610,factura,C1097,2025-12-24,2026-01-23,401470,76279,477749,,no,
F-001611,factura,C0468,2025-12-24,2026-02-22,1771350,336556,2107906,,no,
F-001612,factura,C0733,2025-12-24,2026-01-23,399120,75833,474953,,no,
F-001613,factura,C0309,2025-12-24,2026-01-23,1157160,219860,1377020,,no,
F-001614,factura,C0530,2025-12-24,2026-01-23,2192800,416632,2609432,,no,
F-001615,factura,C0249,2025-12-24,2026-01-23,637180,121064,758244,,no,
F-001616,factura,C0632,2025-12-24,2026-02-22,1442500,274075,1716575,,no,
F-001617,factura,C0376,2025-12-24,2026-02-22,714990,135848,850838,,no,
F-001618,factura,C0301,2025-12-24,2026-02-22,1187220,225572,1412792,,no,
F-001619,factura,C0187,2025-12-24,2026-01-23,2838610,539336,3377946,,no,
F-001620,factura,C0177,2025-12-24,2026-01-23,391230,74334,465564,,no,
F-001621,factura,C0843,2025-12-24,2026-01-23,302400,57456,359856,,no,
F-001622,factura,C0249,2025-12-24,2026-01-23,288530,54821,343351,,no,
F-001623,factura,C0149,2025-12-24,2026-01-23,1443260,274219,1717479,,no,
F-001624,factura,C1199,2025-12-24,2026-01-23,1607790,305480,1913270,,no,
F-001625,factura,C0283,2025-12-24,2026-01-23,423900,80541,504441,,no,
F-001626,factura,C1078,2025-12-24,2026-02-22,117960,22412,140372,,no,
F-001627,factura,C0734,2025-12-24,2026-01-23,379670,72137,451807,,no,
F-001628,factura,C0845,2025-12-24,2026-01-23,1009700,191843,1201543,,no,
F-001629,factura,C0660,2025-12-24,2026-01-23,617540,117333,734873,,no,
F-001630,factura,C1196,2025-12-25,2026-02-23,417460,79317,496777,,no,
F-001631,factura,C0632,2025-12-25,2026-02-23,432080,82095,514175,,no,
F-001632,factura,C1054,2025-12-25,2026-01-24,612000,116280,728280,,no,
F-001633,factura,C1096,2025-12-25,2026-01-24,849930,161487,1011417,,no,
F-001634,factura,C0631,2025-12-25,2026-01-24,381870,72555,454425,,no,
F-001635,factura,C0536,2025-12-25,2026-01-24,514680,97789,612469,,no,
F-001636,factura,C0653,2025-12-25,2026-02-23,208410,39598,248008,,no,
F-001637,factura,C1038,2025-12-25,2026-01-24,170540,32403,202943,,no,
F-001638,factura,C1167,2025-12-25,2026-02-08,150720,28637,179357,,no,
F-001639,factura,C0370,2025-12-25,2026-01-24,840480,159691,1000171,,no,
F-001640,factura,C0902,2025-12-25,2026-01-24,381550,72494,454044,,no,
F-001641,factura,C0311,2025-12-25,2026-01-24,111910,21263,133173,,no,
F-001642,factura,C0737,2025-12-25,2026-01-24,475380,90322,565702,,no,
F-001643,factura,C0972,2025-12-25,2026-01-24,184110,34981,219091,,no,
F-001644,factura,C1078,2025-12-25,2026-02-23,1887260,358579,2245839,,no,
F-001645,factura,C0526,2025-12-25,2026-01-24,314670,59787,374457,,no,
F-001646,factura,C0420,2025-12-25,2026-01-24,862450,163866,1026316,,no,
F-001647,factura,C0275,2025-12-25,2026-01-24,1194820,227016,1421836,,no,
F-001648,factura,C0168,2025-12-25,2026-01-24,232910,44253,277163,,no,
F-001649,factura,C0417,2025-12-25,2026-01-24,531350,100956,632306,,no,
F-001650,factura,C1062,2025-12-25,2026-01-24,778490,147913,926403,,no,
F-001651,factura,C0496,2025-12-25,2026-01-24,548410,104198,652608,,no,
F-001652,factura,C0345,2025-12-25,2026-02-08,667450,126816,794266,,no,
F-001653,factura,C0903,2025-12-25,2026-01-24,172580,32790,205370,,no,
F-001654,factura,C0249,2025-12-25,2026-01-24,778840,147980,926820,,no,
F-001655,factura,C0275,2025-12-25,2026-01-24,338880,64387,403267,,no,
F-001656,factura,C1121,2025-12-25,2026-01-24,661250,125638,786888,,no,
F-001657,factura,C0127,2025-12-25,2026-01-24,1043740,198311,1242051,,no,
F-001658,factura,C0677,2025-12-25,2026-01-24,660870,125565,786435,,no,
F-001659,factura,C0249,2025-12-25,2026-01-24,835710,158785,994495,,no,
F-001660,factura,C0310,2025-12-25,2026-02-08,867230,164774,1032004,,no,
F-001661,factura,C0249,2025-12-25,2026-01-24,1654040,314268,1968308,,no,
F-001662,factura,C0379,2025-12-25,2026-01-24,486550,92444,578994,,no,
F-001663,factura,C0961,2025-12-26,2026-02-09,269230,51154,320384,,no,
F-001664,factura,C0529,2025-12-26,2026-01-25,374490,71153,445643,,no,
F-001665,factura,C0507,2025-12-26,2026-01-25,2363180,449004,2812184,,no,
F-001666,factura,C0447,2025-12-26,2026-01-25,180840,34360,215200,,no,
F-001667,factura,C0631,2025-12-26,2026-01-25,202210,38420,240630,,no,
F-001668,factura,C0140,2025-12-26,2026-01-25,180070,34213,214283,,no,
F-001669,factura,C0507,2025-12-26,2026-01-25,978980,186006,1164986,,no,
F-001670,factura,C0771,2025-12-26,2026-02-09,305530,58051,363581,,no,
F-001671,factura,C0593,2025-12-26,2026-02-24,509080,96725,605805,,no,
F-001672,factura,C0520,2025-12-26,2026-01-25,739420,140490,879910,,no,
F-001673,factura,C0786,2025-12-26,2026-01-25,637280,121083,758363,,no,
F-001674,factura,C1080,2025-12-26,2026-01-25,262510,49877,312387,,no,
F-001675,factura,C0651,2025-12-26,2026-01-25,980630,186320,1166950,,no,
F-001676,factura,C0799,2025-12-26,2026-01-25,212960,40462,253422,,no,
F-001677,factura,C0123,2025-12-26,2026-01-25,1227540,233233,1460773,,no,
F-001678,factura,C1152,2025-12-26,2026-01-25,262670,49907,312577,,no,
F-001679,factura,C0345,2025-12-26,2026-02-09,286720,54477,341197,,no,
F-001680,factura,C0394,2025-12-26,2026-01-25,175930,33427,209357,,no,
F-001681,factura,C0249,2025-12-26,2026-01-25,200630,38120,238750,,no,
F-001682,factura,C0128,2025-12-26,2026-01-25,298700,56753,355453,,no,
F-001683,factura,C0958,2025-12-26,2026-02-24,60090,11417,71507,,no,
F-001684,factura,C0263,2025-12-26,2026-01-25,348700,66253,414953,,no,
F-001685,factura,C0310,2025-12-26,2026-02-09,279920,53185,333105,,no,
F-001686,factura,C0227,2025-12-26,2026-02-09,790670,150227,940897,,no,
F-001687,factura,C1175,2025-12-26,2026-01-25,589490,112003,701493,,no,
F-001688,factura,C0947,2025-12-26,2026-01-25,238590,45332,283922,,no,
F-001689,factura,C1110,2025-12-26,2026-01-25,291200,55328,346528,,no,
F-001690,factura,C1054,2025-12-26,2026-01-25,348340,66185,414525,,no,
F-001691,factura,C1089,2025-12-26,2026-01-25,1379710,262145,1641855,,no,
F-001692,factura,C0575,2025-12-26,2026-01-25,217680,41359,259039,,no,
F-001693,factura,C0211,2025-12-26,2026-01-25,236290,44895,281185,,no,
F-001694,factura,C0363,2025-12-26,2026-01-25,170370,32370,202740,,no,
F-001695,factura,C0315,2025-12-26,2026-01-25,128410,24398,152808,,no,
F-007007,factura,C0249,2025-12-27,2026-01-26,225960,42932,268892,F-001040,no,Reemplaza a F-001040
NC-00029,nota_credito,C0249,2025-12-27,,-239700,-45543,-285243,F-001040,no,Anula factura por error en precio / orden de compra
NC-00039,nota_credito,C1155,2025-12-27,,-133710,-25405,-159115,F-001413,no,Devolución parcial de mercadería
F-001696,factura,C0507,2025-12-29,2026-01-28,449570,85418,534988,,no,
F-001697,factura,C1101,2025-12-29,2026-01-28,138130,26245,164375,,no,
F-001698,factura,C0721,2025-12-29,2026-01-28,315540,59953,375493,,no,
F-001699,factura,C0249,2025-12-29,2026-01-28,1648690,313251,1961941,,no,
F-001700,factura,C0029,2025-12-29,2026-01-28,400000,76000,476000,,no,
F-001701,factura,C0746,2025-12-29,2026-01-28,499580,94920,594500,,no,
F-001702,factura,C1054,2025-12-29,2026-01-28,607160,115360,722520,,no,
F-001703,factura,C0103,2025-12-29,2026-01-28,3199960,607992,3807952,,no,
F-001704,factura,C0468,2025-12-29,2026-02-27,546470,103829,650299,,no,
F-001705,factura,C1127,2025-12-29,2026-02-27,1301840,247350,1549190,,no,
F-001706,factura,C0599,2025-12-29,2026-01-28,336240,63886,400126,,no,
F-001707,factura,C0249,2025-12-29,2026-01-28,440920,83775,524695,,no,Anulada por nota de crédito
F-001708,factura,C0394,2025-12-29,2026-01-28,548080,104135,652215,,no,
F-001709,factura,C0479,2025-12-29,2026-01-28,292090,55497,347587,,no,
F-001710,factura,C0149,2025-12-29,2026-01-28,461000,87590,548590,,no,
F-001711,factura,C0778,2025-12-29,2026-01-28,1104140,209787,1313927,,no,
F-001712,factura,C0701,2025-12-29,2026-01-28,286030,54346,340376,,no,
F-001713,factura,C0770,2025-12-29,2026-01-28,542640,103102,645742,,no,
F-001714,factura,C0737,2025-12-29,2026-01-28,956580,181750,1138330,,no,
F-001715,factura,C0027,2025-12-29,2026-01-28,280570,53308,333878,,no,
F-001716,factura,C0216,2025-12-29,2026-01-28,1303370,247640,1551010,,no,
F-001717,factura,C0140,2025-12-29,2026-01-28,475460,90337,565797,,no,
F-001718,factura,C0896,2025-12-29,2026-01-28,108840,20680,129520,,no,
F-001719,factura,C0156,2025-12-29,2026-01-28,402420,76460,478880,,no,
F-001720,factura,C0785,2025-12-29,2026-01-28,730440,138784,869224,,no,
F-001721,factura,C0222,2025-12-29,2026-01-28,2192190,416516,2608706,,no,
F-001722,factura,C0150,2025-12-29,2026-01-28,854650,162384,1017034,,no,
F-001723,factura,C0194,2025-12-29,2026-01-28,1335890,253819,1589709,,no,
F-001724,factura,C0610,2025-12-29,2026-01-28,206250,39188,245438,,no,
F-001725,factura,C0958,2025-12-30,2026-02-28,426810,81094,507904,,no,
F-001726,factura,C0124,2025-12-30,2026-01-29,791520,150389,941909,,no,
F-001727,factura,C0595,2025-12-30,2026-01-29,333040,63278,396318,,no,
F-001728,factura,C0763,2025-12-30,2026-01-29,1029320,195571,1224891,,no,
F-001729,factura,C0993,2025-12-30,2026-01-29,995860,189213,1185073,,no,
F-001730,factura,C0256,2025-12-30,2026-01-29,1441420,273870,1715290,,no,
F-001731,factura,C0588,2025-12-30,2026-01-29,417180,79264,496444,,no,
F-001732,factura,C0274,2025-12-30,2026-01-29,418670,79547,498217,,no,
F-001733,factura,C0632,2025-12-30,2026-02-28,435490,82743,518233,,no,
F-001734,factura,C0550,2025-12-30,2026-01-29,425280,80803,506083,,no,
F-001735,factura,C0946,2025-12-30,2026-01-29,49070,9323,58393,,no,
F-001736,factura,C0262,2025-12-30,2026-01-29,346850,65902,412752,,no,
F-001737,factura,C0566,2025-12-30,2026-01-29,1477870,280795,1758665,,no,
F-001738,factura,C0074,2025-12-30,2026-01-29,1431040,271898,1702938,,no,
F-001739,factura,C0249,2025-12-30,2026-01-29,795400,151126,946526,,no,Anulada por nota de crédito
F-001740,factura,C0394,2025-12-30,2026-01-29,332460,63167,395627,,no,
F-001741,factura,C0586,2025-12-30,2026-02-13,179630,34130,213760,,no,
F-001742,factura,C0300,2025-12-30,2026-01-29,237750,45172,282922,,no,
F-001743,factura,C0659,2025-12-30,2026-01-29,1903410,361648,2265058,,no,
F-001744,factura,C1070,2025-12-30,2026-01-29,231260,43939,275199,,no,
F-001745,factura,C0644,2025-12-30,2026-01-29,61120,11613,72733,,no,
F-001746,factura,C0312,2025-12-30,2026-01-29,917290,174285,1091575,,no,
F-001747,factura,C0095,2025-12-30,2026-01-29,1336350,253906,1590256,,no,
F-001748,factura,C0176,2025-12-30,2026-01-29,1517260,288279,1805539,,no,
F-001749,factura,C0661,2025-12-30,2026-01-29,923310,175429,1098739,,no,
F-001750,factura,C0806,2025-12-30,2026-01-29,1052060,199891,1251951,,no,
F-001751,factura,C0074,2025-12-30,2026-01-29,419740,79751,499491,,no,
F-001752,factura,C0227,2025-12-30,2026-02-13,76420,14520,90940,,no,
F-001753,factura,C0896,2025-12-31,2026-01-30,1077900,204801,1282701,,no,
F-001754,factura,C0761,2025-12-31,2026-01-30,247910,47103,295013,,no,
F-001755,factura,C0593,2025-12-31,2026-03-01,310190,58936,369126,,no,
F-001756,factura,C1195,2025-12-31,2026-01-30,1707550,324434,2031984,,no,
F-001757,factura,C1158,2025-12-31,2026-01-30,431630,82010,513640,,no,
F-001758,factura,C1039,2025-12-31,2026-01-30,504350,95826,600176,,no,
F-001759,factura,C0940,2025-12-31,2026-01-30,427980,81316,509296,,no,
F-001760,factura,C0283,2025-12-31,2026-01-30,1257150,238858,1496008,,no,
F-001761,factura,C1064,2025-12-31,2026-01-30,1199580,227920,1427500,,no,
F-001762,factura,C0019,2025-12-31,2026-01-30,502910,95553,598463,,no,
F-001763,factura,C0249,2025-12-31,2026-01-30,244990,46548,291538,,no,
F-001764,factura,C0471,2025-12-31,2026-01-30,2296930,436417,2733347,,no,
F-001765,factura,C0688,2025-12-31,2026-01-30,976730,185579,1162309,,no,
F-001766,factura,C0660,2025-12-31,2026-01-30,341670,64917,406587,,no,
F-001767,factura,C0218,2025-12-31,2026-01-30,1537960,292212,1830172,,no,
F-001768,factura,C0140,2025-12-31,2026-01-30,320750,60942,381692,,no,
F-001769,factura,C0249,2025-12-31,2026-01-30,1521910,289163,1811073,,no,
F-001770,factura,C0382,2025-12-31,2026-01-30,1606460,305227,1911687,,no,
F-001771,factura,C0023,2025-12-31,2026-01-30,235560,44756,280316,,no,
F-001772,factura,C0826,2025-12-31,2026-01-30,784120,148983,933103,,no,
F-001773,factura,C0274,2025-12-31,2026-01-30,920500,174895,1095395,,no,
F-001774,factura,C0388,2025-12-31,2026-01-30,3988160,757750,4745910,,no,
F-001775,factura,C0376,2025-12-31,2026-03-01,271870,51655,323525,,no,
F-001776,factura,C0617,2025-12-31,2026-01-30,1548730,294259,1842989,,no,
F-001777,factura,C0548,2026-01-01,2026-01-31,225020,42754,267774,,no,
F-001778,factura,C1077,2026-01-01,2026-01-31,622320,118241,740561,,no,
F-001779,factura,C0326,2026-01-01,2026-01-31,296950,56420,353370,,no,
F-001780,factura,C0754,2026-01-01,2026-03-02,208230,39564,247794,,no,
F-001781,factura,C1102,2026-01-01,2026-01-31,2415670,458977,2874647,,no,
F-001782,factura,C0211,2026-01-01,2026-01-31,1054340,200325,1254665,,no,
F-001783,factura,C0963,2026-01-01,2026-01-31,592080,112495,704575,,no,
F-001784,factura,C0754,2026-01-01,2026-03-02,328250,62368,390618,,no,
F-001785,factura,C0986,2026-01-01,2026-01-31,350230,66544,416774,,no,
F-001786,factura,C0211,2026-01-01,2026-01-31,1542570,293088,1835658,,no,
F-001787,factura,C0507,2026-01-01,2026-01-31,573920,109045,682965,,no,
F-001788,factura,C0163,2026-01-01,2026-02-15,38130,7245,45375,,no,
F-001789,factura,C1158,2026-01-01,2026-01-31,3114960,591842,3706802,,no,
F-001790,factura,C0099,2026-01-01,2026-01-31,519920,98785,618705,,no,
F-001791,factura,C0102,2026-01-01,2026-01-31,591060,112301,703361,,no,
F-001792,factura,C1078,2026-01-01,2026-03-02,1071240,203536,1274776,,no,
F-001793,factura,C0324,2026-01-01,2026-01-31,651670,123817,775487,,no,
F-001794,factura,C0712,2026-01-01,2026-01-31,816270,155091,971361,,no,
F-001795,factura,C0313,2026-01-01,2026-02-15,319970,60794,380764,,no,
F-001796,factura,C0770,2026-01-01,2026-01-31,167900,31901,199801,,no,
F-001797,factura,C0228,2026-01-01,2026-03-02,561950,106770,668720,,no,
F-001798,factura,C0542,2026-01-01,2026-01-31,1411650,268214,1679864,,no,
F-001799,factura,C0632,2026-01-01,2026-03-02,267460,50817,318277,,no,
F-001800,factura,C0375,2026-01-01,2026-01-31,250840,47660,298500,,no,
F-001801,factura,C0274,2026-01-01,2026-01-31,1192770,226626,1419396,,no,
F-001802,factura,C0177,2026-01-01,2026-01-31,311510,59187,370697,,no,
F-001803,factura,C0841,2026-01-01,2026-03-02,323360,61438,384798,,no,
F-001804,factura,C0315,2026-01-01,2026-01-31,426340,81005,507345,,no,
F-001805,factura,C0376,2026-01-01,2026-03-02,127520,24229,151749,,no,
F-001806,factura,C0534,2026-01-01,2026-01-31,291710,55425,347135,,no,
F-001807,factura,C0507,2026-01-01,2026-01-31,536900,102011,638911,,no,
F-001808,factura,C1060,2026-01-01,2026-01-31,1134120,215483,1349603,,no,
F-001809,factura,C0805,2026-01-01,2026-01-31,1956150,371668,2327818,,no,
F-001810,factura,C0620,2026-01-02,2026-02-01,352720,67017,419737,,no,
F-001811,factura,C0643,2026-01-02,2026-02-16,2434730,462599,2897329,,no,
F-001812,factura,C0376,2026-01-02,2026-03-03,612930,116457,729387,,no,
F-001813,factura,C0257,2026-01-02,2026-02-01,329500,62605,392105,,no,
F-001814,factura,C0919,2026-01-02,2026-02-01,390040,74108,464148,,no,
F-001815,factura,C1040,2026-01-02,2026-02-01,623430,118452,741882,,no,
F-001816,factura,C0354,2026-01-02,2026-02-01,1717050,326240,2043290,,no,
F-001817,factura,C0301,2026-01-02,2026-03-03,289180,54944,344124,,no,
F-001818,factura,C0296,2026-01-02,2026-02-01,241210,45830,287040,,no,
F-001819,factura,C0075,2026-01-02,2026-02-01,146750,27882,174632,,no,
F-001820,factura,C0310,2026-01-02,2026-02-16,480210,91240,571450,,no,
F-001821,factura,C0033,2026-01-02,2026-02-01,143620,27288,170908,,no,
F-001822,factura,C0958,2026-01-02,2026-03-03,305130,57975,363105,,no,
F-001823,factura,C0275,2026-01-02,2026-02-01,213750,40612,254362,,no,
F-001824,factura,C0822,2026-01-02,2026-02-01,1044240,198406,1242646,,no,
F-001825,factura,C0643,2026-01-02,2026-02-16,294430,55942,350372,,no,
F-001826,factura,C1158,2026-01-02,2026-02-01,122540,23283,145823,,no,
F-001827,factura,C0418,2026-01-02,2026-02-01,491250,93338,584588,,no,
F-001828,factura,C0138,2026-01-02,2026-02-01,168890,32089,200979,,no,
F-001829,factura,C0915,2026-01-02,2026-02-01,314580,59770,374350,,no,
F-001830,factura,C0031,2026-01-02,2026-02-01,2593360,492738,3086098,,no,
F-001831,factura,C0249,2026-01-02,2026-02-01,932140,177107,1109247,,no,Anulada por nota de crédito
F-001832,factura,C0079,2026-01-02,2026-02-01,399020,75814,474834,,no,
F-001833,factura,C1078,2026-01-02,2026-03-03,5715300,1085907,6801207,,no,
F-001834,factura,C0011,2026-01-02,2026-02-01,212640,40402,253042,,no,
F-001835,factura,C0590,2026-01-02,2026-03-03,1123180,213404,1336584,,no,
F-001836,factura,C0502,2026-01-02,2026-02-01,129750,24652,154402,,no,
F-001837,factura,C0771,2026-01-02,2026-02-16,363800,69122,432922,,no,
F-001838,factura,C0313,2026-01-02,2026-02-16,150430,28582,179012,,no,
F-001839,factura,C1062,2026-01-02,2026-02-01,543250,103218,646468,,no,
F-001840,factura,C0894,2026-01-02,2026-02-01,462440,87864,550304,,no,
F-001841,factura,C0507,2026-01-02,2026-02-01,345720,65687,411407,,no,
F-001842,factura,C0401,2026-01-02,2026-02-01,1059330,201273,1260603,,no,
NC-00041,nota_credito,C0228,2026-01-02,,-66270,-12591,-78861,F-001436,no,Devolución parcial de mercadería
NC-00044,nota_credito,C0216,2026-01-02,,-96550,-18344,-114894,F-001507,no,Devolución parcial de mercadería
NC-00043,nota_credito,C0593,2026-01-03,,-108580,-20630,-129210,F-001500,no,Devolución parcial de mercadería
F-001843,factura,C1078,2026-01-05,2026-03-06,647590,123042,770632,,no,
F-001844,factura,C0325,2026-01-05,2026-03-06,161650,30714,192364,,no,
F-001845,factura,C0586,2026-01-05,2026-02-19,930690,176831,1107521,,no,
F-001846,factura,C0006,2026-01-05,2026-02-04,933750,177412,1111162,,no,
F-001847,factura,C1054,2026-01-05,2026-02-04,1105140,209977,1315117,,no,
F-001848,factura,C0325,2026-01-05,2026-03-06,644120,122383,766503,,no,
F-001849,factura,C0301,2026-01-05,2026-03-06,843570,160278,1003848,,no,
F-001850,factura,C1199,2026-01-05,2026-02-04,2910240,552946,3463186,,no,
F-001851,factura,C0684,2026-01-05,2026-02-04,398120,75643,473763,,no,
F-001852,factura,C0156,2026-01-05,2026-02-04,219510,41707,261217,,no,
F-001853,factura,C0293,2026-01-05,2026-02-04,148520,28219,176739,,no,
F-001854,factura,C0393,2026-01-05,2026-02-04,2064230,392204,2456434,,no,
F-001855,factura,C1195,2026-01-05,2026-02-04,2086000,396340,2482340,,no,
F-001856,factura,C0507,2026-01-05,2026-02-04,241840,45950,287790,,no,
F-001857,factura,C0249,2026-01-05,2026-02-04,283190,53806,336996,,no,
F-001858,factura,C0677,2026-01-05,2026-02-04,391030,74296,465326,,no,
F-001859,factura,C0475,2026-01-05,2026-02-04,1349350,256376,1605726,,no,
F-001860,factura,C0081,2026-01-05,2026-02-04,180930,34377,215307,,no,
F-001861,factura,C1054,2026-01-05,2026-02-04,105080,19965,125045,,no,
F-001862,factura,C0026,2026-01-05,2026-02-04,2869760,545254,3415014,,no,
F-001863,factura,C1078,2026-01-05,2026-03-06,650580,123610,774190,,no,
F-001864,factura,C0958,2026-01-05,2026-03-06,728880,138487,867367,,no,
F-001865,factura,C0119,2026-01-05,2026-02-04,430040,81708,511748,,no,
F-001866,factura,C0860,2026-01-05,2026-02-04,735540,139753,875293,,no,
F-001867,factura,C0935,2026-01-05,2026-02-04,150900,28671,179571,,no,
F-001868,factura,C0726,2026-01-05,2026-02-04,258590,49132,307722,,no,
F-001869,factura,C0074,2026-01-05,2026-02-04,82370,15650,98020,,no,
F-001870,factura,C0090,2026-01-05,2026-02-04,397800,75582,473382,,no,
F-001871,factura,C0871,2026-01-05,2026-02-04,378660,71945,450605,,no,
F-001872,factura,C0140,2026-01-05,2026-02-04,397750,75572,473322,,no,
F-001873,factura,C0265,2026-01-05,2026-02-04,326070,61953,388023,,no,
F-001874,factura,C0593,2026-01-05,2026-03-06,228440,43404,271844,,no,
F-001875,factura,C0520,2026-01-06,2026-02-05,1410130,267925,1678055,,no,
F-001876,factura,C0227,2026-01-06,2026-02-20,400250,76048,476298,,no,
F-001877,factura,C0190,2026-01-06,2026-03-07,438400,83296,521696,,no,
F-001878,factura,C0507,2026-01-06,2026-02-05,624620,118678,743298,,no,
F-001879,factura,C0536,2026-01-06,2026-02-05,2184050,414970,2599020,,no,
F-001880,factura,C0891,2026-01-06,2026-02-05,2667870,506895,3174765,,no,
F-001881,factura,C0520,2026-01-06,2026-02-05,1298570,246728,1545298,,no,
F-001882,factura,C0708,2026-01-06,2026-02-05,896760,170384,1067144,,no,
F-001883,factura,C1009,2026-01-06,2026-02-05,2002760,380524,2383284,,no,
F-001884,factura,C1196,2026-01-06,2026-03-07,560760,106544,667304,,no,
F-001885,factura,C0357,2026-01-06,2026-02-05,503320,95631,598951,,no,
F-001886,factura,C1080,2026-01-06,2026-02-05,620640,117922,738562,,no,
F-001887,factura,C0974,2026-01-06,2026-02-05,314510,59757,374267,,no,
F-001888,factura,C0376,2026-01-06,2026-03-07,281480,53481,334961,,no,
F-001889,factura,C0249,2026-01-06,2026-02-05,1562400,296856,1859256,,no,Anulada por nota de crédito
F-001890,factura,C0783,2026-01-06,2026-02-05,1063080,201985,1265065,,no,
F-001891,factura,C0653,2026-01-06,2026-03-07,2159480,410301,2569781,,no,
F-001892,factura,C0590,2026-01-06,2026-03-07,186900,35511,222411,,no,
F-001893,factura,C0927,2026-01-06,2026-02-05,3150550,598604,3749154,,no,
F-001894,factura,C0375,2026-01-06,2026-02-05,195580,37160,232740,,no,
F-001895,factura,C0442,2026-01-06,2026-02-05,263840,50130,313970,,no,
F-001896,factura,C0592,2026-01-07,2026-02-06,136130,25865,161995,,no,
F-001897,factura,C0798,2026-01-07,2026-02-06,212590,40392,252982,,no,
F-001898,factura,C0996,2026-01-07,2026-02-06,683800,129922,813722,,no,
F-001899,factura,C0324,2026-01-07,2026-02-06,2367950,449910,2817860,,no,
F-001900,factura,C0248,2026-01-07,2026-03-08,675860,128413,804273,,no,
F-001901,factura,C1184,2026-01-07,2026-02-06,1008230,191564,1199794,,no,
F-001902,factura,C0352,2026-01-07,2026-02-06,438850,83382,522232,,no,
F-001903,factura,C0794,2026-01-07,2026-02-06,382120,72603,454723,,no,
F-001904,factura,C0801,2026-01-07,2026-02-06,614000,116660,730660,,no,
F-001905,factura,C0620,2026-01-07,2026-02-06,339550,64514,404064,,no,
F-001906,factura,C0249,2026-01-07,2026-02-06,1026240,194986,1221226,,no,
F-001907,factura,C0180,2026-01-07,2026-02-06,159050,30220,189270,,no,
F-001908,factura,C0586,2026-01-07,2026-02-21,1171720,222627,1394347,,no,
F-001909,factura,C0617,2026-01-07,2026-02-06,593290,112725,706015,,no,
F-001910,factura,C0939,2026-01-07,2026-02-06,484180,91994,576174,,no,
F-001911,factura,C0842,2026-01-07,2026-02-06,154450,29346,183796,,no,
F-001912,factura,C1096,2026-01-07,2026-02-06,262540,49883,312423,,no,
F-001913,factura,C1167,2026-01-07,2026-02-21,1499910,284983,1784893,,no,
F-001914,factura,C0872,2026-01-07,2026-02-06,486560,92446,579006,,no,
F-001915,factura,C0122,2026-01-07,2026-02-06,718350,136486,854836,,no,
F-001916,factura,C0475,2026-01-07,2026-02-06,284470,54049,338519,,no,
F-001917,factura,C0733,2026-01-07,2026-02-06,561720,106727,668447,,no,
F-001918,factura,C0700,2026-01-07,2026-02-06,191810,36444,228254,,no,
F-001919,factura,C0227,2026-01-07,2026-02-21,622750,118322,741072,,no,
F-001920,factura,C0683,2026-01-07,2026-02-06,773370,146940,920310,,no,
F-001921,factura,C0382,2026-01-07,2026-02-06,743030,141176,884206,,no,
F-001922,factura,C0376,2026-01-07,2026-03-08,279040,53018,332058,,no,
F-001923,factura,C1012,2026-01-07,2026-02-06,437290,83085,520375,,no,
F-001924,factura,C0501,2026-01-07,2026-02-06,883590,167882,1051472,,no,
F-001925,factura,C0632,2026-01-07,2026-03-08,485460,92237,577697,,no,
F-001926,factura,C0668,2026-01-07,2026-02-06,456870,86805,543675,,no,
F-001927,factura,C0668,2026-01-07,2026-02-06,2635990,500838,3136828,,no,
F-001928,factura,C0249,2026-01-07,2026-02-06,268660,51045,319705,,no,Anulada por nota de crédito
F-001929,factura,C0772,2026-01-08,2026-02-07,614930,116837,731767,,no,
F-001930,factura,C0245,2026-01-08,2026-02-07,971540,184593,1156133,,no,
F-001931,factura,C0909,2026-01-08,2026-02-07,286250,54388,340638,,no,
F-001932,factura,C0290,2026-01-08,2026-02-07,430730,81839,512569,,no,
F-001933,factura,C0326,2026-01-08,2026-02-07,1039210,197450,1236660,,no,
F-001934,factura,C1037,2026-01-08,2026-02-07,934760,177604,1112364,,no,
F-001935,factura,C0882,2026-01-08,2026-02-07,1256210,238680,1494890,,no,
F-001936,factura,C0632,2026-01-08,2026-03-09,586000,111340,697340,,no,
F-001937,factura,C0993,2026-01-08,2026-02-07,412220,78322,490542,,no,
F-001938,factura,C0986,2026-01-08,2026-02-07,1004170,190792,1194962,,no,
F-001939,factura,C0452,2026-01-08,2026-02-07,380720,72337,453057,,no,
F-001940,factura,C0949,2026-01-08,2026-02-07,2055910,390623,2446533,,no,
F-001941,factura,C0245,2026-01-08,2026-02-07,791650,150414,942064,,no,
F-001942,factura,C0603,2026-01-08,2026-02-07,668360,126988,795348,,no,
F-001943,factura,C0150,2026-01-08,2026-02-07,1255730,238589,1494319,,no,
F-001944,factura,C0507,2026-01-08,2026-02-07,816190,155076,971266,,no,
F-001945,factura,C0631,2026-01-08,2026-02-07,230280,43753,274033,,no,
F-001946,factura,C0124,2026-01-08,2026-02-07,371140,70517,441657,,no,
F-001947,factura,C0771,2026-01-08,2026-02-22,927820,176286,1104106,,no,
F-001948,factura,C0741,2026-01-08,2026-02-07,225990,42938,268928,,no,
F-001949,factura,C0080,2026-01-08,2026-02-07,1149890,218479,1368369,,no,
F-001950,factura,C0140,2026-01-08,2026-02-07,554650,105384,660034,,no,
F-001951,factura,C0388,2026-01-08,2026-02-07,431010,81892,512902,,no,
F-001952,factura,C1031,2026-01-08,2026-02-07,347180,65964,413144,,no,
F-001953,factura,C0337,2026-01-08,2026-02-07,180070,34213,214283,,no,
F-001954,factura,C0851,2026-01-08,2026-02-07,443950,84350,528300,,no,
F-001955,factura,C0677,2026-01-08,2026-02-07,955120,181473,1136593,,no,
F-001956,factura,C0794,2026-01-09,2026-02-08,1575140,299277,1874417,,no,
F-001957,factura,C1158,2026-01-09,2026-02-08,490750,93242,583992,,no,
F-001958,factura,C0379,2026-01-09,2026-02-08,361240,68636,429876,,no,
F-001959,factura,C0323,2026-01-09,2026-02-08,1846510,350837,2197347,,no,
F-001960,factura,C0682,2026-01-09,2026-02-08,947540,180033,1127573,,no,
F-001961,factura,C0507,2026-01-09,2026-02-08,285670,54277,339947,,no,
F-001962,factura,C0565,2026-01-09,2026-02-08,223950,42550,266500,,no,
F-001963,factura,C0109,2026-01-09,2026-02-08,1505390,286024,1791414,,no,
F-001964,factura,C0186,2026-01-09,2026-02-08,604080,114775,718855,,no,
F-001965,factura,C1121,2026-01-09,2026-02-08,172610,32796,205406,,no,
F-001966,factura,C0108,2026-01-09,2026-02-08,143130,27195,170325,,no,
F-001967,factura,C0700,2026-01-09,2026-02-08,244070,46373,290443,,no,
F-001968,factura,C0919,2026-01-09,2026-02-08,221120,42013,263133,,no,
F-001969,factura,C0020,2026-01-09,2026-02-08,115980,22036,138016,,no,
F-001970,factura,C0249,2026-01-09,2026-02-08,247320,46991,294311,,no,
F-001971,factura,C0428,2026-01-09,2026-02-23,285720,54287,340007,,no,
F-001972,factura,C0607,2026-01-09,2026-02-08,411630,78210,489840,,no,
F-001973,factura,C0376,2026-01-09,2026-03-10,2309070,438723,2747793,,no,
F-001974,factura,C0770,2026-01-09,2026-02-08,481450,91476,572926,,no,
F-001975,factura,C0249,2026-01-09,2026-02-08,521240,99036,620276,,no,Anulada por nota de crédito
F-001976,factura,C0032,2026-01-09,2026-02-08,895760,170194,1065954,,no,
F-001977,factura,C0003,2026-01-09,2026-02-08,492950,93660,586610,,no,
F-001978,factura,C0379,2026-01-09,2026-02-08,820890,155969,976859,,no,
F-001979,factura,C1141,2026-01-09,2026-02-08,657430,124912,782342,,no,
F-001980,factura,C0064,2026-01-09,2026-02-08,5450400,1035576,6485976,,no,
F-001981,factura,C0632,2026-01-09,2026-03-10,1235430,234732,1470162,,no,
F-001982,factura,C0832,2026-01-09,2026-02-08,801470,152279,953749,,no,
F-001983,factura,C0256,2026-01-12,2026-02-11,484580,92070,576650,,no,
F-001984,factura,C0067,2026-01-12,2026-02-11,227770,43276,271046,,no,
F-001985,factura,C0530,2026-01-12,2026-02-11,733060,139281,872341,,no,
F-001986,factura,C0958,2026-01-12,2026-03-13,646050,122750,768800,,no,
F-001987,factura,C0362,2026-01-12,2026-02-11,1292950,245660,1538610,,no,
F-001988,factura,C0956,2026-01-12,2026-02-11,458740,87161,545901,,no,
F-001989,factura,C0771,2026-01-12,2026-02-26,332630,63200,395830,,no,
F-001990,factura,C0829,2026-01-12,2026-02-11,869520,165209,1034729,,no,
F-001991,factura,C0311,2026-01-12,2026-02-11,244970,46544,291514,,no,
F-001992,factura,C0556,2026-01-12,2026-02-11,1101570,209298,1310868,,no,
F-001993,factura,C0227,2026-01-12,2026-02-26,1099680,208939,1308619,,no,
F-001994,factura,C0273,2026-01-12,2026-02-11,1264370,240230,1504600,,no,
F-001995,factura,C0139,2026-01-12,2026-02-26,625030,118756,743786,,no,
F-001996,factura,C0163,2026-01-12,2026-02-26,313350,59536,372886,,no,
F-001997,factura,C0248,2026-01-12,2026-03-13,504640,95882,600522,,no,
F-001998,factura,C0681,2026-01-12,2026-02-11,626760,119084,745844,,no,
F-001999,factura,C0519,2026-01-12,2026-02-11,295420,56130,351550,,no,
F-002000,factura,C0293,2026-01-12,2026-02-11,1343450,255256,1598706,,no,
F-002001,factura,C1054,2026-01-12,2026-02-11,735510,139747,875257,,no,
F-002002,factura,C0632,2026-01-12,2026-03-13,226500,43035,269535,,no,
F-002003,factura,C1102,2026-01-12,2026-02-11,2085580,396260,2481840,,no,
F-002004,factura,C0755,2026-01-12,2026-02-11,499900,94981,594881,,no,
F-002005,factura,C0026,2026-01-12,2026-02-11,192720,36617,229337,,no,
F-002006,factura,C1097,2026-01-12,2026-02-11,238010,45222,283232,,no,
F-002007,factura,C1054,2026-01-12,2026-02-11,1520400,288876,1809276,,no,
F-002008,factura,C0755,2026-01-12,2026-02-11,1991200,378328,2369528,,no,
F-002009,factura,C0637,2026-01-12,2026-02-11,1037000,197030,1234030,,no,
F-002010,factura,C0530,2026-01-12,2026-02-11,1328690,252451,1581141,,no,
F-002011,factura,C0580,2026-01-12,2026-02-11,1223900,232541,1456441,,no,
F-002012,factura,C0934,2026-01-12,2026-02-26,722010,137182,859192,,no,
F-002013,factura,C0701,2026-01-13,2026-02-12,284250,54008,338258,,no,
F-002014,factura,C1008,2026-01-13,2026-02-12,397330,75493,472823,,no,
F-002015,factura,C0701,2026-01-13,2026-02-12,393480,74761,468241,,no,
F-002016,factura,C1144,2026-01-13,2026-02-12,190050,36110,226160,,no,
F-002017,factura,C0344,2026-01-13,2026-02-12,560800,106552,667352,,no,
F-002018,factura,C0468,2026-01-13,2026-03-14,105540,20053,125593,,no,
F-002019,factura,C1184,2026-01-13,2026-02-12,1604660,304885,1909545,,no,
F-002020,factura,C0140,2026-01-13,2026-02-12,744620,141478,886098,,no,
F-002021,factura,C0960,2026-01-13,2026-02-12,658390,125094,783484,,no,
F-002022,factura,C0019,2026-01-13,2026-02-12,98410,18698,117108,,no,
F-002023,factura,C0586,2026-01-13,2026-02-27,209450,39796,249246,,no,
F-002024,factura,C0190,2026-01-13,2026-03-14,1199880,227977,1427857,,no,
F-002025,factura,C0718,2026-01-13,2026-02-12,10932480,2077171,13009651,,no,
F-002026,factura,C0961,2026-01-13,2026-02-27,1026850,195102,1221952,,no,
F-002027,factura,C0047,2026-01-13,2026-02-12,905110,171971,1077081,,no,
F-002028,factura,C0198,2026-01-13,2026-02-12,600930,114177,715107,,no,
F-002029,factura,C0377,2026-01-13,2026-02-12,200440,38084,238524,,no,
F-002030,factura,C0275,2026-01-13,2026-02-12,875360,166318,1041678,,no,
F-002031,factura,C0443,2026-01-13,2026-02-12,163620,31088,194708,,no,
F-002032,factura,C1147,2026-01-13,2026-02-12,149910,28483,178393,,no,
F-002033,factura,C0140,2026-01-13,2026-02-12,142550,27084,169634,,no,
F-002034,factura,C0502,2026-01-13,2026-02-12,861850,163752,1025602,,no,
F-002035,factura,C0538,2026-01-13,2026-02-12,377120,71653,448773,,no,
F-002036,factura,C0310,2026-01-13,2026-02-27,428030,81326,509356,,no,
F-002037,factura,C0308,2026-01-13,2026-02-12,390010,74102,464112,,no,
F-002038,factura,C0844,2026-01-13,2026-02-12,160440,30484,190924,,no,
F-002039,factura,C0746,2026-01-13,2026-02-12,230880,43867,274747,,no,
F-002040,factura,C0986,2026-01-13,2026-02-12,240370,45670,286040,,no,
NC-00053,nota_credito,C0140,2026-01-13,,-105850,-20112,-125962,F-001950,no,Devolución parcial de mercadería
F-002041,factura,C1199,2026-01-14,2026-02-13,1031510,195987,1227497,,no,
F-002042,factura,C0403,2026-01-14,2026-02-13,2269870,431275,2701145,,no,
F-002043,factura,C0860,2026-01-14,2026-02-13,1756160,333670,2089830,,no,
F-002044,factura,C0643,2026-01-14,2026-02-28,809040,153718,962758,,no,
F-002045,factura,C0534,2026-01-14,2026-02-13,205380,39022,244402,,no,
F-002046,factura,C0261,2026-01-14,2026-02-13,1587240,301576,1888816,,no,
F-002047,factura,C0227,2026-01-14,2026-02-28,1257240,238876,1496116,,no,
F-002048,factura,C0754,2026-01-14,2026-03-15,4213610,800586,5014196,,no,
F-002049,factura,C0181,2026-01-14,2026-02-13,462820,87936,550756,,no,
F-002050,factura,C0507,2026-01-14,2026-02-13,89780,17058,106838,,no,
F-002051,factura,C0632,2026-01-14,2026-03-15,385460,73237,458697,,no,
F-002052,factura,C0515,2026-01-14,2026-02-13,1320850,250962,1571812,,no,
F-002053,factura,C1052,2026-01-14,2026-02-13,914830,173818,1088648,,no,
F-002054,factura,C0520,2026-01-14,2026-02-13,338550,64324,402874,,no,
F-002055,factura,C0127,2026-01-14,2026-02-13,287560,54636,342196,,no,
F-002056,factura,C1196,2026-01-14,2026-03-15,674190,128096,802286,,no,
F-002057,factura,C1034,2026-01-14,2026-02-13,330400,62776,393176,,no,
F-002058,factura,C0777,2026-01-14,2026-02-13,1357910,258003,1615913,,no,
F-002059,factura,C0919,2026-01-14,2026-02-13,644230,122404,766634,,no,
F-002060,factura,C0163,2026-01-14,2026-02-28,542130,103005,645135,,no,
F-002061,factura,C0931,2026-01-14,2026-02-13,488120,92743,580863,,no,
F-002062,factura,C0245,2026-01-14,2026-02-13,1105100,209969,1315069,,no,
F-002063,factura,C0586,2026-01-14,2026-02-28,926380,176012,1102392,,no,
F-002064,factura,C0221,2026-01-14,2026-02-13,1052330,199943,1252273,,no,
F-002065,factura,C0918,2026-01-14,2026-02-13,1034110,196481,1230591,,no,
F-002066,factura,C1101,2026-01-15,2026-02-14,151070,28703,179773,,no,
F-002067,factura,C0276,2026-01-15,2026-02-14,431390,81964,513354,,no,
F-002068,factura,C1054,2026-01-15,2026-02-14,437840,83190,521030,,no,
F-002069,factura,C0182,2026-01-15,2026-02-14,3090860,587263,3678123,,no,
F-002070,factura,C0972,2026-01-15,2026-02-14,1085560,206256,1291816,,no,
F-002071,factura,C0090,2026-01-15,2026-02-14,2188660,415845,2604505,,no,
F-002072,factura,C0475,2026-01-15,2026-02-14,1151120,218713,1369833,,no,
F-002073,factura,C0993,2026-01-15,2026-02-14,1689800,321062,2010862,,no,
F-002074,factura,C0627,2026-01-15,2026-02-14,382550,72684,455234,,no,
F-002075,factura,C0394,2026-01-15,2026-02-14,363090,68987,432077,,no,
F-002076,factura,C0119,2026-01-15,2026-02-14,1173060,222881,1395941,,no,
F-002077,factura,C1195,2026-01-15,2026-02-14,684970,130144,815114,,no,
F-002078,factura,C0218,2026-01-15,2026-02-14,819430,155692,975122,,no,
F-002079,factura,C0275,2026-01-15,2026-02-14,563060,106981,670041,,no,
F-002080,factura,C0253,2026-01-15,2026-03-01,426370,81010,507380,,no,
F-002081,factura,C1092,2026-01-15,2026-02-14,2512250,477328,2989578,,no,
F-002082,factura,C0927,2026-01-15,2026-02-14,284980,54146,339126,,no,
F-002083,factura,C0538,2026-01-15,2026-02-14,1189680,226039,1415719,,no,
F-002084,factura,C1152,2026-01-15,2026-02-14,1044930,198537,1243467,,no,
F-002085,factura,C0078,2026-01-15,2026-02-14,194240,36906,231146,,no,
F-002086,factura,C1078,2026-01-15,2026-03-16,353430,67152,420582,,no,
F-002087,factura,C0091,2026-01-15,2026-02-14,404310,76819,481129,,no,
F-007004,factura,C0249,2026-01-15,2026-02-14,1674070,318073,1992143,F-000014,no,Reemplaza a F-000014
NC-00001,nota_credito,C0249,2026-01-15,,-1715020,-325854,-2040874,F-000014,no,Anula factura por error en precio / orden de compra
F-002088,factura,C0079,2026-01-16,2026-02-15,4528940,860499,5389439,,no,
F-002089,factura,C0156,2026-01-16,2026-02-15,1137220,216072,1353292,,no,
F-002090,factura,C0726,2026-01-16,2026-02-15,2472470,469769,2942239,,no,
F-002091,factura,C0442,2026-01-16,2026-02-15,764280,145213,909493,,no,
F-002092,factura,C0643,2026-01-16,2026-03-02,2199600,417924,2617524,,no,
F-002093,factura,C0604,2026-01-16,2026-02-15,702760,133524,836284,,no,
F-002094,factura,C0177,2026-01-16,2026-02-15,828900,157491,986391,,no,
F-002095,factura,C0139,2026-01-16,2026-03-02,145870,27715,173585,,no,
F-002096,factura,C0515,2026-01-16,2026-02-15,791180,150324,941504,,no,
F-002097,factura,C1102,2026-01-16,2026-02-15,182150,34608,216758,,no,
F-002098,factura,C0402,2026-01-16,2026-02-15,730800,138852,869652,,no,
F-002099,factura,C1093,2026-01-16,2026-02-15,256870,48805,305675,,no,
F-002100,factura,C0450,2026-01-16,2026-02-15,622750,118322,741072,,no,
F-002101,factura,C0612,2026-01-16,2026-02-15,699650,132934,832584,,no,
F-002102,factura,C0149,2026-01-16,2026-02-15,725070,137763,862833,,no,
F-002103,factura,C0899,2026-01-16,2026-02-15,303850,57732,361582,,no,
F-002104,factura,C0834,2026-01-16,2026-02-15,1285340,244215,1529555,,no,
F-002105,factura,C0958,2026-01-16,2026-03-17,583150,110798,693948,,no,
F-002106,factura,C0362,2026-01-16,2026-02-15,891310,169349,1060659,,no,
F-002107,factura,C0510,2026-01-16,2026-02-15,240490,45693,286183,,no,
F-002108,factura,C0203,2026-01-16,2026-02-15,543030,103176,646206,,no,
F-002109,factura,C1167,2026-01-16,2026-03-02,1506680,286269,1792949,,no,
NC-00047,nota_credito,C0737,2026-01-17,,-101400,-19266,-120666,F-001714,no,Devolución parcial de mercadería
F-002110,factura,C0492,2026-01-19,2026-02-18,306720,58277,364997,,no,
F-002111,factura,C0722,2026-01-19,2026-02-18,125430,23832,149262,,no,
F-002112,factura,C0733,2026-01-19,2026-02-18,381110,72411,453521,,no,
F-002113,factura,C0763,2026-01-19,2026-02-18,332980,63266,396246,,no,
F-002114,factura,C0832,2026-01-19,2026-02-18,169720,32247,201967,,no,
F-002115,factura,C0140,2026-01-19,2026-02-18,911990,173278,1085268,,no,
F-002116,factura,C0325,2026-01-19,2026-03-20,1360630,258520,1619150,,no,
F-002117,factura,C0028,2026-01-19,2026-02-18,479320,91071,570391,,no,
F-002118,factura,C0534,2026-01-19,2026-02-18,383660,72895,456555,,no,
F-002119,factura,C0507,2026-01-19,2026-02-18,693850,131832,825682,,no,
F-002120,factura,C0894,2026-01-19,2026-02-18,482290,91635,573925,,no,
F-002121,factura,C0754,2026-01-19,2026-03-20,290650,55224,345874,,no,
F-002122,factura,C0326,2026-01-19,2026-02-18,386490,73433,459923,,no,
F-002123,factura,C0440,2026-01-19,2026-02-18,597530,113531,711061,,no,
F-002124,factura,C0853,2026-01-19,2026-02-18,493600,93784,587384,,no,
F-002125,factura,C0116,2026-01-19,2026-02-18,579730,110149,689879,,no,
F-002126,factura,C0377,2026-01-19,2026-02-18,144660,27485,172145,,no,
F-002127,factura,C0457,2026-01-19,2026-02-18,834170,158492,992662,,no,
F-002128,factura,C0848,2026-01-19,2026-02-18,491270,93341,584611,,no,
F-002129,factura,C1141,2026-01-19,2026-02-18,359300,68267,427567,,no,
F-002130,factura,C1199,2026-01-19,2026-02-18,634620,120578,755198,,no,
F-002131,factura,C0993,2026-01-19,2026-02-18,4710920,895075,5605995,,no,
F-002132,factura,C0323,2026-01-19,2026-02-18,572230,108724,680954,,no,
F-002133,factura,C0783,2026-01-19,2026-02-18,464130,88185,552315,,no,
F-002134,factura,C0127,2026-01-19,2026-02-18,222460,42267,264727,,no,
F-002135,factura,C1060,2026-01-19,2026-02-18,1663830,316128,1979958,,no,
F-002136,factura,C0622,2026-01-19,2026-02-18,193830,36828,230658,,no,
F-002137,factura,C0218,2026-01-19,2026-02-18,689490,131003,820493,,no,
F-007011,factura,C0249,2026-01-19,2026-02-18,876400,166516,1042916,F-001551,no,Reemplaza a F-001551
NC-00045,nota_credito,C0249,2026-01-19,,-906340,-172205,-1078545,F-001551,no,Anula factura por error en precio / orden de compra
NC-00050,nota_credito,C0119,2026-01-19,,-141400,-26866,-168266,F-001865,no,Devolución parcial de mercadería
NC-00055,nota_credito,C0163,2026-01-19,,-191220,-36332,-227552,F-002060,no,Devolución parcial de mercadería
F-002138,factura,C0031,2026-01-20,2026-02-19,345320,65611,410931,,no,
F-002139,factura,C0754,2026-01-20,2026-03-21,855690,162581,1018271,,no,
F-002140,factura,C0211,2026-01-20,2026-02-19,410010,77902,487912,,no,
F-002141,factura,C0852,2026-01-20,2026-02-19,714690,135791,850481,,no,
F-002142,factura,C0111,2026-01-20,2026-02-19,1562120,296803,1858923,,no,
F-002143,factura,C0125,2026-01-20,2026-02-19,779610,148126,927736,,no,
F-002144,factura,C0554,2026-01-20,2026-02-19,781940,148569,930509,,no,
F-002145,factura,C1196,2026-01-20,2026-03-21,836420,158920,995340,,no,
F-002146,factura,C0308,2026-01-20,2026-02-19,183190,34806,217996,,no,
F-002147,factura,C0738,2026-01-20,2026-02-19,971150,184518,1155668,,no,
F-002148,factura,C0631,2026-01-20,2026-02-19,806700,153273,959973,,no,
F-002149,factura,C1031,2026-01-20,2026-02-19,1450010,275502,1725512,,no,
F-002150,factura,C0313,2026-01-20,2026-03-06,1152460,218967,1371427,,no,
F-002151,factura,C0653,2026-01-20,2026-03-21,603920,114745,718665,,no,
F-002152,factura,C1146,2026-01-20,2026-02-19,1621200,308028,1929228,,no,
F-002153,factura,C0374,2026-01-20,2026-02-19,561660,106715,668375,,no,
F-002154,factura,C0516,2026-01-20,2026-02-19,865000,164350,1029350,,no,
F-002155,factura,C1078,2026-01-20,2026-03-21,553400,105146,658546,,no,
F-002156,factura,C0374,2026-01-20,2026-02-19,1027020,195134,1222154,,no,
F-002157,factura,C0437,2026-01-20,2026-02-19,525220,99792,625012,,no,
F-002158,factura,C0325,2026-01-20,2026-03-21,2651950,503870,3155820,,no,
F-002159,factura,C0980,2026-01-20,2026-02-19,3564930,677337,4242267,,no,
F-002160,factura,C1110,2026-01-20,2026-02-19,1428180,271354,1699534,,no,
F-002161,factura,C0754,2026-01-20,2026-03-21,2435840,462810,2898650,,no,
F-002162,factura,C0747,2026-01-20,2026-03-21,207190,39366,246556,,no,
F-002163,factura,C0111,2026-01-21,2026-02-20,1315890,250019,1565909,,no,
F-002164,factura,C0507,2026-01-21,2026-02-20,634460,120547,755007,,no,
F-002165,factura,C0379,2026-01-21,2026-02-20,197610,37546,235156,,no,
F-002166,factura,C1194,2026-01-21,2026-02-20,685450,130236,815686,,no,
F-002167,factura,C0822,2026-01-21,2026-02-20,676860,128603,805463,,no,
F-002168,factura,C0855,2026-01-21,2026-02-20,232440,44164,276604,,no,
F-002169,factura,C0621,2026-01-21,2026-02-20,783730,148909,932639,,no,
F-002170,factura,C0841,2026-01-21,2026-03-22,158980,30206,189186,,no,
F-002171,factura,C0857,2026-01-21,2026-02-20,629130,119535,748665,,no,
F-002172,factura,C0104,2026-01-21,2026-02-20,1009660,191835,1201495,,no,
F-002173,factura,C0249,2026-01-21,2026-02-20,897930,170607,1068537,,no,
F-002174,factura,C0023,2026-01-21,2026-02-20,598030,113626,711656,,no,
F-002175,factura,C0614,2026-01-21,2026-02-20,775940,147429,923369,,no,
F-002176,factura,C1064,2026-01-21,2026-02-20,443740,84311,528051,,no,
F-002177,factura,C0735,2026-01-21,2026-02-20,838110,159241,997351,,no,
F-002178,factura,C0593,2026-01-21,2026-03-22,870410,165378,1035788,,no,
F-002179,factura,C1106,2026-01-21,2026-02-20,404360,76828,481188,,no,
F-002180,factura,C0213,2026-01-21,2026-02-20,1029320,195571,1224891,,no,
F-002181,factura,C0119,2026-01-21,2026-02-20,1024190,194596,1218786,,no,
F-002182,factura,C1099,2026-01-21,2026-02-20,727440,138214,865654,,no,
F-002183,factura,C1081,2026-01-21,2026-02-20,5763690,1095101,6858791,,no,
F-002184,factura,C0806,2026-01-21,2026-02-20,742430,141062,883492,,no,
F-002185,factura,C1167,2026-01-21,2026-03-07,592640,112602,705242,,no,
F-002186,factura,C0798,2026-01-21,2026-02-20,1438290,273275,1711565,,no,
F-002187,factura,C0205,2026-01-22,2026-02-21,509100,96729,605829,,no,
F-002188,factura,C0066,2026-01-22,2026-02-21,272360,51748,324108,,no,
F-002189,factura,C0181,2026-01-22,2026-02-21,2331060,442901,2773961,,no,
F-002190,factura,C1057,2026-01-22,2026-02-21,620000,117800,737800,,no,
F-002191,factura,C0218,2026-01-22,2026-02-21,435580,82760,518340,,no,
F-002192,factura,C0308,2026-01-22,2026-02-21,1073620,203988,1277608,,no,
F-002193,factura,C0177,2026-01-22,2026-02-21,1379570,262118,1641688,,no,
F-002194,factura,C0896,2026-01-22,2026-02-21,1362280,258833,1621113,,no,
F-002195,factura,C0522,2026-01-22,2026-02-21,833430,158352,991782,,no,
F-002196,factura,C1135,2026-01-22,2026-02-21,931790,177040,1108830,,no,
F-002197,factura,C0783,2026-01-22,2026-02-21,987700,187663,1175363,,no,
F-002198,factura,C0632,2026-01-22,2026-03-23,1073700,204003,1277703,,no,
F-002199,factura,C0772,2026-01-22,2026-02-21,1152470,218969,1371439,,no,
F-002200,factura,C0058,2026-01-22,2026-02-21,1969070,374123,2343193,,no,
F-002201,factura,C1146,2026-01-22,2026-02-21,858240,163066,1021306,,no,
F-002202,factura,C1154,2026-01-22,2026-02-21,426800,81092,507892,,no,
F-002203,factura,C0305,2026-01-22,2026-02-21,730930,138877,869807,,no,
F-002204,factura,C0754,2026-01-22,2026-03-23,1499340,284875,1784215,,no,
F-002205,factura,C0245,2026-01-22,2026-02-21,196470,37329,233799,,no,
F-002206,factura,C0651,2026-01-22,2026-02-21,197380,37502,234882,,no,
F-002207,factura,C0935,2026-01-22,2026-02-21,1710210,324940,2035150,,no,
F-002208,factura,C1127,2026-01-22,2026-03-23,2767920,525905,3293825,,no,
F-002209,factura,C0376,2026-01-22,2026-03-23,298150,56648,354798,,no,
F-007009,factura,C0249,2026-01-22,2026-02-21,270690,51431,322121,F-001424,no,Anulada por nota de crédito
NC-00040,nota_credito,C0249,2026-01-22,,-309440,-58794,-368234,F-001424,no,Anula factura por error en precio / orden de compra
F-002210,factura,C0688,2026-01-23,2026-02-22,1139670,216537,1356207,,no,
F-002211,factura,C0181,2026-01-23,2026-02-22,464710,88295,553005,,no,
F-002212,factura,C0249,2026-01-23,2026-02-22,575050,109260,684310,,no,
F-002213,factura,C0660,2026-01-23,2026-02-22,383540,72873,456413,,no,
F-002214,factura,C0297,2026-01-23,2026-02-22,54300,10317,64617,,no,
F-002215,factura,C0758,2026-01-23,2026-02-22,182950,34760,217710,,no,
F-002216,factura,C0822,2026-01-23,2026-02-22,410790,78050,488840,,no,
F-002217,factura,C0325,2026-01-23,2026-03-24,608150,115548,723698,,no,
F-002218,factura,C0137,2026-01-23,2026-02-22,108520,20619,129139,,no,
F-002219,factura,C0586,2026-01-23,2026-03-09,435180,82684,517864,,no,
F-002220,factura,C0139,2026-01-23,2026-03-09,185090,35167,220257,,no,
F-002221,factura,C0620,2026-01-23,2026-02-22,548030,104126,652156,,no,
F-002222,factura,C0866,2026-01-23,2026-02-22,447250,84978,532228,,no,
F-002223,factura,C0747,2026-01-23,2026-03-24,823400,156446,979846,,no,
F-002224,factura,C0525,2026-01-23,2026-02-22,1066460,202627,1269087,,no,
F-002225,factura,C1141,2026-01-23,2026-02-22,655790,124600,780390,,no,
F-002226,factura,C0140,2026-01-23,2026-02-22,904120,171783,1075903,,no,
F-002227,factura,C1076,2026-01-23,2026-02-22,343220,65212,408432,,no,
F-002228,factura,C0496,2026-01-23,2026-02-22,171330,32553,203883,,no,
F-002229,factura,C0190,2026-01-23,2026-03-24,297800,56582,354382,,no,
F-002230,factura,C0191,2026-01-23,2026-02-22,934240,177506,1111746,,no,
F-002231,factura,C1101,2026-01-23,2026-02-22,829500,157605,987105,,no,
F-002232,factura,C0253,2026-01-23,2026-03-09,670860,127463,798323,,no,
F-002233,factura,C1062,2026-01-23,2026-02-22,779690,148141,927831,,no,
F-002234,factura,C0603,2026-01-23,2026-02-22,85780,16298,102078,,no,
F-002235,factura,C0550,2026-01-23,2026-02-22,1619840,307770,1927610,,no,
F-002236,factura,C0747,2026-01-23,2026-03-24,385880,73317,459197,,no,
F-002237,factura,C0249,2026-01-23,2026-02-22,1230720,233837,1464557,,no,
F-002238,factura,C0507,2026-01-23,2026-02-22,89280,16963,106243,,no,
F-002239,factura,C1127,2026-01-23,2026-03-24,557740,105971,663711,,no,
F-002240,factura,C0671,2026-01-26,2026-02-25,130140,24727,154867,,no,
F-002241,factura,C0440,2026-01-26,2026-02-25,458110,87041,545151,,no,
F-002242,factura,C0227,2026-01-26,2026-03-12,1050480,199591,1250071,,no,
F-002243,factura,C0688,2026-01-26,2026-02-25,1366250,259588,1625838,,no,
F-002244,factura,C0917,2026-01-26,2026-02-25,4508810,856674,5365484,,no,
F-002245,factura,C0917,2026-01-26,2026-02-25,2248630,427240,2675870,,no,
F-002246,factura,C0398,2026-01-26,2026-02-25,848010,161122,1009132,,no,
F-002247,factura,C0631,2026-01-26,2026-02-25,357600,67944,425544,,no,
F-002248,factura,C0927,2026-01-26,2026-02-25,2675200,508288,3183488,,no,
F-002249,factura,C0080,2026-01-26,2026-02-25,543320,103231,646551,,no,
F-002250,factura,C0117,2026-01-26,2026-02-25,430970,81884,512854,,no,
F-002251,factura,C0428,2026-01-26,2026-03-12,522640,99302,621942,,no,
F-002252,factura,C0249,2026-01-26,2026-02-25,267930,50907,318837,,no,
F-002253,factura,C0428,2026-01-26,2026-03-12,502980,95566,598546,,no,
F-002254,factura,C0139,2026-01-26,2026-03-12,605510,115047,720557,,no,
F-002255,factura,C0701,2026-01-26,2026-02-25,1309080,248725,1557805,,no,
F-002256,factura,C0796,2026-01-26,2026-02-25,534900,101631,636531,,no,
F-002257,factura,C0958,2026-01-26,2026-03-27,264700,50293,314993,,no,
F-002258,factura,C0770,2026-01-26,2026-02-25,202260,38429,240689,,no,
F-002259,factura,C0468,2026-01-26,2026-03-27,862830,163938,1026768,,no,
F-002260,factura,C1119,2026-01-26,2026-02-25,773290,146925,920215,,no,
F-002261,factura,C0866,2026-01-26,2026-02-25,468300,88977,557277,,no,
F-002262,factura,C0632,2026-01-26,2026-03-27,502000,95380,597380,,no,
F-002263,factura,C0245,2026-01-26,2026-02-25,995600,189164,1184764,,no,
F-002264,factura,C0761,2026-01-27,2026-02-26,940300,178657,1118957,,no,
F-002265,factura,C0507,2026-01-27,2026-02-26,1093070,207683,1300753,,no,
F-002266,factura,C0249,2026-01-27,2026-02-26,1208010,229522,1437532,,no,
F-002267,factura,C0578,2026-01-27,2026-02-26,634840,120620,755460,,no,
F-002268,factura,C0194,2026-01-27,2026-02-26,845080,160565,1005645,,no,
F-002269,factura,C0784,2026-01-27,2026-02-26,3189850,606072,3795922,,no,
F-002270,factura,C0728,2026-01-27,2026-02-26,886030,168346,1054376,,no,
F-002271,factura,C0982,2026-01-27,2026-02-26,818250,155468,973718,,no,
F-002272,factura,C0529,2026-01-27,2026-02-26,858710,163155,1021865,,no,
F-002273,factura,C0308,2026-01-27,2026-02-26,664340,126225,790565,,no,
F-002274,factura,C1017,2026-01-27,2026-02-26,558270,106071,664341,,no,
F-002275,factura,C0822,2026-01-27,2026-02-26,934550,177564,1112114,,no,
F-002276,factura,C0841,2026-01-27,2026-03-28,527710,100265,627975,,no,
F-002277,factura,C0632,2026-01-27,2026-03-28,703950,133750,837700,,no,
F-002278,factura,C1064,2026-01-27,2026-02-26,420190,79836,500026,,no,
F-002279,factura,C0249,2026-01-27,2026-02-26,862240,163826,1026066,,no,Anulada por nota de crédito
F-002280,factura,C0469,2026-01-27,2026-02-26,1262030,239786,1501816,,no,
F-002281,factura,C0960,2026-01-27,2026-02-26,667530,126831,794361,,no,
F-002282,factura,C0167,2026-01-27,2026-02-26,158610,30136,188746,,no,
F-002283,factura,C0390,2026-01-27,2026-02-26,870670,165427,1036097,,no,
F-002284,factura,C0163,2026-01-27,2026-03-13,357290,67885,425175,,no,
F-002285,factura,C0124,2026-01-27,2026-02-26,1468120,278943,1747063,,no,
F-002286,factura,C1031,2026-01-27,2026-02-26,258370,49090,307460,,no,
F-002287,factura,C0944,2026-01-27,2026-02-26,1825200,346788,2171988,,no,
F-002288,factura,C0313,2026-01-27,2026-03-13,755390,143524,898914,,no,
F-002289,factura,C0149,2026-01-27,2026-02-26,128770,24466,153236,,no,
F-002290,factura,C0274,2026-01-27,2026-02-26,912130,173305,1085435,,no,
F-002291,factura,C0248,2026-01-27,2026-03-28,571440,108574,680014,,no,
F-002292,factura,C0888,2026-01-27,2026-02-26,506560,96246,602806,,no,
NC-00058,nota_credito,C0066,2026-01-27,,-90480,-17191,-107671,F-002188,no,Devolución parcial de mercadería
F-002293,factura,C0456,2026-01-28,2026-02-27,510510,96997,607507,,no,
F-002294,factura,C0252,2026-01-28,2026-02-27,2129750,404652,2534402,,no,
F-002295,factura,C0249,2026-01-28,2026-02-27,1049820,199466,1249286,,no,
F-002296,factura,C0896,2026-01-28,2026-02-27,814740,154801,969541,,no,
F-002297,factura,C0125,2026-01-28,2026-02-27,283100,53789,336889,,no,
F-002298,factura,C0266,2026-01-28,2026-02-27,949990,180498,1130488,,no,
F-002299,factura,C1078,2026-01-28,2026-03-29,231060,43901,274961,,no,
F-002300,factura,C0677,2026-01-28,2026-02-27,1821650,346114,2167764,,no,
F-002301,factura,C0066,2026-01-28,2026-02-27,898760,170764,1069524,,no,
F-002302,factura,C0840,2026-01-28,2026-02-27,331440,62974,394414,,no,
F-002303,factura,C0607,2026-01-28,2026-02-27,1220530,231901,1452431,,no,
F-002304,factura,C1050,2026-01-28,2026-02-27,3852670,732007,4584677,,no,
F-002305,factura,C0806,2026-01-28,2026-02-27,538730,102359,641089,,no,
F-002306,factura,C0008,2026-01-28,2026-02-27,995890,189219,1185109,,no,
F-002307,factura,C0245,2026-01-28,2026-02-27,453880,86237,540117,,no,
F-002308,factura,C0612,2026-01-28,2026-02-27,640900,121771,762671,,no,
F-002309,factura,C0912,2026-01-28,2026-02-27,663920,126145,790065,,no,
F-002310,factura,C0620,2026-01-28,2026-02-27,2704030,513766,3217796,,no,
F-002311,factura,C0365,2026-01-28,2026-02-27,152520,28979,181499,,no,
F-002312,factura,C0140,2026-01-28,2026-02-27,512140,97307,609447,,no,
F-002313,factura,C0245,2026-01-28,2026-02-27,1796860,341403,2138263,,no,
F-002314,factura,C0456,2026-01-29,2026-02-28,1590460,302187,1892647,,no,
F-002315,factura,C0635,2026-01-29,2026-02-28,315960,60032,375992,,no,
F-002316,factura,C0428,2026-01-29,2026-03-15,438630,83340,521970,,no,
F-002317,factura,C0754,2026-01-29,2026-03-30,447670,85057,532727,,no,
F-002318,factura,C0606,2026-01-29,2026-02-28,1268720,241057,1509777,,no,
F-002319,factura,C0482,2026-01-29,2026-02-28,715050,135860,850910,,no,
F-002320,factura,C0127,2026-01-29,2026-02-28,1019570,193718,1213288,,no,
F-002321,factura,C0325,2026-01-29,2026-03-30,411990,78278,490268,,no,
F-002322,factura,C0728,2026-01-29,2026-02-28,1976800,375592,2352392,,no,
F-002323,factura,C0275,2026-01-29,2026-02-28,662970,125964,788934,,no,
F-002324,factura,C0297,2026-01-29,2026-02-28,334750,63602,398352,,no,
F-002325,factura,C0376,2026-01-29,2026-03-30,552480,104971,657451,,no,
F-002326,factura,C0908,2026-01-29,2026-02-28,1778760,337964,2116724,,no,
F-002327,factura,C1127,2026-01-29,2026-03-30,472490,89773,562263,,no,
F-002328,factura,C0387,2026-01-29,2026-02-28,1419090,269627,1688717,,no,
F-002329,factura,C0228,2026-01-29,2026-03-30,402560,76486,479046,,no,
F-002330,factura,C0501,2026-01-29,2026-02-28,359820,68366,428186,,no,
F-002331,factura,C0388,2026-01-29,2026-02-28,1125300,213807,1339107,,no,
F-002332,factura,C1195,2026-01-29,2026-02-28,329950,62690,392640,,no,
F-002333,factura,C0554,2026-01-29,2026-02-28,1281980,243576,1525556,,no,
F-002334,factura,C0804,2026-01-29,2026-02-28,879570,167118,1046688,,no,
F-002335,factura,C1097,2026-01-29,2026-02-28,330050,62710,392760,,no,
F-002336,factura,C0754,2026-01-29,2026-03-30,627020,119134,746154,,no,
F-002337,factura,C0274,2026-01-29,2026-02-28,427990,81318,509308,,no,
F-002338,factura,C0732,2026-01-29,2026-02-28,877700,166763,1044463,,no,
F-002339,factura,C0245,2026-01-30,2026-03-01,73750,14012,87762,,no,
F-002340,factura,C0919,2026-01-30,2026-03-01,363930,69147,433077,,no,
F-002341,factura,C0754,2026-01-30,2026-03-31,2129890,404679,2534569,,no,
F-002342,factura,C1085,2026-01-30,2026-03-01,287310,54589,341899,,no,
F-002343,factura,C0343,2026-01-30,2026-03-01,914150,173688,1087838,,no,
F-002344,factura,C1039,2026-01-30,2026-03-01,1266890,240709,1507599,,no,
F-002345,factura,C0806,2026-01-30,2026-03-01,480690,91331,572021,,no,
F-002346,factura,C0228,2026-01-30,2026-03-31,534720,101597,636317,,no,
F-002347,factura,C0163,2026-01-30,2026-03-16,123020,23374,146394,,no,
F-002348,factura,C0191,2026-01-30,2026-03-01,1003240,190616,1193856,,no,
F-002349,factura,C0958,2026-01-30,2026-03-31,509750,96852,606602,,no,
F-002350,factura,C0655,2026-01-30,2026-03-01,651490,123783,775273,,no,
F-002351,factura,C0570,2026-01-30,2026-03-01,540190,102636,642826,,no,
F-002352,factura,C0303,2026-01-30,2026-03-01,2804530,532861,3337391,,no,
F-002353,factura,C1191,2026-01-30,2026-03-01,344110,65381,409491,,no,
F-002354,factura,C0856,2026-01-30,2026-03-01,1754110,333281,2087391,,no,
F-002355,factura,C0942,2026-01-30,2026-03-01,540330,102663,642993,,no,
F-002356,factura,C0934,2026-01-30,2026-03-16,1883230,357814,2241044,,no,
F-002357,factura,C0683,2026-01-30,2026-03-01,182250,34628,216878,,no,
F-002358,factura,C1127,2026-01-30,2026-03-31,562900,106951,669851,,no,
F-002359,factura,C0683,2026-01-30,2026-03-01,354400,67336,421736,,no,
F-002360,factura,C0631,2026-01-30,2026-03-01,542920,103155,646075,,no,
F-002361,factura,C0301,2026-01-30,2026-03-31,1291150,245318,1536468,,no,
F-002362,factura,C0310,2026-01-30,2026-03-16,657490,124923,782413,,no,
F-002363,factura,C0899,2026-01-30,2026-03-01,1289090,244927,1534017,,no,
NC-00056,nota_credito,C1102,2026-01-30,,-24820,-4716,-29536,F-002097,no,Devolución parcial de mercadería
F-002364,factura,C1141,2026-02-02,2026-03-04,1948020,370124,2318144,,no,
F-002365,factura,C0249,2026-02-02,2026-03-04,330850,62862,393712,,no,
F-002366,factura,C1149,2026-02-02,2026-03-04,220440,41884,262324,,no,
F-002367,factura,C0362,2026-02-02,2026-03-04,2131560,404996,2536556,,no,
F-002368,factura,C0520,2026-02-02,2026-03-04,340520,64699,405219,,no,
F-002369,factura,C0106,2026-02-02,2026-03-04,399160,75840,475000,,no,
F-002370,factura,C0832,2026-02-02,2026-03-04,829020,157514,986534,,no,
F-002371,factura,C0492,2026-02-02,2026-03-04,372440,70764,443204,,no,
F-002372,factura,C1078,2026-02-02,2026-04-03,1317690,250361,1568051,,no,
F-002373,factura,C0301,2026-02-02,2026-04-03,711960,135272,847232,,no,
F-002374,factura,C1103,2026-02-02,2026-03-04,1195150,227078,1422228,,no,
F-002375,factura,C0180,2026-02-02,2026-03-04,1166910,221713,1388623,,no,
F-002376,factura,C0731,2026-02-02,2026-03-04,1404500,266855,1671355,,no,
F-002377,factura,C0330,2026-02-02,2026-03-04,1536990,292028,1829018,,no,
F-002378,factura,C0227,2026-02-02,2026-03-19,782800,148732,931532,,no,
F-002379,factura,C0139,2026-02-02,2026-03-19,1194130,226885,1421015,,no,
F-002380,factura,C0772,2026-02-02,2026-03-04,1244890,236529,1481419,,no,
F-002381,factura,C0253,2026-02-02,2026-03-19,147660,28055,175715,,no,
F-002382,factura,C0677,2026-02-02,2026-03-04,1728860,328483,2057343,,no,
F-002383,factura,C1187,2026-02-02,2026-03-04,1162060,220791,1382851,,no,
F-002384,factura,C0345,2026-02-02,2026-03-19,1618470,307509,1925979,,no,
F-002385,factura,C0049,2026-02-02,2026-03-04,368160,69950,438110,,no,
NC-00062,nota_credito,C0125,2026-02-02,,-46020,-8744,-54764,F-002297,no,Devolución parcial de mercadería
F-002386,factura,C0379,2026-02-03,2026-03-05,511710,97225,608935,,no,
F-002387,factura,C0275,2026-02-03,2026-03-05,315880,60017,375897,,no,
F-002388,factura,C0783,2026-02-03,2026-03-05,742250,141028,883278,,no,
F-002389,factura,C0249,2026-02-03,2026-03-05,766230,145584,911814,,no,
F-002390,factura,C0772,2026-02-03,2026-03-05,1129010,214512,1343522,,no,
F-002391,factura,C0620,2026-02-03,2026-03-05,2832480,538171,3370651,,no,
F-002392,factura,C0190,2026-02-03,2026-04-04,1805610,343066,2148676,,no,
F-002393,factura,C0631,2026-02-03,2026-03-05,1708790,324670,2033460,,no,
F-002394,factura,C0888,2026-02-03,2026-03-05,1148870,218285,1367155,,no,
F-002395,factura,C0468,2026-02-03,2026-04-04,971530,184591,1156121,,no,
F-002396,factura,C0253,2026-02-03,2026-03-20,1031710,196025,1227735,,no,
F-002397,factura,C0319,2026-02-03,2026-03-05,1237400,235106,1472506,,no,
F-002398,factura,C0140,2026-02-03,2026-03-05,604030,114766,718796,,no,
F-002399,factura,C0031,2026-02-03,2026-03-05,908000,172520,1080520,,no,
F-002400,factura,C1167,2026-02-03,2026-03-20,2708850,514682,3223532,,no,
F-002401,factura,C0140,2026-02-03,2026-03-05,598250,113668,711918,,no,
F-002402,factura,C0163,2026-02-03,2026-03-20,460920,87575,548495,,no,
F-002403,factura,C1060,2026-02-03,2026-03-05,1000010,190002,1190012,,no,
F-002404,factura,C0783,2026-02-03,2026-03-05,425250,80798,506048,,no,
F-002405,factura,C0510,2026-02-03,2026-03-05,264780,50308,315088,,no,
F-007006,factura,C0249,2026-02-03,2026-03-05,138090,26237,164327,F-000430,no,Reemplaza a F-000430
NC-00012,nota_credito,C0249,2026-02-03,,-143230,-27214,-170444,F-000430,no,Anula factura por error en precio / orden de compra
NC-00059,nota_credito,C0917,2026-02-03,,-702720,-133517,-836237,F-002245,no,Devolución parcial de mercadería
F-002406,factura,C1109,2026-02-04,2026-03-06,305780,58098,363878,,no,
F-002407,factura,C0961,2026-02-04,2026-03-21,1391910,264463,1656373,,no,
F-002408,factura,C0253,2026-02-04,2026-03-21,3771400,716566,4487966,,no,
F-002409,factura,C0322,2026-02-04,2026-03-06,1633630,310390,1944020,,no,
F-002410,factura,C0440,2026-02-04,2026-03-06,325470,61839,387309,,no,
F-002411,factura,C0475,2026-02-04,2026-03-06,338620,64338,402958,,no,
F-002412,factura,C0993,2026-02-04,2026-03-06,517410,98308,615718,,no,
F-002413,factura,C0671,2026-02-04,2026-03-06,1071130,203515,1274645,,no,
F-002414,factura,C0507,2026-02-04,2026-03-06,1131040,214898,1345938,,no,
F-002415,factura,C0853,2026-02-04,2026-03-06,341310,64849,406159,,no,
F-002416,factura,C0538,2026-02-04,2026-03-06,469630,89230,558860,,no,
F-002417,factura,C0163,2026-02-04,2026-03-21,493220,93712,586932,,no,
F-002418,factura,C0140,2026-02-04,2026-03-06,816920,155215,972135,,no,
F-002419,factura,C0363,2026-02-04,2026-03-06,4618830,877578,5496408,,no,
F-002420,factura,C0726,2026-02-04,2026-03-06,447460,85017,532477,,no,
F-002421,factura,C0171,2026-02-04,2026-03-06,432060,82091,514151,,no,
F-002422,factura,C0651,2026-02-04,2026-03-06,381320,72451,453771,,no,
F-002423,factura,C0300,2026-02-04,2026-03-06,1569600,298224,1867824,,no,
F-002424,factura,C0829,2026-02-04,2026-03-06,913300,173527,1086827,,no,
F-002425,factura,C0040,2026-02-04,2026-03-06,460890,87569,548459,,no,
F-007046,factura,C0249,2026-02-04,2026-03-06,411560,78196,489756,F-007005,no,Reemplaza a F-007005
NC-00060,nota_credito,C0866,2026-02-04,,-93630,-17790,-111420,F-002261,no,Devolución parcial de mercadería
NC-00177,nota_credito,C0249,2026-02-04,,-432600,-82194,-514794,F-007005,no,Anula factura por error en precio / orden de compra
F-002426,factura,C0249,2026-02-05,2026-03-07,1460120,277423,1737543,,no,Anulada por nota de crédito
F-002427,factura,C1109,2026-02-05,2026-03-07,1004840,190920,1195760,,no,
F-002428,factura,C1101,2026-02-05,2026-03-07,299030,56816,355846,,no,
F-002429,factura,C1141,2026-02-05,2026-03-07,653940,124249,778189,,no,
F-002430,factura,C0315,2026-02-05,2026-03-07,1648110,313141,1961251,,no,
F-002431,factura,C0849,2026-02-05,2026-03-07,285720,54287,340007,,no,
F-002432,factura,C0783,2026-02-05,2026-03-07,332110,63101,395211,,no,
F-002433,factura,C0050,2026-02-05,2026-03-07,739990,140598,880588,,no,
F-002434,factura,C0293,2026-02-05,2026-03-07,4310860,819063,5129923,,no,
F-002435,factura,C0245,2026-02-05,2026-03-07,456760,86784,543544,,no,
F-002436,factura,C0420,2026-02-05,2026-03-07,1162640,220902,1383542,,no,
F-002437,factura,C1149,2026-02-05,2026-03-07,963270,183021,1146291,,no,
F-002438,factura,C1036,2026-02-05,2026-03-07,488150,92748,580898,,no,
F-002439,factura,C0315,2026-02-05,2026-03-07,889920,169085,1059005,,no,
F-002440,factura,C0632,2026-02-05,2026-04-06,546730,103879,650609,,no,
F-002441,factura,C0228,2026-02-05,2026-04-06,587560,111636,699196,,no,
F-002442,factura,C0308,2026-02-05,2026-03-07,207100,39349,246449,,no,
F-002443,factura,C0102,2026-02-05,2026-03-07,767150,145758,912908,,no,
F-002444,factura,C0761,2026-02-05,2026-03-07,1606000,305140,1911140,,no,
F-002445,factura,C0772,2026-02-05,2026-03-07,819070,155623,974693,,no,
F-002446,factura,C1021,2026-02-05,2026-03-07,1871760,355634,2227394,,no,
F-002447,factura,C1060,2026-02-05,2026-03-07,1244500,236455,1480955,,no,
F-002448,factura,C0193,2026-02-05,2026-03-07,745900,141721,887621,,no,
F-002449,factura,C0906,2026-02-05,2026-03-22,473380,89942,563322,,no,
F-002450,factura,C0170,2026-02-05,2026-03-07,530180,100734,630914,,no,
F-002451,factura,C0427,2026-02-05,2026-03-07,241250,45838,287088,,no,
F-002452,factura,C0620,2026-02-05,2026-03-07,631800,120042,751842,,no,
NC-00067,nota_credito,C0899,2026-02-05,,-309020,-58714,-367734,F-002363,no,Devolución parcial de mercadería
F-002453,factura,C1167,2026-02-06,2026-03-23,1767080,335745,2102825,,no,
F-002454,factura,C0184,2026-02-06,2026-03-08,1151460,218777,1370237,,no,
F-002455,factura,C0271,2026-02-06,2026-03-08,1643910,312343,1956253,,no,
F-002456,factura,C1117,2026-02-06,2026-03-08,2360990,448588,2809578,,no,
F-002457,factura,C0754,2026-02-06,2026-04-07,1159620,220328,1379948,,no,
F-002458,factura,C0055,2026-02-06,2026-03-08,112100,21299,133399,,no,
F-002459,factura,C0123,2026-02-06,2026-03-08,4524040,859568,5383608,,no,
F-002460,factura,C0956,2026-02-06,2026-03-08,931200,176928,1108128,,no,
F-002461,factura,C0676,2026-02-06,2026-03-08,611500,116185,727685,,no,
F-002462,factura,C0672,2026-02-06,2026-03-08,480710,91335,572045,,no,
F-002463,factura,C1075,2026-02-06,2026-03-08,902700,171513,1074213,,no,
F-002464,factura,C0264,2026-02-06,2026-03-08,753210,143110,896320,,no,
F-002465,factura,C0194,2026-02-06,2026-03-08,655200,124488,779688,,no,
F-002466,factura,C0741,2026-02-06,2026-03-08,684610,130076,814686,,no,
F-002467,factura,C1077,2026-02-06,2026-03-08,1805040,342958,2147998,,no,
F-002468,factura,C0293,2026-02-06,2026-03-08,5995930,1139227,7135157,,no,
NC-00057,nota_credito,C0806,2026-02-07,,-245130,-46575,-291705,F-002184,no,Devolución parcial de mercadería
NC-00070,nota_credito,C0140,2026-02-08,,-110550,-21004,-131554,F-002401,no,Devolución parcial de mercadería
F-002469,factura,C1152,2026-02-09,2026-03-11,560200,106438,666638,,no,
F-002470,factura,C0185,2026-02-09,2026-03-11,492880,93647,586527,,no,
F-002471,factura,C1078,2026-02-09,2026-04-10,153480,29161,182641,,no,
F-002472,factura,C0342,2026-02-09,2026-03-11,1419050,269620,1688670,,no,
F-002473,factura,C0031,2026-02-09,2026-03-11,322860,61343,384203,,no,
F-002474,factura,C0608,2026-02-09,2026-03-11,623560,118476,742036,,no,
F-002475,factura,C0311,2026-02-09,2026-03-11,810210,153940,964150,,no,
F-002476,factura,C0313,2026-02-09,2026-03-26,342910,65153,408063,,no,
F-002477,factura,C1109,2026-02-09,2026-03-11,1005760,191094,1196854,,no,
F-002478,factura,C0190,2026-02-09,2026-04-10,1049960,199492,1249452,,no,
F-002479,factura,C1117,2026-02-09,2026-03-11,1210850,230062,1440912,,no,
F-002480,factura,C0603,2026-02-09,2026-03-11,579120,110033,689153,,no,
F-002481,factura,C1021,2026-02-09,2026-03-11,2651500,503785,3155285,,no,
F-002482,factura,C0310,2026-02-09,2026-03-26,245320,46611,291931,,no,
F-002483,factura,C0755,2026-02-09,2026-03-11,2195210,417090,2612300,,no,
F-002484,factura,C0655,2026-02-09,2026-03-11,742050,140990,883040,,no,
F-002485,factura,C1103,2026-02-09,2026-03-11,1172720,222817,1395537,,no,
F-002486,factura,C0225,2026-02-09,2026-03-11,310670,59027,369697,,no,
F-002487,factura,C0245,2026-02-09,2026-03-11,788670,149847,938517,,no,
F-002488,factura,C1141,2026-02-09,2026-03-11,1256830,238798,1495628,,no,
F-002489,factura,C0140,2026-02-09,2026-03-11,168150,31948,200098,,no,
F-002490,factura,C0755,2026-02-09,2026-03-11,352170,66912,419082,,no,
F-002491,factura,C0091,2026-02-09,2026-03-11,72370,13750,86120,,no,
F-002492,factura,C0123,2026-02-09,2026-03-11,347970,66114,414084,,no,
F-002493,factura,C0713,2026-02-09,2026-03-11,208920,39695,248615,,no,
F-002494,factura,C0651,2026-02-09,2026-03-11,337160,64060,401220,,no,
F-002495,factura,C0677,2026-02-09,2026-03-11,4161730,790729,4952459,,no,
F-002496,factura,C0565,2026-02-09,2026-03-11,1586070,301353,1887423,,no,
F-002497,factura,C0906,2026-02-09,2026-03-26,126880,24107,150987,,no,
NC-00068,nota_credito,C0772,2026-02-09,,-186840,-35500,-222340,F-002380,no,Devolución parcial de mercadería
F-002498,factura,C0586,2026-02-10,2026-03-27,866950,164720,1031670,,no,
F-002499,factura,C0882,2026-02-10,2026-03-12,216890,41209,258099,,no,
F-002500,factura,C0683,2026-02-10,2026-03-12,743540,141273,884813,,no,
F-002501,factura,C0245,2026-02-10,2026-03-12,839890,159579,999469,,no,
F-002502,factura,C0084,2026-02-10,2026-03-12,438820,83376,522196,,no,
F-002503,factura,C0420,2026-02-10,2026-03-12,1885390,358224,2243614,,no,
F-002504,factura,C0094,2026-02-10,2026-03-12,870090,165317,1035407,,no,
F-002505,factura,C0466,2026-02-10,2026-03-12,623270,118421,741691,,no,
F-002506,factura,C1005,2026-02-10,2026-03-12,798990,151808,950798,,no,
F-002507,factura,C1034,2026-02-10,2026-03-12,1377050,261640,1638690,,no,
F-002508,factura,C0049,2026-02-10,2026-03-12,1099040,208818,1307858,,no,
F-002509,factura,C0109,2026-02-10,2026-03-12,591600,112404,704004,,no,
F-002510,factura,C0593,2026-02-10,2026-04-11,995330,189113,1184443,,no,
F-002511,factura,C0186,2026-02-10,2026-03-12,416560,79146,495706,,no,
F-002512,factura,C0973,2026-02-10,2026-03-12,822880,156347,979227,,no,
F-002513,factura,C0249,2026-02-10,2026-03-12,1647610,313046,1960656,,no,
F-002514,factura,C0124,2026-02-10,2026-03-12,1638150,311248,1949398,,no,
F-002515,factura,C0915,2026-02-10,2026-03-12,862330,163843,1026173,,no,
F-002516,factura,C0733,2026-02-10,2026-03-12,1781180,338424,2119604,,no,
F-002517,factura,C0461,2026-02-10,2026-03-12,473260,89919,563179,,no,
F-002518,factura,C0826,2026-02-10,2026-03-12,485130,92175,577305,,no,
F-002519,factura,C1096,2026-02-10,2026-03-12,847770,161076,1008846,,no,
F-002520,factura,C0049,2026-02-10,2026-03-12,3434630,652580,4087210,,no,
F-002521,factura,C0754,2026-02-10,2026-04-11,1181110,224411,1405521,,no,
F-002522,factura,C0822,2026-02-11,2026-03-13,1071530,203591,1275121,,no,
F-002523,factura,C0528,2026-02-11,2026-03-13,507220,96372,603592,,no,
F-002524,factura,C0450,2026-02-11,2026-03-13,1246350,236806,1483156,,no,
F-002525,factura,C0245,2026-02-11,2026-03-13,308780,58668,367448,,no,
F-002526,factura,C1078,2026-02-11,2026-04-12,606430,115222,721652,,no,
F-002527,factura,C0520,2026-02-11,2026-03-13,547880,104097,651977,,no,
F-002528,factura,C0732,2026-02-11,2026-03-13,266700,50673,317373,,no,
F-002529,factura,C0140,2026-02-11,2026-03-13,213520,40569,254089,,no,
F-002530,factura,C0140,2026-02-11,2026-03-13,373810,71024,444834,,no,
F-002531,factura,C0104,2026-02-11,2026-03-13,659850,125372,785222,,no,
F-002532,factura,C0418,2026-02-11,2026-03-13,324580,61670,386250,,no,
F-002533,factura,C0565,2026-02-11,2026-03-13,456690,86771,543461,,no,
F-002534,factura,C0268,2026-02-11,2026-03-13,131560,24996,156556,,no,
F-002535,factura,C0382,2026-02-11,2026-03-13,442110,84001,526111,,no,
F-002536,factura,C0011,2026-02-11,2026-03-13,1348760,256264,1605024,,no,
F-002537,factura,C0388,2026-02-11,2026-03-13,1045460,198637,1244097,,no,
F-002538,factura,C0152,2026-02-11,2026-03-13,554760,105404,660164,,no,
F-002539,factura,C0163,2026-02-11,2026-03-28,722700,137313,860013,,no,
F-002540,factura,C0008,2026-02-11,2026-03-13,306570,58248,364818,,no,
F-002541,factura,C0831,2026-02-11,2026-03-13,2181180,414424,2595604,,no,
F-002542,factura,C1115,2026-02-11,2026-03-13,3109690,590841,3700531,,no,
F-002543,factura,C0747,2026-02-11,2026-04-12,678530,128921,807451,,no,
F-002544,factura,C0140,2026-02-11,2026-03-13,4724970,897744,5622714,,no,
NC-00069,nota_credito,C0783,2026-02-11,,-160640,-30522,-191162,F-002388,no,Devolución parcial de mercadería
NC-00073,nota_credito,C1117,2026-02-11,,-790540,-150203,-940743,F-002456,no,Devolución parcial de mercadería
F-002545,factura,C0184,2026-02-12,2026-03-14,454710,86395,541105,,no,
F-002546,factura,C0653,2026-02-12,2026-04-13,3274270,622111,3896381,,no,
F-002547,factura,C0266,2026-02-12,2026-03-14,609070,115723,724793,,no,
F-002548,factura,C0027,2026-02-12,2026-03-14,233000,44270,277270,,no,
F-002549,factura,C1056,2026-02-12,2026-03-14,2277860,432793,2710653,,no,
F-002550,factura,C0590,2026-02-12,2026-04-13,2503540,475673,2979213,,no,
F-002551,factura,C0949,2026-02-12,2026-03-14,395100,75069,470169,,no,
F-002552,factura,C0857,2026-02-12,2026-03-14,625560,118856,744416,,no,
F-002553,factura,C1196,2026-02-12,2026-04-13,395180,75084,470264,,no,
F-002554,factura,C0515,2026-02-12,2026-03-14,740660,140725,881385,,no,
F-002555,factura,C0507,2026-02-12,2026-03-14,889120,168933,1058053,,no,
F-002556,factura,C0310,2026-02-12,2026-03-29,615760,116994,732754,,no,
F-002557,factura,C0752,2026-02-12,2026-03-14,190350,36166,226516,,no,
F-002558,factura,C0586,2026-02-12,2026-03-29,512480,97371,609851,,no,
F-002559,factura,C0873,2026-02-12,2026-03-14,1431940,272069,1704009,,no,
F-002560,factura,C0398,2026-02-12,2026-03-14,690110,131121,821231,,no,
F-002561,factura,C0163,2026-02-12,2026-03-29,627670,119257,746927,,no,
F-002562,factura,C1054,2026-02-12,2026-03-14,387360,73598,460958,,no,
F-002563,factura,C1004,2026-02-12,2026-03-14,500660,95125,595785,,no,
F-002564,factura,C0388,2026-02-12,2026-03-14,2517770,478376,2996146,,no,
F-002565,factura,C0822,2026-02-12,2026-03-14,327720,62267,389987,,no,
F-002566,factura,C0590,2026-02-12,2026-04-13,1451900,275861,1727761,,no,
F-002567,factura,C0926,2026-02-12,2026-04-13,846930,160917,1007847,,no,
F-002568,factura,C0455,2026-02-12,2026-03-14,992090,188497,1180587,,no,
F-002569,factura,C0640,2026-02-12,2026-03-14,453990,86258,540248,,no,
F-002570,factura,C0088,2026-02-12,2026-03-14,615570,116958,732528,,no,
F-002571,factura,C0218,2026-02-12,2026-03-14,811910,154263,966173,,no,
F-007012,factura,C0249,2026-02-12,2026-03-14,428380,81392,509772,F-001707,no,Reemplaza a F-001707
NC-00046,nota_credito,C0249,2026-02-12,,-440920,-83775,-524695,F-001707,no,Anula factura por error en precio / orden de compra
NC-00065,nota_credito,C0274,2026-02-12,,-85510,-16247,-101757,F-002337,no,Devolución parcial de mercadería
F-002572,factura,C0149,2026-02-13,2026-03-15,739880,140577,880457,,no,
F-002573,factura,C1110,2026-02-13,2026-03-15,685420,130230,815650,,no,
F-002574,factura,C0140,2026-02-13,2026-03-15,371580,70600,442180,,no,
F-002575,factura,C0248,2026-02-13,2026-04-14,162630,30900,193530,,no,
F-002576,factura,C0323,2026-02-13,2026-03-15,151690,28821,180511,,no,
F-002577,factura,C1000,2026-02-13,2026-03-15,5882880,1117747,7000627,,no,
F-002578,factura,C0835,2026-02-13,2026-03-15,1704490,323853,2028343,,no,
F-002579,factura,C0012,2026-02-13,2026-03-15,1526340,290005,1816345,,no,
F-002580,factura,C0227,2026-02-13,2026-03-30,304540,57863,362403,,no,
F-002581,factura,C0915,2026-02-13,2026-03-15,526410,100018,626428,,no,
F-002582,factura,C0473,2026-02-13,2026-03-15,272110,51701,323811,,no,
F-002583,factura,C0035,2026-02-13,2026-03-15,182880,34747,217627,,no,
F-002584,factura,C1167,2026-02-13,2026-03-30,326180,61974,388154,,no,
F-002585,factura,C0187,2026-02-13,2026-03-15,1509340,286775,1796115,,no,
F-002586,factura,C0614,2026-02-13,2026-03-15,1023600,194484,1218084,,no,
F-002587,factura,C0274,2026-02-13,2026-03-15,240430,45682,286112,,no,
F-002588,factura,C0899,2026-02-13,2026-03-15,406110,77161,483271,,no,
F-002589,factura,C0942,2026-02-13,2026-03-15,951250,180738,1131988,,no,
F-002590,factura,C0468,2026-02-13,2026-04-14,330860,62863,393723,,no,
F-002591,factura,C0773,2026-02-13,2026-03-15,556770,105786,662556,,no,
F-002592,factura,C1093,2026-02-13,2026-03-15,720510,136897,857407,,no,
F-002593,factura,C0992,2026-02-13,2026-03-15,714240,135706,849946,,no,
F-002594,factura,C0520,2026-02-13,2026-03-15,309670,58837,368507,,no,
F-002595,factura,C1078,2026-02-13,2026-04-14,336200,63878,400078,,no,
F-002596,factura,C0049,2026-02-13,2026-03-15,210940,40079,251019,,no,
F-002597,factura,C0031,2026-02-13,2026-03-15,149820,28466,178286,,no,
F-002598,factura,C0245,2026-02-13,2026-03-15,476600,90554,567154,,no,
F-002599,factura,C1003,2026-02-13,2026-03-15,1003740,190711,1194451,,no,
F-002600,factura,C0190,2026-02-13,2026-04-14,173170,32902,206072,,no,
F-002601,factura,C0311,2026-02-13,2026-03-15,649930,123487,773417,,no,
F-002602,factura,C0754,2026-02-13,2026-04-14,978660,185945,1164605,,no,
F-002603,factura,C0227,2026-02-13,2026-03-30,120190,22836,143026,,no,
NC-00074,nota_credito,C1021,2026-02-13,,-643950,-122350,-766300,F-002481,no,Devolución parcial de mercadería
NC-00063,nota_credito,C1078,2026-02-14,,-23760,-4514,-28274,F-002299,no,Devolución parcial de mercadería
NC-00066,nota_credito,C0732,2026-02-15,,-93860,-17833,-111693,F-002338,no,Devolución parcial de mercadería
F-002604,factura,C0593,2026-02-16,2026-04-17,164800,31312,196112,,no,
F-002605,factura,C1059,2026-02-16,2026-03-18,2786310,529399,3315709,,no,
F-002606,factura,C1012,2026-02-16,2026-03-18,336620,63958,400578,,no,
F-002607,factura,C0017,2026-02-16,2026-03-18,2609510,495807,3105317,,no,
F-002608,factura,C0482,2026-02-16,2026-03-18,785780,149298,935078,,no,
F-002609,factura,C1004,2026-02-16,2026-03-18,546940,103919,650859,,no,
F-002610,factura,C0001,2026-02-16,2026-03-18,171340,32555,203895,,no,
F-002611,factura,C0633,2026-02-16,2026-03-18,571280,108543,679823,,no,
F-002612,factura,C0282,2026-02-16,2026-03-18,2586070,491353,3077423,,no,
F-002613,factura,C0484,2026-02-16,2026-03-18,1978830,375978,2354808,,no,
F-002614,factura,C0501,2026-02-16,2026-03-18,708780,134668,843448,,no,
F-002615,factura,C0457,2026-02-16,2026-03-18,227060,43141,270201,,no,
F-002616,factura,C1078,2026-02-16,2026-04-17,264650,50284,314934,,no,
F-002617,factura,C0642,2026-02-16,2026-03-18,287750,54672,342422,,no,
F-002618,factura,C0868,2026-02-16,2026-03-18,2099650,398934,2498584,,no,
F-002619,factura,C0388,2026-02-16,2026-03-18,665720,126487,792207,,no,
F-002620,factura,C0590,2026-02-16,2026-04-17,446610,84856,531466,,no,
F-002621,factura,C0452,2026-02-16,2026-03-18,1964750,373302,2338052,,no,
F-002622,factura,C1004,2026-02-16,2026-03-18,260160,49430,309590,,no,
F-002623,factura,C0227,2026-02-16,2026-04-02,593250,112718,705968,,no,
F-002624,factura,C1122,2026-02-16,2026-03-18,824290,156615,980905,,no,
F-002625,factura,C0681,2026-02-16,2026-03-18,285400,54226,339626,,no,
F-002626,factura,C0737,2026-02-16,2026-03-18,342210,65020,407230,,no,
F-002627,factura,C0625,2026-02-16,2026-03-18,321550,61094,382644,,no,
NC-00064,nota_credito,C0620,2026-02-16,,-653440,-124154,-777594,F-002310,no,Devolución parcial de mercadería
F-002628,factura,C0477,2026-02-17,2026-03-19,1227830,233288,1461118,,no,
F-002629,factura,C0274,2026-02-17,2026-03-19,113560,21576,135136,,no,
F-002630,factura,C0027,2026-02-17,2026-03-19,1920550,364904,2285454,,no,
F-002631,factura,C0554,2026-02-17,2026-03-19,658440,125104,783544,,no,
F-002632,factura,C0832,2026-02-17,2026-03-19,388910,73893,462803,,no,
F-002633,factura,C0066,2026-02-17,2026-03-19,446380,84812,531192,,no,
F-002634,factura,C1078,2026-02-17,2026-04-18,66970,12724,79694,,no,
F-002635,factura,C0405,2026-02-17,2026-03-19,336030,63846,399876,,no,
F-002636,factura,C0201,2026-02-17,2026-03-19,1758910,334193,2093103,,no,
F-002637,factura,C0249,2026-02-17,2026-03-19,473700,90003,563703,,no,Anulada por nota de crédito
F-002638,factura,C0376,2026-02-17,2026-04-18,520620,98918,619538,,no,
F-002639,factura,C0614,2026-02-17,2026-03-19,204790,38910,243700,,no,
F-002640,factura,C0755,2026-02-17,2026-03-19,1956070,371653,2327723,,no,
F-002641,factura,C0507,2026-02-17,2026-03-19,1237060,235041,1472101,,no,
F-002642,factura,C0507,2026-02-17,2026-03-19,267390,50804,318194,,no,
F-002643,factura,C0949,2026-02-17,2026-03-19,455870,86615,542485,,no,
F-002644,factura,C0324,2026-02-17,2026-03-19,737540,140133,877673,,no,
F-002645,factura,C0747,2026-02-17,2026-04-18,289960,55092,345052,,no,
F-002646,factura,C1078,2026-02-17,2026-04-18,151920,28865,180785,,no,
F-002647,factura,C0249,2026-02-17,2026-03-19,664670,126287,790957,,no,
F-002648,factura,C0747,2026-02-17,2026-04-18,1193620,226788,1420408,,no,
F-002649,factura,C1141,2026-02-17,2026-03-19,1212140,230307,1442447,,no,
F-002650,factura,C0632,2026-02-17,2026-04-18,1520580,288910,1809490,,no,
F-002651,factura,C1180,2026-02-17,2026-03-19,217850,41392,259242,,no,
F-002652,factura,C0339,2026-02-17,2026-03-19,790750,150242,940992,,no,
F-002653,factura,C0671,2026-02-17,2026-03-19,609050,115720,724770,,no,
F-002654,factura,C0339,2026-02-17,2026-03-19,704070,133773,837843,,no,
F-002655,factura,C0228,2026-02-18,2026-04-19,249290,47365,296655,,no,
F-002656,factura,C0031,2026-02-18,2026-03-20,216630,41160,257790,,no,
F-002657,factura,C0944,2026-02-18,2026-03-20,605310,115009,720319,,no,
F-002658,factura,C1191,2026-02-18,2026-03-20,391780,74438,466218,,no,
F-002659,factura,C0776,2026-02-18,2026-03-20,1777440,337714,2115154,,no,
F-002660,factura,C0700,2026-02-18,2026-03-20,444880,84527,529407,,no,
F-002661,factura,C1093,2026-02-18,2026-03-20,540550,102704,643254,,no,
F-002662,factura,C0275,2026-02-18,2026-03-20,169830,32268,202098,,no,
F-002663,factura,C0104,2026-02-18,2026-03-20,386470,73429,459899,,no,
F-002664,factura,C0614,2026-02-18,2026-03-20,594190,112896,707086,,no,
F-002665,factura,C0283,2026-02-18,2026-03-20,382750,72722,455472,,no,
F-002666,factura,C0530,2026-02-18,2026-03-20,349710,66445,416155,,no,
F-002667,factura,C0536,2026-02-18,2026-03-20,669910,127283,797193,,no,
F-002668,factura,C0352,2026-02-18,2026-03-20,1732760,329224,2061984,,no,
F-002669,factura,C0586,2026-02-18,2026-04-04,579170,110042,689212,,no,
F-002670,factura,C0433,2026-02-18,2026-03-20,1288150,244748,1532898,,no,
F-002671,factura,C0140,2026-02-18,2026-03-20,848010,161122,1009132,,no,
F-002672,factura,C1056,2026-02-18,2026-03-20,1227940,233309,1461249,,no,
F-002673,factura,C0058,2026-02-18,2026-03-20,437060,83041,520101,,no,
F-002674,factura,C0147,2026-02-18,2026-03-20,438520,83319,521839,,no,
F-002675,factura,C0140,2026-02-18,2026-03-20,798420,151700,950120,,no,
F-002676,factura,C0094,2026-02-18,2026-03-20,972180,184714,1156894,,no,
F-002677,factura,C0090,2026-02-18,2026-03-20,570010,108302,678312,,no,
F-002678,factura,C0191,2026-02-18,2026-03-20,1040000,197600,1237600,,no,
F-002679,factura,C1039,2026-02-18,2026-03-20,328640,62442,391082,,no,
F-002680,factura,C1004,2026-02-18,2026-03-20,1047240,198976,1246216,,no,
F-002681,factura,C0953,2026-02-18,2026-03-20,1162420,220860,1383280,,no,
F-002682,factura,C0741,2026-02-18,2026-03-20,886790,168490,1055280,,no,
F-002683,factura,C0860,2026-02-18,2026-03-20,574180,109094,683274,,no,
F-002684,factura,C1037,2026-02-19,2026-03-21,1770640,336422,2107062,,no,
F-002685,factura,C0592,2026-02-19,2026-03-21,334570,63568,398138,,no,
F-002686,factura,C1196,2026-02-19,2026-04-20,367280,69783,437063,,no,
F-002687,factura,C0958,2026-02-19,2026-04-20,325480,61841,387321,,no,
F-002688,factura,C1057,2026-02-19,2026-03-21,337440,64114,401554,,no,
F-002689,factura,C0939,2026-02-19,2026-03-21,2084550,396064,2480614,,no,
F-002690,factura,C0140,2026-02-19,2026-03-21,519640,98732,618372,,no,
F-002691,factura,C0102,2026-02-19,2026-03-21,577640,109752,687392,,no,
F-002692,factura,C1097,2026-02-19,2026-03-21,1173390,222944,1396334,,no,
F-002693,factura,C0177,2026-02-19,2026-03-21,166890,31709,198599,,no,
F-002694,factura,C0457,2026-02-19,2026-03-21,658690,125151,783841,,no,
F-002695,factura,C0735,2026-02-19,2026-03-21,262600,49894,312494,,no,
F-002696,factura,C0248,2026-02-19,2026-04-20,499000,94810,593810,,no,
F-002697,factura,C0249,2026-02-19,2026-03-21,395050,75060,470110,,no,
F-002698,factura,C0554,2026-02-19,2026-03-21,379080,72025,451105,,no,
F-002699,factura,C0405,2026-02-19,2026-03-21,756430,143722,900152,,no,
F-002700,factura,C0799,2026-02-19,2026-03-21,753790,143220,897010,,no,
F-002701,factura,C0119,2026-02-19,2026-03-21,529690,100641,630331,,no,
F-002702,factura,C0586,2026-02-19,2026-04-05,849540,161413,1010953,,no,
F-002703,factura,C0216,2026-02-19,2026-03-21,315210,59890,375100,,no,
F-002704,factura,C0731,2026-02-19,2026-03-21,1089430,206992,1296422,,no,
F-002705,factura,C0148,2026-02-19,2026-03-21,535490,101743,637233,,no,
F-002706,factura,C0233,2026-02-19,2026-03-21,428890,81489,510379,,no,
F-002707,factura,C0970,2026-02-19,2026-03-21,334400,63536,397936,,no,
F-002708,factura,C0253,2026-02-19,2026-04-05,520620,98918,619538,,no,
F-002709,factura,C0899,2026-02-19,2026-03-21,2820460,535887,3356347,,no,
F-002710,factura,C0301,2026-02-19,2026-04-20,600340,114065,714405,,no,
F-002711,factura,C0253,2026-02-19,2026-04-05,252810,48034,300844,,no,
F-002712,factura,C0323,2026-02-19,2026-03-21,1317110,250251,1567361,,no,
F-002713,factura,C1077,2026-02-19,2026-03-21,432940,82259,515199,,no,
F-002714,factura,C0468,2026-02-19,2026-04-20,792470,150569,943039,,no,
F-002715,factura,C0266,2026-02-19,2026-03-21,389010,73912,462922,,no,
NC-00071,nota_credito,C0300,2026-02-19,,-357060,-67841,-424901,F-002423,no,Devolución parcial de mercadería
F-002716,factura,C0420,2026-02-20,2026-03-22,1066890,202709,1269599,,no,
F-002717,factura,C0636,2026-02-20,2026-03-22,2529860,480673,3010533,,no,
F-002718,factura,C0245,2026-02-20,2026-03-22,798710,151755,950465,,no,
F-002719,factura,C0677,2026-02-20,2026-03-22,332560,63186,395746,,no,
F-002720,factura,C0170,2026-02-20,2026-03-22,160780,30548,191328,,no,
F-002721,factura,C0960,2026-02-20,2026-03-22,1192830,226638,1419468,,no,
F-002722,factura,C0683,2026-02-20,2026-03-22,343510,65267,408777,,no,
F-002723,factura,C0579,2026-02-20,2026-03-22,1377390,261704,1639094,,no,
F-002724,factura,C0081,2026-02-20,2026-03-22,2105720,400087,2505807,,no,
F-002725,factura,C0593,2026-02-20,2026-04-21,200180,38034,238214,,no,
F-002726,factura,C0668,2026-02-20,2026-03-22,1072330,203743,1276073,,no,
F-002727,factura,C0293,2026-02-20,2026-03-22,1936380,367912,2304292,,no,
F-002728,factura,C0800,2026-02-20,2026-03-22,1555740,295591,1851331,,no,
F-002729,factura,C0122,2026-02-20,2026-03-22,128690,24451,153141,,no,
F-002730,factura,C0248,2026-02-20,2026-04-21,347770,66076,413846,,no,
F-002731,factura,C0899,2026-02-20,2026-03-22,247230,46974,294204,,no,
F-002732,factura,C0185,2026-02-20,2026-03-22,1046550,198844,1245394,,no,
F-002733,factura,C0269,2026-02-20,2026-03-22,958280,182073,1140353,,no,
F-002734,factura,C0770,2026-02-20,2026-03-22,79530,15111,94641,,no,
F-002735,factura,C0873,2026-02-20,2026-03-22,541210,102830,644040,,no,
F-002736,factura,C0076,2026-02-20,2026-03-22,1306430,248222,1554652,,no,
F-002737,factura,C0163,2026-02-20,2026-04-06,775000,147250,922250,,no,
F-002738,factura,C0525,2026-02-20,2026-03-22,773940,147049,920989,,no,
F-002739,factura,C0703,2026-02-20,2026-03-22,514130,97685,611815,,no,
F-002740,factura,C0531,2026-02-20,2026-03-22,295100,56069,351169,,no,
F-002741,factura,C0768,2026-02-20,2026-03-22,679140,129037,808177,,no,
F-002742,factura,C0919,2026-02-20,2026-03-22,717770,136376,854146,,no,
F-002743,factura,C1145,2026-02-20,2026-03-22,1126290,213995,1340285,,no,
F-002744,factura,C0382,2026-02-20,2026-03-22,1201920,228365,1430285,,no,
NC-00075,nota_credito,C0593,2026-02-22,,-372290,-70735,-443025,F-002510,no,Devolución parcial de mercadería
F-002745,factura,C0169,2026-02-23,2026-03-25,1072170,203712,1275882,,no,
F-002746,factura,C0949,2026-02-23,2026-03-25,973000,184870,1157870,,no,
F-002747,factura,C0301,2026-02-23,2026-04-24,484010,91962,575972,,no,
F-002748,factura,C0993,2026-02-23,2026-03-25,738180,140254,878434,,no,
F-002749,factura,C0419,2026-02-23,2026-03-25,1021150,194018,1215168,,no,
F-002750,factura,C0420,2026-02-23,2026-03-25,837620,159148,996768,,no,
F-002751,factura,C0917,2026-02-23,2026-03-25,3200080,608015,3808095,,no,
F-002752,factura,C0614,2026-02-23,2026-03-25,2040000,387600,2427600,,no,
F-002753,factura,C0242,2026-02-23,2026-03-25,1146800,217892,1364692,,no,
F-002754,factura,C1042,2026-02-23,2026-03-25,493850,93832,587682,,no,
F-002755,factura,C0376,2026-02-23,2026-04-24,470370,89370,559740,,no,
F-002756,factura,C0140,2026-02-23,2026-03-25,4410710,838035,5248745,,no,
F-002757,factura,C0490,2026-02-23,2026-03-25,405380,77022,482402,,no,
F-002758,factura,C0677,2026-02-23,2026-03-25,996080,189255,1185335,,no,
F-002759,factura,C0735,2026-02-23,2026-03-25,1213790,230620,1444410,,no,
F-002760,factura,C1012,2026-02-23,2026-03-25,708880,134687,843567,,no,
F-002761,factura,C0643,2026-02-23,2026-04-09,407880,77497,485377,,no,
F-002762,factura,C0249,2026-02-23,2026-03-25,485330,92213,577543,,no,
F-002763,factura,C0287,2026-02-23,2026-03-25,587300,111587,698887,,no,
F-002764,factura,C0140,2026-02-23,2026-03-25,515510,97947,613457,,no,
F-002765,factura,C0896,2026-02-23,2026-03-25,2630470,499789,3130259,,no,
F-002766,factura,C0140,2026-02-23,2026-03-25,902750,171522,1074272,,no,
F-002767,factura,C0108,2026-02-24,2026-03-26,855210,162490,1017700,,no,
F-002768,factura,C0958,2026-02-24,2026-04-25,340130,64625,404755,,no,
F-002769,factura,C0428,2026-02-24,2026-04-10,973780,185018,1158798,,no,
F-002770,factura,C0785,2026-02-24,2026-03-26,577240,109676,686916,,no,
F-002771,factura,C0903,2026-02-24,2026-03-26,1730080,328715,2058795,,no,
F-002772,factura,C0501,2026-02-24,2026-03-26,1126340,214005,1340345,,no,
F-002773,factura,C0181,2026-02-24,2026-03-26,1142960,217162,1360122,,no,
F-002774,factura,C0449,2026-02-24,2026-03-26,351800,66842,418642,,no,
F-002775,factura,C1060,2026-02-24,2026-03-26,452410,85958,538368,,no,
F-002776,factura,C0373,2026-02-24,2026-03-26,383120,72793,455913,,no,
F-002777,factura,C0099,2026-02-24,2026-03-26,146620,27858,174478,,no,
F-002778,factura,C1158,2026-02-24,2026-03-26,1587600,301644,1889244,,no,
F-002779,factura,C0805,2026-02-24,2026-03-26,887910,168703,1056613,,no,
F-002780,factura,C0643,2026-02-24,2026-04-10,371120,70513,441633,,no,
F-002781,factura,C1005,2026-02-24,2026-03-26,1388850,263882,1652732,,no,
F-002782,factura,C0482,2026-02-24,2026-03-26,295380,56122,351502,,no,
F-002783,factura,C1194,2026-02-24,2026-03-26,112400,21356,133756,,no,
F-002784,factura,C1054,2026-02-24,2026-03-26,1094940,208039,1302979,,no,
F-002785,factura,C0310,2026-02-24,2026-04-10,175860,33413,209273,,no,
F-002786,factura,C0420,2026-02-24,2026-03-26,418190,79456,497646,,no,
F-002787,factura,C0303,2026-02-24,2026-03-26,576780,109588,686368,,no,
F-002788,factura,C0776,2026-02-24,2026-03-26,665760,126494,792254,,no,
F-002789,factura,C0758,2026-02-24,2026-03-26,964180,183194,1147374,,no,
F-002790,factura,C0632,2026-02-24,2026-04-25,778400,147896,926296,,no,
F-002791,factura,C1167,2026-02-24,2026-04-10,759360,144278,903638,,no,
F-002792,factura,C0563,2026-02-24,2026-03-26,259810,49364,309174,,no,
F-002793,factura,C0953,2026-02-24,2026-03-26,618910,117593,736503,,no,
F-002794,factura,C0772,2026-02-24,2026-03-26,146660,27865,174525,,no,
F-002795,factura,C0629,2026-02-24,2026-03-26,1706620,324258,2030878,,no,
F-002796,factura,C0060,2026-02-24,2026-03-26,159260,30259,189519,,no,
F-002797,factura,C0325,2026-02-25,2026-04-26,3498220,664662,4162882,,no,
F-002798,factura,C1078,2026-02-25,2026-04-26,1174810,223214,1398024,,no,
F-002799,factura,C0538,2026-02-25,2026-03-27,364480,69251,433731,,no,
F-002800,factura,C0200,2026-02-25,2026-03-27,302020,57384,359404,,no,
F-002801,factura,C1050,2026-02-25,2026-03-27,46570,8848,55418,,no,
F-002802,factura,C1132,2026-02-25,2026-03-27,1079400,205086,1284486,,no,
F-002803,factura,C0140,2026-02-25,2026-03-27,861340,163655,1024995,,no,
F-002804,factura,C0917,2026-02-25,2026-03-27,297120,56453,353573,,no,
F-002805,factura,C0249,2026-02-25,2026-03-27,146030,27746,173776,,no,
F-002806,factura,C0012,2026-02-25,2026-03-27,182180,34614,216794,,no,
F-002807,factura,C0283,2026-02-25,2026-03-27,655060,124461,779521,,no,
F-002808,factura,C1052,2026-02-25,2026-03-27,427410,81208,508618,,no,
F-002809,factura,C0180,2026-02-25,2026-03-27,798300,151677,949977,,no,
F-002810,factura,C0163,2026-02-25,2026-04-11,491940,93469,585409,,no,
F-002811,factura,C0903,2026-02-25,2026-03-27,994870,189025,1183895,,no,
F-002812,factura,C0477,2026-02-25,2026-03-27,617000,117230,734230,,no,
F-002813,factura,C0186,2026-02-25,2026-03-27,890910,169273,1060183,,no,
F-002814,factura,C0249,2026-02-25,2026-03-27,86270,16391,102661,,no,
F-002815,factura,C0958,2026-02-25,2026-04-26,171010,32492,203502,,no,
F-002816,factura,C0747,2026-02-25,2026-04-26,343000,65170,408170,,no,
F-002817,factura,C0926,2026-02-25,2026-04-26,1088830,206878,1295708,,no,
F-002818,factura,C0140,2026-02-25,2026-03-27,2066540,392643,2459183,,no,
F-002819,factura,C0538,2026-02-25,2026-03-27,402550,76484,479034,,no,
F-002820,factura,C0961,2026-02-25,2026-04-11,281450,53476,334926,,no,
F-002821,factura,C0293,2026-02-25,2026-03-27,96080,18255,114335,,no,
F-002822,factura,C0204,2026-02-25,2026-03-27,916040,174048,1090088,,no,
F-002823,factura,C0440,2026-02-25,2026-03-27,295610,56166,351776,,no,
F-002824,factura,C0375,2026-02-25,2026-03-27,4894530,929961,5824491,,no,
F-002825,factura,C0227,2026-02-25,2026-04-11,254090,48277,302367,,no,
F-002826,factura,C1149,2026-02-25,2026-03-27,2473590,469982,2943572,,no,
F-002827,factura,C0458,2026-02-26,2026-03-28,326710,62075,388785,,no,
F-002828,factura,C0345,2026-02-26,2026-04-12,199820,37966,237786,,no,
F-002829,factura,C0007,2026-02-26,2026-03-28,1407410,267408,1674818,,no,
F-002830,factura,C0819,2026-02-26,2026-03-28,487600,92644,580244,,no,
F-002831,factura,C0140,2026-02-26,2026-03-28,573990,109058,683048,,no,
F-002832,factura,C0249,2026-02-26,2026-03-28,713860,135633,849493,,no,
F-002833,factura,C0227,2026-02-26,2026-04-12,1152880,219047,1371927,,no,
F-002834,factura,C0374,2026-02-26,2026-03-28,258710,49155,307865,,no,
F-002835,factura,C0193,2026-02-26,2026-03-28,310090,58917,369007,,no,
F-002836,factura,C0381,2026-02-26,2026-03-28,849800,161462,1011262,,no,
F-002837,factura,C0266,2026-02-26,2026-03-28,2214890,420829,2635719,,no,
F-002838,factura,C0092,2026-02-26,2026-03-28,831840,158050,989890,,no,
F-002839,factura,C1059,2026-02-26,2026-03-28,450620,85618,536238,,no,
F-002840,factura,C0325,2026-02-26,2026-04-27,152230,28924,181154,,no,
F-002841,factura,C0140,2026-02-26,2026-03-28,1819110,345631,2164741,,no,
F-002842,factura,C0631,2026-02-26,2026-03-28,471170,89522,560692,,no,
F-002843,factura,C0156,2026-02-26,2026-03-28,339000,64410,403410,,no,
F-002844,factura,C0939,2026-02-26,2026-03-28,215230,40894,256124,,no,
F-002845,factura,C0094,2026-02-26,2026-03-28,268450,51006,319456,,no,
F-002846,factura,C0554,2026-02-26,2026-03-28,393460,74757,468217,,no,
F-002847,factura,C1138,2026-02-26,2026-03-28,701260,133239,834499,,no,
F-002848,factura,C0191,2026-02-26,2026-03-28,322780,61328,384108,,no,
F-002849,factura,C0245,2026-02-26,2026-03-28,984890,187129,1172019,,no,
F-002850,factura,C0722,2026-02-26,2026-03-28,697010,132432,829442,,no,
F-002851,factura,C1188,2026-02-26,2026-03-28,5021860,954153,5976013,,no,
F-002852,factura,C0448,2026-02-26,2026-03-28,217110,41251,258361,,no,
F-002853,factura,C0770,2026-02-26,2026-03-28,965980,183536,1149516,,no,
F-002854,factura,C0190,2026-02-26,2026-04-27,975710,185385,1161095,,no,
F-002855,factura,C0632,2026-02-27,2026-04-28,324670,61687,386357,,no,
F-002856,factura,C1078,2026-02-27,2026-04-28,127640,24252,151892,,no,
F-002857,factura,C0139,2026-02-27,2026-04-13,922190,175216,1097406,,no,
F-002858,factura,C0313,2026-02-27,2026-04-13,155140,29477,184617,,no,
F-002859,factura,C1054,2026-02-27,2026-03-29,344130,65385,409515,,no,
F-002860,factura,C1127,2026-02-27,2026-04-28,184600,35074,219674,,no,
F-002861,factura,C0507,2026-02-27,2026-03-29,203710,38705,242415,,no,
F-002862,factura,C0228,2026-02-27,2026-04-28,1071190,203526,1274716,,no,
F-002863,factura,C0501,2026-02-27,2026-03-29,637520,121129,758649,,no,
F-002864,factura,C0536,2026-02-27,2026-03-29,619380,117682,737062,,no,
F-002865,factura,C0631,2026-02-27,2026-03-29,265790,50500,316290,,no,
F-002866,factura,C0303,2026-02-27,2026-03-29,450680,85629,536309,,no,
F-002867,factura,C0340,2026-02-27,2026-03-29,1029270,195561,1224831,,no,
F-002868,factura,C0772,2026-02-27,2026-03-29,730530,138801,869331,,no,
F-002869,factura,C0747,2026-02-27,2026-04-28,1470830,279458,1750288,,no,
F-002870,factura,C0783,2026-02-27,2026-03-29,1648320,313181,1961501,,no,
F-002871,factura,C0428,2026-02-27,2026-04-13,622450,118266,740716,,no,
F-002872,factura,C0376,2026-02-27,2026-04-28,173060,32881,205941,,no,
F-002873,factura,C0388,2026-02-27,2026-03-29,415770,78996,494766,,no,
F-002874,factura,C1147,2026-02-27,2026-03-29,704360,133828,838188,,no,
F-002875,factura,C0467,2026-02-27,2026-03-29,409220,77752,486972,,no,
F-002876,factura,C0728,2026-02-27,2026-03-29,327580,62240,389820,,no,
F-002877,factura,C0632,2026-02-27,2026-04-28,805320,153011,958331,,no,
F-002878,factura,C1064,2026-02-27,2026-03-29,5322410,1011258,6333668,,no,
F-002879,factura,C0420,2026-02-27,2026-03-29,515370,97920,613290,,no,
F-002880,factura,C0507,2026-02-27,2026-03-29,759910,144383,904293,,no,
F-002881,factura,C1031,2026-02-27,2026-03-29,266620,50658,317278,,no,
F-002882,factura,C0194,2026-02-27,2026-03-29,2059380,391282,2450662,,no,
F-002883,factura,C0709,2026-02-27,2026-03-29,1533390,291344,1824734,,no,
F-002884,factura,C0468,2026-02-27,2026-04-28,1451030,275696,1726726,,no,
F-002885,factura,C0974,2026-03-02,2026-04-01,2128610,404436,2533046,,no,
F-002886,factura,C1196,2026-03-02,2026-05-01,723390,137444,860834,,no,
F-002887,factura,C1096,2026-03-02,2026-04-01,581610,110506,692116,,no,
F-002888,factura,C0325,2026-03-02,2026-05-01,1050720,199637,1250357,,no,
F-002889,factura,C1037,2026-03-02,2026-04-01,377060,71641,448701,,no,
F-002890,factura,C0140,2026-03-02,2026-04-01,664100,126179,790279,,no,
F-002891,factura,C0800,2026-03-02,2026-04-01,520010,98802,618812,,no,
F-002892,factura,C0376,2026-03-02,2026-05-01,185960,35332,221292,,no,
F-002893,factura,C0773,2026-03-02,2026-04-01,662720,125917,788637,,no,
F-002894,factura,C0484,2026-03-02,2026-04-01,420570,79908,500478,,no,
F-002895,factura,C0015,2026-03-02,2026-04-01,492920,93655,586575,,no,
F-002896,factura,C0249,2026-03-02,2026-04-01,800640,152122,952762,,no,
F-002897,factura,C0060,2026-03-02,2026-04-01,1656410,314718,1971128,,no,
F-002898,factura,C0507,2026-03-02,2026-04-01,303500,57665,361165,,no,
F-002899,factura,C0901,2026-03-02,2026-04-01,324510,61657,386167,,no,
F-002900,factura,C0958,2026-03-02,2026-05-01,308040,58528,366568,,no,
F-002901,factura,C0423,2026-03-02,2026-04-01,511440,97174,608614,,no,
F-002902,factura,C0607,2026-03-02,2026-04-01,956310,181699,1138009,,no,
F-002903,factura,C0610,2026-03-02,2026-04-01,773360,146938,920298,,no,
F-002904,factura,C0140,2026-03-02,2026-04-01,256950,48820,305770,,no,
F-002905,factura,C0718,2026-03-02,2026-04-01,1685320,320211,2005531,,no,
F-002906,factura,C0853,2026-03-02,2026-04-01,1273990,242058,1516048,,no,
F-002907,factura,C0737,2026-03-02,2026-04-01,291030,55296,346326,,no,
F-002908,factura,C0907,2026-03-02,2026-04-01,1593470,302759,1896229,,no,
F-002909,factura,C0151,2026-03-02,2026-04-01,777380,147702,925082,,no,
F-002910,factura,C0926,2026-03-02,2026-05-01,528060,100331,628391,,no,
F-002911,factura,C0246,2026-03-02,2026-04-01,796990,151428,948418,,no,
F-002912,factura,C1065,2026-03-02,2026-04-01,586260,111389,697649,,no,
F-002913,factura,C0268,2026-03-02,2026-04-01,925600,175864,1101464,,no,
NC-00078,nota_credito,C0614,2026-03-02,,-69850,-13272,-83122,F-002639,no,Devolución parcial de mercadería
NC-00081,nota_credito,C0536,2026-03-02,,-173590,-32982,-206572,F-002864,no,Devolución parcial de mercadería
F-002914,factura,C0389,2026-03-03,2026-04-02,491760,93434,585194,,no,
F-002915,factura,C0603,2026-03-03,2026-04-02,2055540,390553,2446093,,no,
F-002916,factura,C0677,2026-03-03,2026-04-02,804240,152806,957046,,no,
F-002917,factura,C1195,2026-03-03,2026-04-02,347120,65953,413073,,no,
F-002918,factura,C1080,2026-03-03,2026-04-02,682010,129582,811592,,no,
F-002919,factura,C0829,2026-03-03,2026-04-02,1140050,216610,1356660,,no,
F-002920,factura,C0190,2026-03-03,2026-05-02,489520,93009,582529,,no,
F-002921,factura,C1100,2026-03-03,2026-04-02,4285690,814281,5099971,,no,
F-002922,factura,C1078,2026-03-03,2026-05-02,346540,65843,412383,,no,
F-002923,factura,C1078,2026-03-03,2026-05-02,1169030,222116,1391146,,no,
F-002924,factura,C0575,2026-03-03,2026-04-02,964370,183230,1147600,,no,
F-002925,factura,C0211,2026-03-03,2026-04-02,299480,56901,356381,,no,
F-002926,factura,C0919,2026-03-03,2026-04-02,373300,70927,444227,,no,
F-002927,factura,C0450,2026-03-03,2026-04-02,1183700,224903,1408603,,no,
F-002928,factura,C0379,2026-03-03,2026-04-02,588610,111836,700446,,no,
F-002929,factura,C0456,2026-03-03,2026-04-02,687030,130536,817566,,no,
F-002930,factura,C0659,2026-03-03,2026-04-02,141620,26908,168528,,no,
F-002931,factura,C0375,2026-03-03,2026-04-02,886010,168342,1054352,,no,
F-002932,factura,C0822,2026-03-03,2026-04-02,659690,125341,785031,,no,
F-002933,factura,C0770,2026-03-03,2026-04-02,498100,94639,592739,,no,
F-002934,factura,C0610,2026-03-03,2026-04-02,699690,132941,832631,,no,
F-002935,factura,C0079,2026-03-03,2026-04-02,377870,71795,449665,,no,
F-002936,factura,C1122,2026-03-03,2026-04-02,326490,62033,388523,,no,
F-002937,factura,C0482,2026-03-03,2026-04-02,432000,82080,514080,,no,
F-002938,factura,C0528,2026-03-03,2026-04-02,361610,68706,430316,,no,
F-002939,factura,C0536,2026-03-03,2026-04-02,2999940,569989,3569929,,no,
F-002940,factura,C0417,2026-03-03,2026-04-02,1087270,206581,1293851,,no,
F-002941,factura,C0798,2026-03-03,2026-04-02,241570,45898,287468,,no,
NC-00076,nota_credito,C0520,2026-03-03,,-45630,-8670,-54300,F-002594,no,Devolución parcial de mercadería
F-002942,factura,C1141,2026-03-04,2026-04-03,1205910,229123,1435033,,no,
F-002943,factura,C0525,2026-03-04,2026-04-03,260890,49569,310459,,no,
F-002944,factura,C1085,2026-03-04,2026-04-03,253200,48108,301308,,no,
F-002945,factura,C0958,2026-03-04,2026-05-03,500660,95125,595785,,no,
F-002946,factura,C1080,2026-03-04,2026-04-03,501060,95201,596261,,no,
F-002947,factura,C1012,2026-03-04,2026-04-03,259550,49314,308864,,no,
F-002948,factura,C1171,2026-03-04,2026-04-03,2382820,452736,2835556,,no,
F-002949,factura,C0754,2026-03-04,2026-05-03,393380,74742,468122,,no,
F-002950,factura,C0249,2026-03-04,2026-04-03,532690,101211,633901,,no,
F-002951,factura,C0452,2026-03-04,2026-04-03,352710,67015,419725,,no,
F-002952,factura,C0917,2026-03-04,2026-04-03,691620,131408,823028,,no,
F-002953,factura,C0191,2026-03-04,2026-04-03,1306400,248216,1554616,,no,
F-002954,factura,C1110,2026-03-04,2026-04-03,1840870,349765,2190635,,no,
F-002955,factura,C0245,2026-03-04,2026-04-03,264340,50225,314565,,no,
F-002956,factura,C1064,2026-03-04,2026-04-03,1173450,222956,1396406,,no,
F-002957,factura,C0585,2026-03-04,2026-04-03,755070,143463,898533,,no,
F-002958,factura,C1028,2026-03-04,2026-04-03,1060710,201535,1262245,,no,
F-002959,factura,C1156,2026-03-04,2026-04-03,451950,85870,537820,,no,
F-002960,factura,C0501,2026-03-04,2026-04-03,418820,79576,498396,,no,
F-002961,factura,C0831,2026-03-04,2026-04-03,1028270,195371,1223641,,no,
F-002962,factura,C0249,2026-03-04,2026-04-03,1044000,198360,1242360,,no,Anulada por nota de crédito
F-002963,factura,C0964,2026-03-04,2026-04-03,1702140,323407,2025547,,no,
F-002964,factura,C0993,2026-03-04,2026-04-03,570150,108328,678478,,no,
F-002965,factura,C0319,2026-03-04,2026-04-03,446540,84843,531383,,no,
F-002966,factura,C0031,2026-03-04,2026-04-03,67980,12916,80896,,no,
F-002967,factura,C0507,2026-03-04,2026-04-03,134030,25466,159496,,no,
F-002968,factura,C0209,2026-03-04,2026-04-03,354840,67420,422260,,no,
F-002969,factura,C0993,2026-03-04,2026-04-03,201590,38302,239892,,no,
F-002970,factura,C0285,2026-03-04,2026-04-03,932970,177264,1110234,,no,
F-002971,factura,C1138,2026-03-04,2026-04-03,170550,32404,202954,,no,
F-002972,factura,C0960,2026-03-05,2026-04-04,397390,75504,472894,,no,
F-002973,factura,C0490,2026-03-05,2026-04-04,1270810,241454,1512264,,no,
F-002974,factura,C0428,2026-03-05,2026-04-19,276070,52453,328523,,no,
F-002975,factura,C0314,2026-03-05,2026-04-04,595780,113198,708978,,no,
F-002976,factura,C0418,2026-03-05,2026-04-04,264050,50170,314220,,no,
F-002977,factura,C0993,2026-03-05,2026-04-04,135900,25821,161721,,no,
F-002978,factura,C0838,2026-03-05,2026-04-04,537240,102076,639316,,no,
F-002979,factura,C0274,2026-03-05,2026-04-04,220810,41954,262764,,no,
F-002980,factura,C0843,2026-03-05,2026-04-04,601060,114201,715261,,no,
F-002981,factura,C0432,2026-03-05,2026-04-04,1480380,281272,1761652,,no,
F-002982,factura,C0420,2026-03-05,2026-04-04,653830,124228,778058,,no,
F-002983,factura,C0631,2026-03-05,2026-04-04,1371140,260517,1631657,,no,
F-002984,factura,C0878,2026-03-05,2026-04-04,834800,158612,993412,,no,
F-002985,factura,C0882,2026-03-05,2026-04-04,446540,84843,531383,,no,
F-002986,factura,C0917,2026-03-05,2026-04-04,130090,24717,154807,,no,
F-002987,factura,C0456,2026-03-05,2026-04-04,2228810,423474,2652284,,no,
F-002988,factura,C0822,2026-03-05,2026-04-04,262110,49801,311911,,no,
F-002989,factura,C0257,2026-03-05,2026-04-04,1833980,348456,2182436,,no,
F-002990,factura,C0572,2026-03-05,2026-04-04,932130,177105,1109235,,no,
F-002991,factura,C0683,2026-03-05,2026-04-04,277890,52799,330689,,no,
F-002992,factura,C0813,2026-03-05,2026-04-04,778700,147953,926653,,no,
F-002993,factura,C1096,2026-03-05,2026-04-04,3342100,634999,3977099,,no,
F-002994,factura,C0325,2026-03-05,2026-05-04,2072580,393790,2466370,,no,
F-002995,factura,C1035,2026-03-05,2026-04-04,402570,76488,479058,,no,
F-002996,factura,C0339,2026-03-05,2026-04-04,343240,65216,408456,,no,
F-002997,factura,C0652,2026-03-05,2026-04-04,657330,124893,782223,,no,
F-002998,factura,C1004,2026-03-05,2026-04-04,531450,100976,632426,,no,
F-002999,factura,C0857,2026-03-05,2026-04-04,1584170,300992,1885162,,no,
F-003000,factura,C1054,2026-03-05,2026-04-04,1096300,208297,1304597,,no,
F-003001,factura,C0593,2026-03-06,2026-05-05,2374160,451090,2825250,,no,
F-003002,factura,C0140,2026-03-06,2026-04-05,275880,52417,328297,,no,
F-003003,factura,C0376,2026-03-06,2026-05-05,341820,64946,406766,,no,
F-003004,factura,C0428,2026-03-06,2026-04-20,709700,134843,844543,,no,
F-003005,factura,C0841,2026-03-06,2026-05-05,832900,158251,991151,,no,
F-003006,factura,C0375,2026-03-06,2026-04-05,874270,166111,1040381,,no,
F-003007,factura,C0013,2026-03-06,2026-04-05,257780,48978,306758,,no,
F-003008,factura,C0127,2026-03-06,2026-04-05,331470,62979,394449,,no,
F-003009,factura,C0593,2026-03-06,2026-05-05,602800,114532,717332,,no,
F-003010,factura,C0227,2026-03-06,2026-04-20,1392750,264622,1657372,,no,
F-003011,factura,C0590,2026-03-06,2026-05-05,419220,79652,498872,,no,
F-003012,factura,C0677,2026-03-06,2026-04-05,498370,94690,593060,,no,
F-003013,factura,C1117,2026-03-06,2026-04-05,223280,42423,265703,,no,
F-003014,factura,C0772,2026-03-06,2026-04-05,2252430,427962,2680392,,no,
F-003015,factura,C0045,2026-03-06,2026-04-05,573980,109056,683036,,no,
F-003016,factura,C0437,2026-03-06,2026-04-05,1201570,228298,1429868,,no,
F-003017,factura,C0958,2026-03-06,2026-05-05,519620,98728,618348,,no,
F-003018,factura,C0283,2026-03-06,2026-04-05,543160,103200,646360,,no,
F-003019,factura,C1104,2026-03-06,2026-04-05,152770,29026,181796,,no,
F-003020,factura,C0632,2026-03-06,2026-05-05,90790,17250,108040,,no,
F-003021,factura,C0139,2026-03-06,2026-04-20,1381200,262428,1643628,,no,
F-003022,factura,C0265,2026-03-06,2026-04-05,540030,102606,642636,,no,
F-003023,factura,C1089,2026-03-06,2026-04-05,598440,113704,712144,,no,
F-003024,factura,C1196,2026-03-06,2026-05-05,186780,35488,222268,,no,
F-003025,factura,C1054,2026-03-06,2026-04-05,246340,46805,293145,,no,
F-003026,factura,C0354,2026-03-06,2026-04-05,1186810,225494,1412304,,no,
F-003027,factura,C0934,2026-03-06,2026-04-20,2041210,387830,2429040,,no,
F-003028,factura,C0249,2026-03-06,2026-04-05,308640,58642,367282,,no,Anulada por nota de crédito
F-003029,factura,C0447,2026-03-06,2026-04-05,868150,164948,1033098,,no,
F-003030,factura,C0832,2026-03-06,2026-04-05,590640,112222,702862,,no,
F-003031,factura,C1167,2026-03-06,2026-04-20,460710,87535,548245,,no,
F-003032,factura,C0516,2026-03-06,2026-04-05,2232220,424122,2656342,,no,
F-003033,factura,C0593,2026-03-06,2026-05-05,353050,67080,420130,,no,
NC-00079,nota_credito,C0586,2026-03-08,,-104390,-19834,-124224,F-002669,no,Devolución parcial de mercadería
F-003034,factura,C0958,2026-03-09,2026-05-08,285020,54154,339174,,no,
F-003035,factura,C0607,2026-03-09,2026-04-08,2242430,426062,2668492,,no,
F-003036,factura,C0218,2026-03-09,2026-04-08,609000,115710,724710,,no,
F-003037,factura,C0761,2026-03-09,2026-04-08,263630,50090,313720,,no,
F-003038,factura,C0958,2026-03-09,2026-05-08,401970,76374,478344,,no,
F-003039,factura,C0677,2026-03-09,2026-04-08,281020,53394,334414,,no,
F-003040,factura,C0418,2026-03-09,2026-04-08,382470,72669,455139,,no,
F-003041,factura,C1097,2026-03-09,2026-04-08,272770,51826,324596,,no,
F-003042,factura,C0770,2026-03-09,2026-04-08,617460,117317,734777,,no,
F-003043,factura,C0969,2026-03-09,2026-04-08,680310,129259,809569,,no,
F-003044,factura,C0301,2026-03-09,2026-05-08,224200,42598,266798,,no,
F-003045,factura,C0525,2026-03-09,2026-04-08,132020,25084,157104,,no,
F-003046,factura,C1094,2026-03-09,2026-04-08,638000,121220,759220,,no,
F-003047,factura,C0075,2026-03-09,2026-04-08,761360,144658,906018,,no,
F-003048,factura,C0473,2026-03-09,2026-04-08,892250,169528,1061778,,no,
F-003049,factura,C0946,2026-03-09,2026-04-08,773180,146904,920084,,no,
F-003050,factura,C0906,2026-03-09,2026-04-23,1750650,332624,2083274,,no,
F-003051,factura,C1042,2026-03-09,2026-04-08,1104590,209872,1314462,,no,
F-003052,factura,C0906,2026-03-09,2026-04-23,4244730,806499,5051229,,no,
F-003053,factura,C1141,2026-03-09,2026-04-08,5943710,1129305,7073015,,no,
F-003054,factura,C0593,2026-03-09,2026-05-08,121890,23159,145049,,no,
F-003055,factura,C0748,2026-03-09,2026-04-08,85790,16300,102090,,no,
NC-00080,nota_credito,C0140,2026-03-09,,-103130,-19595,-122725,F-002675,no,Devolución parcial de mercadería
F-003056,factura,C1098,2026-03-10,2026-04-09,271720,51627,323347,,no,
F-003057,factura,C1062,2026-03-10,2026-04-09,1178300,223877,1402177,,no,
F-003058,factura,C0871,2026-03-10,2026-04-09,250120,47523,297643,,no,
F-003059,factura,C1077,2026-03-10,2026-04-09,510900,97071,607971,,no,
F-003060,factura,C0141,2026-03-10,2026-04-09,282270,53631,335901,,no,
F-003061,factura,C0923,2026-03-10,2026-04-09,454800,86412,541212,,no,
F-003062,factura,C1167,2026-03-10,2026-04-24,2333000,443270,2776270,,no,
F-003063,factura,C0070,2026-03-10,2026-04-09,495030,94056,589086,,no,
F-003064,factura,C0249,2026-03-10,2026-04-09,2919630,554730,3474360,,no,Anulada por nota de crédito
F-003065,factura,C0958,2026-03-10,2026-05-09,396360,75308,471668,,no,
F-003066,factura,C0631,2026-03-10,2026-04-09,1780030,338206,2118236,,no,
F-003067,factura,C0134,2026-03-10,2026-04-09,147000,27930,174930,,no,
F-003068,factura,C0296,2026-03-10,2026-04-09,429130,81535,510665,,no,
F-003069,factura,C0360,2026-03-10,2026-04-09,351460,66777,418237,,no,
F-003070,factura,C0354,2026-03-10,2026-04-09,1846670,350867,2197537,,no,
F-003071,factura,C1068,2026-03-10,2026-04-09,625890,118919,744809,,no,
F-003072,factura,C0783,2026-03-10,2026-04-09,101550,19294,120844,,no,
F-003073,factura,C0896,2026-03-10,2026-04-09,189210,35950,225160,,no,
F-003074,factura,C0023,2026-03-10,2026-04-09,240050,45610,285660,,no,
F-003075,factura,C0507,2026-03-10,2026-04-09,1139350,216476,1355826,,no,
F-003076,factura,C0345,2026-03-10,2026-04-24,1027600,195244,1222844,,no,
F-003077,factura,C1042,2026-03-10,2026-04-09,424390,80634,505024,,no,
F-003078,factura,C1149,2026-03-10,2026-04-09,347990,66118,414108,,no,
F-003079,factura,C0502,2026-03-10,2026-04-09,957270,181881,1139151,,no,
F-003080,factura,C1167,2026-03-10,2026-04-24,218620,41538,260158,,no,
F-003081,factura,C0023,2026-03-10,2026-04-09,778300,147877,926177,,no,
F-003082,factura,C0363,2026-03-10,2026-04-09,727040,138138,865178,,no,
F-003083,factura,C0940,2026-03-10,2026-04-09,433240,82316,515556,,no,
F-003084,factura,C0403,2026-03-10,2026-04-09,741830,140948,882778,,no,
F-003085,factura,C1101,2026-03-10,2026-04-09,585610,111266,696876,,no,
F-003086,factura,C0249,2026-03-10,2026-04-09,803440,152654,956094,,no,Anulada por nota de crédito
F-003087,factura,C0960,2026-03-10,2026-04-09,185620,35268,220888,,no,
F-003088,factura,C0245,2026-03-10,2026-04-09,882340,167645,1049985,,no,
F-003089,factura,C0233,2026-03-10,2026-04-09,1226910,233113,1460023,,no,
F-003090,factura,C1034,2026-03-11,2026-04-10,225470,42839,268309,,no,
F-003091,factura,C0754,2026-03-11,2026-05-10,593710,112805,706515,,no,
F-003092,factura,C0643,2026-03-11,2026-04-25,548170,104152,652322,,no,
F-003093,factura,C1097,2026-03-11,2026-04-10,321120,61013,382133,,no,
F-003094,factura,C0965,2026-03-11,2026-04-10,792520,150579,943099,,no,
F-003095,factura,C1077,2026-03-11,2026-04-10,1773080,336885,2109965,,no,
F-003096,factura,C1196,2026-03-11,2026-05-10,1686440,320424,2006864,,no,
F-003097,factura,C0471,2026-03-11,2026-04-10,1108890,210689,1319579,,no,
F-003098,factura,C0849,2026-03-11,2026-04-10,160040,30408,190448,,no,
F-003099,factura,C0818,2026-03-11,2026-04-10,213450,40556,254006,,no,
F-003100,factura,C0216,2026-03-11,2026-04-10,709890,134879,844769,,no,
F-003101,factura,C0756,2026-03-11,2026-04-10,604740,114901,719641,,no,
F-003102,factura,C0507,2026-03-11,2026-04-10,417260,79279,496539,,no,
F-003103,factura,C0530,2026-03-11,2026-04-10,2853890,542239,3396129,,no,
F-003104,factura,C0226,2026-03-11,2026-04-10,676460,128527,804987,,no,
F-003105,factura,C0906,2026-03-11,2026-04-25,959210,182250,1141460,,no,
F-003106,factura,C0832,2026-03-11,2026-04-10,1369900,260281,1630181,,no,
F-003107,factura,C0632,2026-03-11,2026-05-10,649460,123397,772857,,no,
F-003108,factura,C0191,2026-03-11,2026-04-10,4939550,938514,5878064,,no,
F-003109,factura,C0655,2026-03-11,2026-04-10,292910,55653,348563,,no,
F-003110,factura,C0140,2026-03-11,2026-04-10,382730,72719,455449,,no,
F-003111,factura,C0376,2026-03-11,2026-05-10,292340,55545,347885,,no,
F-003112,factura,C0426,2026-03-11,2026-04-10,2169620,412228,2581848,,no,
F-003113,factura,C1078,2026-03-11,2026-05-10,1180680,224329,1405009,,no,
F-003114,factura,C0490,2026-03-11,2026-04-10,402160,76410,478570,,no,
F-003115,factura,C0718,2026-03-11,2026-04-10,311400,59166,370566,,no,
F-003116,factura,C1064,2026-03-11,2026-04-10,1882000,357580,2239580,,no,
F-003117,factura,C0545,2026-03-12,2026-04-11,593330,112733,706063,,no,
F-003118,factura,C0755,2026-03-12,2026-04-11,1649200,313348,1962548,,no,
F-003119,factura,C0344,2026-03-12,2026-04-11,3205540,609053,3814593,,no,
F-003120,factura,C0222,2026-03-12,2026-04-11,922800,175332,1098132,,no,
F-003121,factura,C1167,2026-03-12,2026-04-26,366850,69702,436552,,no,
F-003122,factura,C0228,2026-03-12,2026-05-11,1074520,204159,1278679,,no,
F-003123,factura,C0253,2026-03-12,2026-04-26,645290,122605,767895,,no,
F-003124,factura,C0746,2026-03-12,2026-04-11,528560,100426,628986,,no,
F-003125,factura,C0123,2026-03-12,2026-04-11,321490,61083,382573,,no,
F-003126,factura,C0048,2026-03-12,2026-04-11,441810,83944,525754,,no,
F-003127,factura,C0102,2026-03-12,2026-04-11,555580,105560,661140,,no,
F-003128,factura,C0156,2026-03-12,2026-04-11,1218690,231551,1450241,,no,
F-003129,factura,C0507,2026-03-12,2026-04-11,963980,183156,1147136,,no,
F-003130,factura,C1006,2026-03-12,2026-04-11,2759250,524258,3283508,,no,
F-003131,factura,C0376,2026-03-12,2026-05-11,1098530,208721,1307251,,no,
F-003132,factura,C0507,2026-03-12,2026-04-11,899370,170880,1070250,,no,
F-003133,factura,C0722,2026-03-12,2026-04-11,501330,95253,596583,,no,
F-003134,factura,C0325,2026-03-12,2026-05-11,279300,53067,332367,,no,
F-003135,factura,C0507,2026-03-12,2026-04-11,405990,77138,483128,,no,
F-003136,factura,C0449,2026-03-12,2026-04-11,365910,69523,435433,,no,
F-003137,factura,C0376,2026-03-12,2026-05-11,82560,15686,98246,,no,
F-003138,factura,C0450,2026-03-12,2026-04-11,285820,54306,340126,,no,
F-003139,factura,C0019,2026-03-12,2026-04-11,2307730,438469,2746199,,no,
F-003140,factura,C1078,2026-03-12,2026-05-11,860170,163432,1023602,,no,
F-003141,factura,C1180,2026-03-12,2026-04-11,473920,90045,563965,,no,
F-003142,factura,C1054,2026-03-12,2026-04-11,880980,167386,1048366,,no,
F-003143,factura,C0011,2026-03-12,2026-04-11,134230,25504,159734,,no,
F-007017,factura,C0249,2026-03-12,2026-04-11,489130,92935,582065,F-001975,no,Reemplaza a F-001975
NC-00054,nota_credito,C0249,2026-03-12,,-521240,-99036,-620276,F-001975,no,Anula factura por error en precio / orden de compra
F-003144,factura,C0637,2026-03-13,2026-04-12,360710,68535,429245,,no,
F-003145,factura,C0477,2026-03-13,2026-04-12,1125970,213934,1339904,,no,
F-003146,factura,C0376,2026-03-13,2026-05-12,869010,165112,1034122,,no,
F-003147,factura,C0076,2026-03-13,2026-04-12,436170,82872,519042,,no,
F-003148,factura,C0805,2026-03-13,2026-04-12,1256480,238731,1495211,,no,
F-003149,factura,C0501,2026-03-13,2026-04-12,619930,117787,737717,,no,
F-003150,factura,C0521,2026-03-13,2026-04-12,281000,53390,334390,,no,
F-003151,factura,C1078,2026-03-13,2026-05-12,808920,153695,962615,,no,
F-003152,factura,C0899,2026-03-13,2026-04-12,738050,140230,878280,,no,
F-003153,factura,C0249,2026-03-13,2026-04-12,1316520,250139,1566659,,no,Anulada por nota de crédito
F-003154,factura,C0772,2026-03-13,2026-04-12,1187550,225634,1413184,,no,
F-003155,factura,C0167,2026-03-13,2026-04-12,559490,106303,665793,,no,
F-003156,factura,C0228,2026-03-13,2026-05-12,418530,79521,498051,,no,
F-003157,factura,C0843,2026-03-13,2026-04-12,611440,116174,727614,,no,
F-003158,factura,C0163,2026-03-13,2026-04-27,816530,155141,971671,,no,
F-003159,factura,C0310,2026-03-13,2026-04-27,899120,170833,1069953,,no,
F-003160,factura,C1078,2026-03-13,2026-05-12,777080,147645,924725,,no,
F-003161,factura,C0901,2026-03-13,2026-04-12,567820,107886,675706,,no,
F-003162,factura,C1110,2026-03-13,2026-04-12,1355420,257530,1612950,,no,
F-003163,factura,C1077,2026-03-13,2026-04-12,356010,67642,423652,,no,
F-003164,factura,C0340,2026-03-13,2026-04-12,4437900,843201,5281101,,no,
F-003165,factura,C0755,2026-03-13,2026-04-12,1124250,213608,1337858,,no,
F-003166,factura,C0430,2026-03-13,2026-04-12,247750,47072,294822,,no,
F-003167,factura,C0832,2026-03-13,2026-04-12,708110,134541,842651,,no,
F-003168,factura,C0382,2026-03-13,2026-04-12,1132930,215257,1348187,,no,
F-003169,factura,C0003,2026-03-13,2026-04-12,461700,87723,549423,,no,
F-003170,factura,C0139,2026-03-13,2026-04-27,184620,35078,219698,,no,
F-003171,factura,C0935,2026-03-13,2026-04-12,265910,50523,316433,,no,
F-003172,factura,C0127,2026-03-13,2026-04-12,942080,178995,1121075,,no,
F-003173,factura,C0721,2026-03-13,2026-04-12,150010,28502,178512,,no,
F-003174,factura,C1054,2026-03-13,2026-04-12,191510,36387,227897,,no,
F-003175,factura,C0906,2026-03-13,2026-04-27,938120,178243,1116363,,no,
NC-00087,nota_credito,C0245,2026-03-14,,-257350,-48896,-306246,F-003088,no,Devolución parcial de mercadería
F-003176,factura,C0958,2026-03-16,2026-05-15,1120560,212906,1333466,,no,
F-003177,factura,C1096,2026-03-16,2026-04-15,396980,75426,472406,,no,
F-003178,factura,C0125,2026-03-16,2026-04-15,650060,123511,773571,,no,
F-003179,factura,C0677,2026-03-16,2026-04-15,399120,75833,474953,,no,
F-003180,factura,C0915,2026-03-16,2026-04-15,273530,51971,325501,,no,
F-003181,factura,C0249,2026-03-16,2026-04-15,157280,29883,187163,,no,
F-003182,factura,C0291,2026-03-16,2026-04-15,236010,44842,280852,,no,
F-003183,factura,C0293,2026-03-16,2026-04-15,1918020,364424,2282444,,no,
F-003184,factura,C0677,2026-03-16,2026-04-15,384720,73097,457817,,no,
F-003185,factura,C0418,2026-03-16,2026-04-15,1299760,246954,1546714,,no,
F-003186,factura,C0783,2026-03-16,2026-04-15,1821360,346058,2167418,,no,
F-003187,factura,C0736,2026-03-16,2026-04-15,858580,163130,1021710,,no,
F-003188,factura,C0772,2026-03-16,2026-04-15,667250,126778,794028,,no,
F-003189,factura,C0274,2026-03-16,2026-04-15,942410,179058,1121468,,no,
F-003190,factura,C0934,2026-03-16,2026-04-30,607120,115353,722473,,no,
F-003191,factura,C0783,2026-03-16,2026-04-15,2219740,421751,2641491,,no,
F-003192,factura,C0163,2026-03-16,2026-04-30,3801860,722353,4524213,,no,
F-003193,factura,C0239,2026-03-16,2026-04-15,2702330,513443,3215773,,no,
F-003194,factura,C0324,2026-03-16,2026-04-15,151530,28791,180321,,no,
F-003195,factura,C1121,2026-03-16,2026-04-15,597290,113485,710775,,no,
F-003196,factura,C0363,2026-03-16,2026-04-15,850090,161517,1011607,,no,
F-003197,factura,C0031,2026-03-16,2026-04-15,1227170,233162,1460332,,no,
F-003198,factura,C0181,2026-03-16,2026-04-15,212760,40424,253184,,no,
F-003199,factura,C0047,2026-03-16,2026-04-15,210030,39906,249936,,no,
F-003200,factura,C0469,2026-03-16,2026-04-15,2410170,457932,2868102,,no,
F-003201,factura,C0961,2026-03-16,2026-04-30,541710,102925,644635,,no,
F-003202,factura,C0530,2026-03-16,2026-04-15,257780,48978,306758,,no,
F-003203,factura,C0653,2026-03-17,2026-05-16,436140,82867,519007,,no,
F-003204,factura,C0732,2026-03-17,2026-04-16,605480,115041,720521,,no,
F-003205,factura,C0738,2026-03-17,2026-04-16,450700,85633,536333,,no,
F-003206,factura,C0060,2026-03-17,2026-04-16,2374380,451132,2825512,,no,
F-003207,factura,C0138,2026-03-17,2026-04-16,902870,171545,1074415,,no,
F-003208,factura,C0747,2026-03-17,2026-05-16,709160,134740,843900,,no,
F-003209,factura,C0344,2026-03-17,2026-04-16,332360,63148,395508,,no,
F-003210,factura,C0325,2026-03-17,2026-05-16,1265960,240532,1506492,,no,
F-003211,factura,C0228,2026-03-17,2026-05-16,429710,81645,511355,,no,
F-003212,factura,C0964,2026-03-17,2026-04-16,415800,79002,494802,,no,
F-003213,factura,C1167,2026-03-17,2026-05-01,1300480,247091,1547571,,no,
F-003214,factura,C0754,2026-03-17,2026-05-16,955520,181549,1137069,,no,
F-003215,factura,C1141,2026-03-17,2026-04-16,94600,17974,112574,,no,
F-003216,factura,C1078,2026-03-17,2026-05-16,617810,117384,735194,,no,
F-003217,factura,C0249,2026-03-17,2026-04-16,774960,147242,922202,,no,
F-003218,factura,C0190,2026-03-17,2026-05-16,534170,101492,635662,,no,
F-003219,factura,C0248,2026-03-17,2026-05-16,796870,151405,948275,,no,
F-003220,factura,C0140,2026-03-17,2026-04-16,164790,31310,196100,,no,
F-003221,factura,C0683,2026-03-17,2026-04-16,72790,13830,86620,,no,
F-003222,factura,C0310,2026-03-17,2026-05-01,321190,61026,382216,,no,
F-003223,factura,C1097,2026-03-17,2026-04-16,878480,166911,1045391,,no,
F-003224,factura,C0741,2026-03-17,2026-04-16,53110,10091,63201,,no,
F-003225,factura,C0403,2026-03-17,2026-04-16,356940,67819,424759,,no,
F-003226,factura,C1194,2026-03-17,2026-04-16,150530,28601,179131,,no,
F-003227,factura,C1149,2026-03-17,2026-04-16,577260,109679,686939,,no,
F-003228,factura,C0944,2026-03-17,2026-04-16,3356710,637775,3994485,,no,
F-003229,factura,C0958,2026-03-17,2026-05-16,589140,111937,701077,,no,
F-003230,factura,C1180,2026-03-17,2026-04-16,643160,122200,765360,,no,
F-003231,factura,C0722,2026-03-17,2026-04-16,1371670,260617,1632287,,no,
F-003232,factura,C1076,2026-03-17,2026-04-16,712970,135464,848434,,no,
F-003233,factura,C0102,2026-03-17,2026-04-16,590170,112132,702302,,no,
F-003234,factura,C0653,2026-03-17,2026-05-16,1471030,279496,1750526,,no,
F-003235,factura,C0603,2026-03-17,2026-04-16,1022400,194256,1216656,,no,
F-003236,factura,C0054,2026-03-17,2026-04-16,882980,167766,1050746,,no,
F-003237,factura,C1188,2026-03-18,2026-04-17,1012520,192379,1204899,,no,
F-003238,factura,C0357,2026-03-18,2026-04-17,1097810,208584,1306394,,no,
F-003239,factura,C0264,2026-03-18,2026-04-17,1498720,284757,1783477,,no,
F-003240,factura,C0249,2026-03-18,2026-04-17,1072670,203807,1276477,,no,
F-003241,factura,C0586,2026-03-18,2026-05-02,581010,110392,691402,,no,
F-003242,factura,C0249,2026-03-18,2026-04-17,3242180,616014,3858194,,no,
F-003243,factura,C0770,2026-03-18,2026-04-17,2490820,473256,2964076,,no,
F-003244,factura,C0119,2026-03-18,2026-04-17,646610,122856,769466,,no,
F-003245,factura,C0140,2026-03-18,2026-04-17,1556990,295828,1852818,,no,
F-003246,factura,C0308,2026-03-18,2026-04-17,1629150,309538,1938688,,no,
F-003247,factura,C0942,2026-03-18,2026-04-17,2183740,414911,2598651,,no,
F-003248,factura,C0358,2026-03-18,2026-04-17,794490,150953,945443,,no,
F-003249,factura,C0561,2026-03-18,2026-04-17,639090,121427,760517,,no,
F-003250,factura,C0772,2026-03-18,2026-04-17,2861270,543641,3404911,,no,
F-003251,factura,C0958,2026-03-18,2026-05-17,553390,105144,658534,,no,
F-003252,factura,C0326,2026-03-18,2026-04-17,1567300,297787,1865087,,no,
F-003253,factura,C0880,2026-03-18,2026-04-17,1454440,276344,1730784,,no,
F-003254,factura,C0311,2026-03-18,2026-04-17,1710620,325018,2035638,,no,
F-003255,factura,C0763,2026-03-18,2026-04-17,2310950,439080,2750030,,no,
F-007016,factura,C0249,2026-03-18,2026-04-17,254460,48347,302807,F-001928,no,Reemplaza a F-001928
NC-00052,nota_credito,C0249,2026-03-18,,-268660,-51045,-319705,F-001928,no,Anula factura por error en precio / orden de compra
NC-00088,nota_credito,C0376,2026-03-18,,-317080,-60245,-377325,F-003146,no,Devolución parcial de mercadería
F-003256,factura,C0182,2026-03-19,2026-04-18,2221360,422058,2643418,,no,
F-003257,factura,C0737,2026-03-19,2026-04-18,552530,104981,657511,,no,
F-003258,factura,C0632,2026-03-19,2026-05-18,487940,92709,580649,,no,
F-003259,factura,C1191,2026-03-19,2026-04-18,565540,107453,672993,,no,
F-003260,factura,C0914,2026-03-19,2026-04-18,935850,177812,1113662,,no,
F-003261,factura,C1195,2026-03-19,2026-04-18,284520,54059,338579,,no,
F-003262,factura,C0227,2026-03-19,2026-05-03,915670,173977,1089647,,no,
F-003263,factura,C0926,2026-03-19,2026-05-18,798350,151686,950036,,no,
F-003264,factura,C0651,2026-03-19,2026-04-18,155550,29554,185104,,no,
F-003265,factura,C0843,2026-03-19,2026-04-18,2733380,519342,3252722,,no,
F-003266,factura,C0554,2026-03-19,2026-04-18,2093390,397744,2491134,,no,
F-003267,factura,C0248,2026-03-19,2026-05-18,342900,65151,408051,,no,
F-003268,factura,C0066,2026-03-19,2026-04-18,265060,50361,315421,,no,
F-003269,factura,C1021,2026-03-19,2026-04-18,780810,148354,929164,,no,
F-003270,factura,C0992,2026-03-19,2026-04-18,207930,39507,247437,,no,
F-003271,factura,C0194,2026-03-19,2026-04-18,1937810,368184,2305994,,no,
F-003272,factura,C0763,2026-03-19,2026-04-18,447250,84978,532228,,no,
F-003273,factura,C0901,2026-03-19,2026-04-18,2381140,452417,2833557,,no,
F-003274,factura,C0345,2026-03-19,2026-05-03,594740,113001,707741,,no,
F-003275,factura,C1077,2026-03-19,2026-04-18,1793020,340674,2133694,,no,
F-003276,factura,C0761,2026-03-19,2026-04-18,502350,95446,597796,,no,
F-003277,factura,C0853,2026-03-19,2026-04-18,808810,153674,962484,,no,
F-003278,factura,C0771,2026-03-19,2026-05-03,1559340,296275,1855615,,no,
F-003279,factura,C0855,2026-03-19,2026-04-18,416990,79228,496218,,no,
F-003280,factura,C0184,2026-03-19,2026-04-18,237100,45049,282149,,no,
F-003281,factura,C1102,2026-03-19,2026-04-18,202540,38483,241023,,no,
NC-00091,nota_credito,C0783,2026-03-19,,-470760,-89444,-560204,F-003191,no,Devolución parcial de mercadería
F-003282,factura,C0549,2026-03-20,2026-04-19,528750,100462,629212,,no,
F-003283,factura,C1149,2026-03-20,2026-04-19,754610,143376,897986,,no,
F-003284,factura,C0138,2026-03-20,2026-04-19,287230,54574,341804,,no,
F-003285,factura,C0677,2026-03-20,2026-04-19,2777590,527742,3305332,,no,
F-003286,factura,C0853,2026-03-20,2026-04-19,1109210,210750,1319960,,no,
F-003287,factura,C0163,2026-03-20,2026-05-04,140240,26646,166886,,no,
F-003288,factura,C0756,2026-03-20,2026-04-19,142560,27086,169646,,no,
F-003289,factura,C1054,2026-03-20,2026-04-19,267830,50888,318718,,no,
F-003290,factura,C0958,2026-03-20,2026-05-19,2071700,393623,2465323,,no,
F-003291,factura,C1120,2026-03-20,2026-04-19,1200290,228055,1428345,,no,
F-003292,factura,C0853,2026-03-20,2026-04-19,2157160,409860,2567020,,no,
F-003293,factura,C0461,2026-03-20,2026-04-19,593330,112733,706063,,no,
F-003294,factura,C1101,2026-03-20,2026-04-19,497690,94561,592251,,no,
F-003295,factura,C0249,2026-03-20,2026-04-19,216930,41217,258147,,no,Anulada por nota de crédito
F-003296,factura,C0683,2026-03-20,2026-04-19,778470,147909,926379,,no,
F-003297,factura,C0931,2026-03-20,2026-04-19,503030,95576,598606,,no,
F-003298,factura,C1062,2026-03-20,2026-04-19,487770,92676,580446,,no,
F-003299,factura,C1099,2026-03-20,2026-04-19,2147410,408008,2555418,,no,
F-003300,factura,C0130,2026-03-20,2026-04-19,531920,101065,632985,,no,
F-003301,factura,C0866,2026-03-20,2026-04-19,1706780,324288,2031068,,no,
F-003302,factura,C0245,2026-03-20,2026-04-19,165190,31386,196576,,no,
F-003303,factura,C0944,2026-03-20,2026-04-19,5054670,960387,6015057,,no,
F-003304,factura,C0835,2026-03-20,2026-04-19,436580,82950,519530,,no,
F-003305,factura,C0227,2026-03-20,2026-05-04,1036210,196880,1233090,,no,
F-007019,factura,C0249,2026-03-20,2026-04-19,1409840,267870,1677710,F-002426,no,Reemplaza a F-002426
NC-00072,nota_credito,C0249,2026-03-20,,-1460120,-277423,-1737543,F-002426,no,Anula factura por error en precio / orden de compra
NC-00092,nota_credito,C0163,2026-03-20,,-1251580,-237800,-1489380,F-003192,no,Devolución parcial de mercadería
NC-00085,nota_credito,C0958,2026-03-22,,-131760,-25034,-156794,F-003065,no,Devolución parcial de mercadería
F-003306,factura,C0798,2026-03-23,2026-04-22,605700,115083,720783,,no,
F-003307,factura,C0301,2026-03-23,2026-05-22,847130,160955,1008085,,no,
F-003308,factura,C0909,2026-03-23,2026-04-22,366040,69548,435588,,no,
F-003309,factura,C0606,2026-03-23,2026-04-22,305660,58075,363735,,no,
F-003310,factura,C0382,2026-03-23,2026-04-22,442590,84092,526682,,no,
F-003311,factura,C0957,2026-03-23,2026-04-22,900630,171120,1071750,,no,
F-003312,factura,C0742,2026-03-23,2026-04-22,315330,59913,375243,,no,
F-003313,factura,C0608,2026-03-23,2026-04-22,200010,38002,238012,,no,
F-003314,factura,C0939,2026-03-23,2026-04-22,1180820,224356,1405176,,no,
F-003315,factura,C0646,2026-03-23,2026-04-22,647380,123002,770382,,no,
F-003316,factura,C1127,2026-03-23,2026-05-22,1053410,200148,1253558,,no,
F-003317,factura,C0993,2026-03-23,2026-04-22,863480,164061,1027541,,no,
F-003318,factura,C0401,2026-03-23,2026-04-22,2690310,511159,3201469,,no,
F-003319,factura,C0554,2026-03-23,2026-04-22,1147660,218055,1365715,,no,
F-003320,factura,C1155,2026-03-23,2026-04-22,263550,50074,313624,,no,
F-003321,factura,C1078,2026-03-23,2026-05-22,685200,130188,815388,,no,
F-003322,factura,C0227,2026-03-23,2026-05-07,301120,57213,358333,,no,
F-003323,factura,C0302,2026-03-23,2026-04-22,327080,62145,389225,,no,
F-003324,factura,C0417,2026-03-23,2026-04-22,151940,28869,180809,,no,
F-003325,factura,C1075,2026-03-23,2026-04-22,374130,71085,445215,,no,
F-003326,factura,C1109,2026-03-23,2026-04-22,727440,138214,865654,,no,
F-003327,factura,C0969,2026-03-23,2026-04-22,446160,84770,530930,,no,
F-003328,factura,C0303,2026-03-23,2026-04-22,195200,37088,232288,,no,
F-003329,factura,C1078,2026-03-23,2026-05-22,139080,26425,165505,,no,
F-003330,factura,C0047,2026-03-23,2026-04-22,2547780,484078,3031858,,no,
F-003331,factura,C0501,2026-03-23,2026-04-22,610100,115919,726019,,no,
F-003332,factura,C0428,2026-03-23,2026-05-07,243290,46225,289515,,no,
F-003333,factura,C0640,2026-03-23,2026-04-22,680570,129308,809878,,no,
F-003334,factura,C0659,2026-03-23,2026-04-22,2710390,514974,3225364,,no,
F-003335,factura,C0249,2026-03-23,2026-04-22,772680,146809,919489,,no,
F-003336,factura,C0245,2026-03-23,2026-04-22,50590,9612,60202,,no,
F-003337,factura,C0969,2026-03-23,2026-04-22,3925830,745908,4671738,,no,
F-003338,factura,C0119,2026-03-23,2026-04-22,107140,20357,127497,,no,
F-003339,factura,C0590,2026-03-23,2026-05-22,398890,75789,474679,,no,
F-007010,factura,C0249,2026-03-23,2026-04-22,1270530,241401,1511931,F-001478,no,Reemplaza a F-001478
NC-00042,nota_credito,C0249,2026-03-23,,-1479340,-281075,-1760415,F-001478,no,Anula factura por error en precio / orden de compra
F-003340,factura,C0149,2026-03-24,2026-04-23,1113240,211516,1324756,,no,
F-003341,factura,C0993,2026-03-24,2026-04-23,625070,118763,743833,,no,
F-003342,factura,C0722,2026-03-24,2026-04-23,816540,155143,971683,,no,
F-003343,factura,C0089,2026-03-24,2026-04-23,457900,87001,544901,,no,
F-003344,factura,C0799,2026-03-24,2026-04-23,2311050,439100,2750150,,no,
F-003345,factura,C0310,2026-03-24,2026-05-08,1713040,325478,2038518,,no,
F-003346,factura,C0109,2026-03-24,2026-04-23,1146990,217928,1364918,,no,
F-003347,factura,C0731,2026-03-24,2026-04-23,958500,182115,1140615,,no,
F-003348,factura,C0882,2026-03-24,2026-04-23,575400,109326,684726,,no,
F-003349,factura,C0625,2026-03-24,2026-04-23,180460,34287,214747,,no,
F-003350,factura,C0011,2026-03-24,2026-04-23,320300,60857,381157,,no,
F-003351,factura,C0677,2026-03-24,2026-04-23,547560,104036,651596,,no,
F-003352,factura,C0011,2026-03-24,2026-04-23,485520,92249,577769,,no,
F-003353,factura,C1106,2026-03-24,2026-04-23,1250230,237544,1487774,,no,
F-003354,factura,C0293,2026-03-24,2026-04-23,1898440,360704,2259144,,no,
F-003355,factura,C1060,2026-03-24,2026-04-23,895020,170054,1065074,,no,
F-003356,factura,C0020,2026-03-24,2026-04-23,3061710,581725,3643435,,no,
F-003357,factura,C0140,2026-03-24,2026-04-23,530210,100740,630950,,no,
F-003358,factura,C0530,2026-03-24,2026-04-23,889950,169090,1059040,,no,
F-003359,factura,C0926,2026-03-24,2026-05-23,952230,180924,1133154,,no,
F-003360,factura,C1131,2026-03-24,2026-04-23,2376400,451516,2827916,,no,
F-003361,factura,C0631,2026-03-24,2026-04-23,1079550,205114,1284664,,no,
F-003362,factura,C0395,2026-03-24,2026-04-23,1103730,209709,1313439,,no,
F-003363,factura,C0906,2026-03-25,2026-05-09,2199950,417990,2617940,,no,
F-003364,factura,C0811,2026-03-25,2026-04-24,638210,121260,759470,,no,
F-003365,factura,C0305,2026-03-25,2026-04-24,2638210,501260,3139470,,no,
F-003366,factura,C1050,2026-03-25,2026-04-24,871380,165562,1036942,,no,
F-003367,factura,C0738,2026-03-25,2026-04-24,1740290,330655,2070945,,no,
F-003368,factura,C0741,2026-03-25,2026-04-24,470800,89452,560252,,no,
F-003369,factura,C0248,2026-03-25,2026-05-24,733540,139373,872913,,no,
F-003370,factura,C0266,2026-03-25,2026-04-24,1474970,280244,1755214,,no,
F-003371,factura,C0566,2026-03-25,2026-04-24,1147620,218048,1365668,,no,
F-003372,factura,C0256,2026-03-25,2026-04-24,850880,161667,1012547,,no,
F-003373,factura,C0818,2026-03-25,2026-04-24,428000,81320,509320,,no,
F-003374,factura,C0332,2026-03-25,2026-04-24,490030,93106,583136,,no,
F-003375,factura,C0190,2026-03-25,2026-05-24,1382450,262666,1645116,,no,
F-003376,factura,C0189,2026-03-25,2026-04-24,1633060,310281,1943341,,no,
F-003377,factura,C0163,2026-03-25,2026-05-09,346260,65789,412049,,no,
F-003378,factura,C0516,2026-03-25,2026-04-24,306880,58307,365187,,no,
F-003379,factura,C0004,2026-03-25,2026-04-24,269930,51287,321217,,no,
F-003380,factura,C0643,2026-03-25,2026-05-09,1080570,205308,1285878,,no,
F-003381,factura,C0323,2026-03-25,2026-04-24,264520,50259,314779,,no,
F-003382,factura,C0653,2026-03-25,2026-05-24,1070160,203330,1273490,,no,
F-003383,factura,C1121,2026-03-25,2026-04-24,860950,163580,1024530,,no,
F-003384,factura,C1057,2026-03-25,2026-04-24,359750,68352,428102,,no,
F-003385,factura,C0677,2026-03-25,2026-04-24,1944120,369383,2313503,,no,
F-003386,factura,C0494,2026-03-25,2026-04-24,172720,32817,205537,,no,
F-003387,factura,C0832,2026-03-25,2026-04-24,2098770,398766,2497536,,no,
F-003388,factura,C1102,2026-03-25,2026-04-24,718090,136437,854527,,no,
F-007015,factura,C0249,2026-03-25,2026-04-24,1482640,281702,1764342,F-001889,no,Anulada por nota de crédito
NC-00051,nota_credito,C0249,2026-03-25,,-1562400,-296856,-1859256,F-001889,no,Anula factura por error en precio / orden de compra
NC-00093,nota_credito,C0561,2026-03-25,,-89490,-17003,-106493,F-003249,no,Devolución parcial de mercadería
F-003389,factura,C0761,2026-03-26,2026-04-25,409920,77885,487805,,no,
F-003390,factura,C0281,2026-03-26,2026-04-25,500650,95124,595774,,no,
F-003391,factura,C0477,2026-03-26,2026-04-25,427530,81231,508761,,no,
F-003392,factura,C0741,2026-03-26,2026-04-25,323230,61414,384644,,no,
F-003393,factura,C0469,2026-03-26,2026-04-25,1174970,223244,1398214,,no,
F-003394,factura,C0045,2026-03-26,2026-04-25,670820,127456,798276,,no,
F-003395,factura,C0249,2026-03-26,2026-04-25,917430,174312,1091742,,no,Anulada por nota de crédito
F-003396,factura,C0941,2026-03-26,2026-04-25,747280,141983,889263,,no,
F-003397,factura,C0274,2026-03-26,2026-04-25,953450,181156,1134606,,no,
F-003398,factura,C0993,2026-03-26,2026-04-25,1656490,314733,1971223,,no,
F-003399,factura,C0554,2026-03-26,2026-04-25,1352580,256990,1609570,,no,
F-003400,factura,C0565,2026-03-26,2026-04-25,2995220,569092,3564312,,no,
F-003401,factura,C0934,2026-03-26,2026-05-10,1234970,234644,1469614,,no,
F-003402,factura,C0443,2026-03-26,2026-04-25,272970,51864,324834,,no,
F-003403,factura,C0257,2026-03-26,2026-04-25,918540,174523,1093063,,no,
F-003404,factura,C0140,2026-03-26,2026-04-25,823270,156421,979691,,no,
F-003405,factura,C0796,2026-03-26,2026-04-25,2167150,411758,2578908,,no,
F-003406,factura,C0555,2026-03-26,2026-04-25,215120,40873,255993,,no,
F-003407,factura,C0980,2026-03-26,2026-04-25,728720,138457,867177,,no,
F-003408,factura,C0538,2026-03-26,2026-04-25,270450,51386,321836,,no,
F-003409,factura,C0323,2026-03-26,2026-04-25,392730,74619,467349,,no,
F-003410,factura,C0234,2026-03-26,2026-04-25,684380,130032,814412,,no,
F-003411,factura,C1007,2026-03-26,2026-04-25,150910,28673,179583,,no,
F-003412,factura,C0140,2026-03-26,2026-04-25,879640,167132,1046772,,no,
F-003413,factura,C1080,2026-03-26,2026-04-25,549920,104485,654405,,no,
F-003414,factura,C0035,2026-03-26,2026-04-25,526730,100079,626809,,no,
F-003415,factura,C0632,2026-03-26,2026-05-25,2219670,421737,2641407,,no,
F-007008,factura,C0249,2026-03-26,2026-04-25,574270,109111,683381,F-001291,no,Reemplaza a F-001291
NC-00037,nota_credito,C0249,2026-03-26,,-646460,-122827,-769287,F-001291,no,Anula factura por error en precio / orden de compra
NC-00090,nota_credito,C1078,2026-03-26,,-272700,-51813,-324513,F-003160,no,Devolución parcial de mercadería
F-003416,factura,C0874,2026-03-27,2026-04-26,1668810,317074,1985884,,no,
F-003417,factura,C0389,2026-03-27,2026-04-26,374450,71146,445596,,no,
F-003418,factura,C0961,2026-03-27,2026-05-11,500780,95148,595928,,no,
F-003419,factura,C1158,2026-03-27,2026-04-26,476490,90533,567023,,no,
F-003420,factura,C0906,2026-03-27,2026-05-11,643900,122341,766241,,no,
F-003421,factura,C0843,2026-03-27,2026-04-26,3141610,596906,3738516,,no,
F-003422,factura,C0507,2026-03-27,2026-04-26,3571130,678515,4249645,,no,
F-003423,factura,C1031,2026-03-27,2026-04-26,1459720,277347,1737067,,no,
F-003424,factura,C0138,2026-03-27,2026-04-26,821990,156178,978168,,no,
F-003425,factura,C0915,2026-03-27,2026-04-26,251490,47783,299273,,no,
F-003426,factura,C0411,2026-03-27,2026-04-26,891340,169355,1060695,,no,
F-003427,factura,C0675,2026-03-27,2026-04-26,397310,75489,472799,,no,
F-003428,factura,C1078,2026-03-27,2026-05-26,2754900,523431,3278331,,no,
F-003429,factura,C0726,2026-03-27,2026-04-26,206820,39296,246116,,no,
F-003430,factura,C0032,2026-03-27,2026-04-26,1016690,193171,1209861,,no,
F-003431,factura,C0857,2026-03-27,2026-04-26,371420,70570,441990,,no,
F-003432,factura,C1109,2026-03-27,2026-04-26,741820,140946,882766,,no,
F-003433,factura,C0761,2026-03-27,2026-04-26,1273560,241976,1515536,,no,
F-003434,factura,C1054,2026-03-27,2026-04-26,1693060,321681,2014741,,no,
F-003435,factura,C0999,2026-03-27,2026-04-26,712060,135291,847351,,no,
F-003436,factura,C1054,2026-03-27,2026-04-26,1374290,261115,1635405,,no,
F-003437,factura,C0379,2026-03-27,2026-04-26,439990,83598,523588,,no,
F-003438,factura,C1080,2026-03-30,2026-04-29,1007820,191486,1199306,,no,
F-003439,factura,C0919,2026-03-30,2026-04-29,906340,172205,1078545,,no,
F-003440,factura,C0992,2026-03-30,2026-04-29,1089280,206963,1296243,,no,
F-003441,factura,C0841,2026-03-30,2026-05-29,876660,166565,1043225,,no,
F-003442,factura,C0275,2026-03-30,2026-04-29,318490,60513,379003,,no,
F-003443,factura,C0554,2026-03-30,2026-04-29,1327250,252178,1579428,,no,
F-003444,factura,C0778,2026-03-30,2026-04-29,1170110,222321,1392431,,no,
F-003445,factura,C0688,2026-03-30,2026-04-29,2162570,410888,2573458,,no,
F-003446,factura,C1078,2026-03-30,2026-05-29,2829070,537523,3366593,,no,
F-003447,factura,C0565,2026-03-30,2026-04-29,898470,170709,1069179,,no,
F-003448,factura,C0221,2026-03-30,2026-04-29,258340,49085,307425,,no,
F-003449,factura,C0249,2026-03-30,2026-04-29,2847870,541095,3388965,,no,
F-003450,factura,C1037,2026-03-30,2026-04-29,305450,58036,363486,,no,
F-003451,factura,C0015,2026-03-30,2026-04-29,903870,171735,1075605,,no,
F-003452,factura,C1057,2026-03-30,2026-04-29,561670,106717,668387,,no,
F-003453,factura,C0082,2026-03-30,2026-04-29,488730,92859,581589,,no,
F-003454,factura,C0457,2026-03-30,2026-04-29,1271240,241536,1512776,,no,
F-003455,factura,C0962,2026-03-30,2026-04-29,838720,159357,998077,,no,
F-003456,factura,C0477,2026-03-30,2026-04-29,1039920,197585,1237505,,no,
F-003457,factura,C0996,2026-03-30,2026-04-29,359160,68240,427400,,no,
F-003458,factura,C0140,2026-03-30,2026-04-29,600070,114013,714083,,no,
F-003459,factura,C0617,2026-03-30,2026-04-29,372670,70807,443477,,no,
F-003460,factura,C0683,2026-03-30,2026-04-29,588190,111756,699946,,no,
F-003461,factura,C1078,2026-03-30,2026-05-29,627220,119172,746392,,no,
F-003462,factura,C0139,2026-03-30,2026-05-14,3016200,573078,3589278,,no,
F-003463,factura,C0376,2026-03-30,2026-05-29,560480,106491,666971,,no,
F-003464,factura,C0776,2026-03-30,2026-04-29,125940,23929,149869,,no,
F-003465,factura,C0354,2026-03-31,2026-04-30,1036400,196916,1233316,,no,
F-003466,factura,C0756,2026-03-31,2026-04-30,2386900,453511,2840411,,no,
F-003467,factura,C0248,2026-03-31,2026-05-30,2203170,418602,2621772,,no,
F-003468,factura,C0959,2026-03-31,2026-04-30,280190,53236,333426,,no,
F-003469,factura,C0677,2026-03-31,2026-04-30,1468680,279049,1747729,,no,
F-003470,factura,C1155,2026-03-31,2026-04-30,555010,105452,660462,,no,
F-003471,factura,C0843,2026-03-31,2026-04-30,1221240,232036,1453276,,no,
F-003472,factura,C0732,2026-03-31,2026-04-30,994970,189044,1184014,,no,
F-003473,factura,C1005,2026-03-31,2026-04-30,192660,36605,229265,,no,
F-003474,factura,C0249,2026-03-31,2026-04-30,822270,156231,978501,,no,
F-003475,factura,C0755,2026-03-31,2026-04-30,1183990,224958,1408948,,no,
F-003476,factura,C0455,2026-03-31,2026-04-30,521110,99011,620121,,no,
F-003477,factura,C0906,2026-03-31,2026-05-15,434860,82623,517483,,no,
F-003478,factura,C0031,2026-03-31,2026-04-30,150620,28618,179238,,no,
F-003479,factura,C0507,2026-03-31,2026-04-30,915050,173860,1088910,,no,
F-003480,factura,C0771,2026-03-31,2026-05-15,625830,118908,744738,,no,
F-003481,factura,C0549,2026-03-31,2026-04-30,253240,48116,301356,,no,
F-003482,factura,C0257,2026-03-31,2026-04-30,408060,77531,485591,,no,
F-003483,factura,C0554,2026-03-31,2026-04-30,599260,113859,713119,,no,
F-003484,factura,C1040,2026-03-31,2026-04-30,338720,64357,403077,,no,
F-003485,factura,C0245,2026-03-31,2026-04-30,530720,100837,631557,,no,
F-003486,factura,C0418,2026-03-31,2026-04-30,130600,24814,155414,,no,
F-003487,factura,C1195,2026-03-31,2026-04-30,1558720,296157,1854877,,no,
F-003488,factura,C1097,2026-03-31,2026-04-30,536360,101908,638268,,no,
F-003489,factura,C0048,2026-03-31,2026-04-30,219770,41756,261526,,no,
F-003490,factura,C0632,2026-03-31,2026-05-30,74020,14064,88084,,no,
F-003491,factura,C0102,2026-03-31,2026-04-30,1206400,229216,1435616,,no,
F-003492,factura,C1103,2026-03-31,2026-04-30,827620,157248,984868,,no,
F-003493,factura,C0520,2026-03-31,2026-04-30,626800,119092,745892,,no,
F-003494,factura,C0495,2026-03-31,2026-04-30,1056800,200792,1257592,,no,
F-003495,factura,C0301,2026-03-31,2026-05-30,1054480,200351,1254831,,no,
F-003496,factura,C0677,2026-03-31,2026-04-30,618710,117555,736265,,no,
F-003497,factura,C0184,2026-03-31,2026-04-30,432120,82103,514223,,no,
F-003498,factura,C0961,2026-03-31,2026-05-15,379320,72071,451391,,no,
F-003499,factura,C0394,2026-04-01,2026-05-01,1061760,201734,1263494,,no,
F-003500,factura,C0754,2026-04-01,2026-05-31,791100,150309,941409,,no,
F-003501,factura,C0185,2026-04-01,2026-05-01,301850,57352,359202,,no,
F-003502,factura,C0150,2026-04-01,2026-05-01,1269190,241146,1510336,,no,
F-003503,factura,C0274,2026-04-01,2026-05-01,393020,74674,467694,,no,
F-003504,factura,C0906,2026-04-01,2026-05-16,322780,61328,384108,,no,
F-003505,factura,C0418,2026-04-01,2026-05-01,887520,168629,1056149,,no,
F-003506,factura,C0608,2026-04-01,2026-05-01,604140,114787,718927,,no,
F-003507,factura,C0228,2026-04-01,2026-05-31,395660,75175,470835,,no,
F-003508,factura,C0228,2026-04-01,2026-05-31,385050,73160,458210,,no,
F-003509,factura,C0770,2026-04-01,2026-05-01,255450,48536,303986,,no,
F-003510,factura,C0140,2026-04-01,2026-05-01,438030,83226,521256,,no,
F-003511,factura,C0784,2026-04-01,2026-05-01,1449370,275380,1724750,,no,
F-003512,factura,C0468,2026-04-01,2026-05-31,731070,138903,869973,,no,
F-003513,factura,C0794,2026-04-01,2026-05-01,1294330,245923,1540253,,no,
F-003514,factura,C0440,2026-04-01,2026-05-01,908440,172604,1081044,,no,
F-003515,factura,C1037,2026-04-01,2026-05-01,368370,69990,438360,,no,
F-003516,factura,C0082,2026-04-01,2026-05-01,160700,30533,191233,,no,
F-003517,factura,C1078,2026-04-01,2026-05-31,286400,54416,340816,,no,
F-003518,factura,C0297,2026-04-01,2026-05-01,351390,66764,418154,,no,
F-003519,factura,C0060,2026-04-01,2026-05-01,330300,62757,393057,,no,
F-003520,factura,C0665,2026-04-01,2026-05-01,1317760,250374,1568134,,no,
F-003521,factura,C0249,2026-04-01,2026-05-01,1306810,248294,1555104,,no,
F-003522,factura,C0544,2026-04-01,2026-05-01,3527620,670248,4197868,,no,
F-003523,factura,C0969,2026-04-01,2026-05-01,326330,62003,388333,,no,
F-003524,factura,C0958,2026-04-01,2026-05-31,2157780,409978,2567758,,no,
F-003525,factura,C0722,2026-04-01,2026-05-01,2147130,407955,2555085,,no,
F-003526,factura,C1184,2026-04-01,2026-05-01,499230,94854,594084,,no,
F-003527,factura,C0939,2026-04-02,2026-05-02,194210,36900,231110,,no,
F-003528,factura,C0001,2026-04-02,2026-05-02,222780,42328,265108,,no,
F-003529,factura,C0597,2026-04-02,2026-05-02,497980,94616,592596,,no,
F-003530,factura,C0227,2026-04-02,2026-05-17,2058650,391144,2449794,,no,
F-003531,factura,C0767,2026-04-02,2026-05-02,356810,67794,424604,,no,
F-003532,factura,C0805,2026-04-02,2026-05-02,396580,75350,471930,,no,
F-003533,factura,C0599,2026-04-02,2026-05-02,390110,74121,464231,,no,
F-003534,factura,C0643,2026-04-02,2026-05-17,417620,79348,496968,,no,
F-003535,factura,C0345,2026-04-02,2026-05-17,633320,120331,753651,,no,
F-003536,factura,C0342,2026-04-02,2026-05-02,229500,43605,273105,,no,
F-003537,factura,C0906,2026-04-02,2026-05-17,1521480,289081,1810561,,no,
F-003538,factura,C0167,2026-04-02,2026-05-02,569120,108133,677253,,no,
F-003539,factura,C0936,2026-04-02,2026-05-02,4643660,882295,5525955,,no,
F-003540,factura,C0771,2026-04-02,2026-05-17,249910,47483,297393,,no,
F-003541,factura,C1078,2026-04-02,2026-06-01,2279800,433162,2712962,,no,
F-003542,factura,C0283,2026-04-02,2026-05-02,1945020,369554,2314574,,no,
F-003543,factura,C0607,2026-04-02,2026-05-02,459710,87345,547055,,no,
F-003544,factura,C0058,2026-04-02,2026-05-02,465870,88515,554385,,no,
F-003545,factura,C1097,2026-04-02,2026-05-02,305790,58100,363890,,no,
F-003546,factura,C0798,2026-04-02,2026-05-02,308610,58636,367246,,no,
F-003547,factura,C0747,2026-04-02,2026-06-01,638720,121357,760077,,no,
F-003548,factura,C0883,2026-04-02,2026-05-02,649700,123443,773143,,no,
F-003549,factura,C0311,2026-04-02,2026-05-02,177340,33695,211035,,no,
F-003550,factura,C0726,2026-04-02,2026-05-02,4002820,760536,4763356,,no,
F-003551,factura,C0964,2026-04-02,2026-05-02,519220,98652,617872,,no,
F-003552,factura,C0139,2026-04-02,2026-05-17,673470,127959,801429,,no,
F-003553,factura,C1158,2026-04-02,2026-05-02,387210,73570,460780,,no,
F-003554,factura,C0248,2026-04-03,2026-06-02,1089060,206921,1295981,,no,
F-003555,factura,C0201,2026-04-03,2026-05-03,288030,54726,342756,,no,
F-003556,factura,C1122,2026-04-03,2026-05-03,581750,110532,692282,,no,
F-003557,factura,C0191,2026-04-03,2026-05-03,448740,85261,534001,,no,
F-003558,factura,C0942,2026-04-03,2026-05-03,1170610,222416,1393026,,no,
F-003559,factura,C0475,2026-04-03,2026-05-03,1197160,227460,1424620,,no,
F-003560,factura,C0860,2026-04-03,2026-05-03,139930,26587,166517,,no,
F-003561,factura,C0139,2026-04-03,2026-05-18,1401720,266327,1668047,,no,
F-003562,factura,C0865,2026-04-03,2026-05-03,372700,70813,443513,,no,
F-003563,factura,C0617,2026-04-03,2026-05-03,733920,139445,873365,,no,
F-003564,factura,C1080,2026-04-03,2026-05-03,286640,54462,341102,,no,
F-003565,factura,C0227,2026-04-03,2026-05-18,817520,155329,972849,,no,
F-003566,factura,C0140,2026-04-03,2026-05-03,4677180,888664,5565844,,no,
F-003567,factura,C0228,2026-04-03,2026-06-02,672570,127788,800358,,no,
F-003568,factura,C0124,2026-04-03,2026-05-03,420520,79899,500419,,no,
F-003569,factura,C1188,2026-04-03,2026-05-03,504540,95863,600403,,no,
F-003570,factura,C0156,2026-04-03,2026-05-03,187570,35638,223208,,no,
F-003571,factura,C0242,2026-04-03,2026-05-03,1936310,367899,2304209,,no,
F-003572,factura,C0980,2026-04-03,2026-05-03,780300,148257,928557,,no,
F-003573,factura,C0274,2026-04-03,2026-05-03,262500,49875,312375,,no,
F-003574,factura,C0249,2026-04-03,2026-05-03,269430,51192,320622,,no,
F-003575,factura,C0797,2026-04-03,2026-05-03,614980,116846,731826,,no,
F-003576,factura,C0468,2026-04-03,2026-06-02,1280450,243286,1523736,,no,
F-003577,factura,C1012,2026-04-03,2026-05-03,241910,45963,287873,,no,
F-003578,factura,C0756,2026-04-03,2026-05-03,1480450,281286,1761736,,no,
F-003579,factura,C0313,2026-04-03,2026-05-18,564570,107268,671838,,no,
F-003580,factura,C0718,2026-04-03,2026-05-03,288640,54842,343482,,no,
F-003581,factura,C1056,2026-04-03,2026-05-03,417890,79399,497289,,no,
F-003582,factura,C0417,2026-04-03,2026-05-03,2460730,467539,2928269,,no,
F-003583,factura,C0897,2026-04-03,2026-05-03,200100,38019,238119,,no,
F-003584,factura,C0490,2026-04-03,2026-05-03,338270,64271,402541,,no,
F-003585,factura,C0643,2026-04-03,2026-05-18,1301720,247327,1549047,,no,
F-003586,factura,C0892,2026-04-03,2026-05-03,722370,137250,859620,,no,
NC-00094,nota_credito,C0194,2026-04-04,,-651310,-123749,-775059,F-003271,no,Devolución parcial de mercadería
F-003587,factura,C0245,2026-04-06,2026-05-06,697990,132618,830608,,no,
F-003588,factura,C1080,2026-04-06,2026-05-06,874390,166134,1040524,,no,
F-003589,factura,C0677,2026-04-06,2026-05-06,753370,143140,896510,,no,
F-003590,factura,C0248,2026-04-06,2026-06-05,1180260,224249,1404509,,no,
F-003591,factura,C1185,2026-04-06,2026-05-06,1140540,216703,1357243,,no,
F-003592,factura,C0649,2026-04-06,2026-05-06,3191770,606436,3798206,,no,
F-003593,factura,C0201,2026-04-06,2026-05-06,833360,158338,991698,,no,
F-003594,factura,C0625,2026-04-06,2026-05-06,1381610,262506,1644116,,no,
F-003595,factura,C1158,2026-04-06,2026-05-06,1189240,225956,1415196,,no,
F-003596,factura,C0502,2026-04-06,2026-05-06,3512880,667447,4180327,,no,
F-003597,factura,C0507,2026-04-06,2026-05-06,1625650,308874,1934524,,no,
F-003598,factura,C0549,2026-04-06,2026-05-06,4262630,809900,5072530,,no,
F-003599,factura,C0310,2026-04-06,2026-05-21,731570,138998,870568,,no,
F-003600,factura,C0194,2026-04-06,2026-05-06,1767980,335916,2103896,,no,
F-003601,factura,C0679,2026-04-06,2026-05-06,1160230,220444,1380674,,no,
F-003602,factura,C1078,2026-04-06,2026-06-05,689690,131041,820731,,no,
F-003603,factura,C0896,2026-04-06,2026-05-06,1742500,331075,2073575,,no,
F-003604,factura,C0052,2026-04-07,2026-05-07,1052310,199939,1252249,,no,
F-003605,factura,C0393,2026-04-07,2026-05-07,2475160,470280,2945440,,no,
F-003606,factura,C1056,2026-04-07,2026-05-07,773350,146936,920286,,no,
F-003607,factura,C0301,2026-04-07,2026-06-06,613960,116652,730612,,no,
F-003608,factura,C0303,2026-04-07,2026-05-07,3017680,573359,3591039,,no,
F-003609,factura,C1078,2026-04-07,2026-06-06,4388840,833880,5222720,,no,
F-003610,factura,C1007,2026-04-07,2026-05-07,577930,109807,687737,,no,
F-003611,factura,C0140,2026-04-07,2026-05-07,918930,174597,1093527,,no,
F-003612,factura,C0681,2026-04-07,2026-05-07,2322130,441205,2763335,,no,
F-003613,factura,C0249,2026-04-07,2026-05-07,945480,179641,1125121,,no,
F-003614,factura,C0249,2026-04-07,2026-05-07,1619510,307707,1927217,,no,
F-003615,factura,C0742,2026-04-07,2026-05-07,1879070,357023,2236093,,no,
F-003616,factura,C0156,2026-04-07,2026-05-07,641860,121953,763813,,no,
F-003617,factura,C0555,2026-04-07,2026-05-07,1407580,267440,1675020,,no,
F-003618,factura,C0275,2026-04-07,2026-05-07,1001500,190285,1191785,,no,
F-003619,factura,C1050,2026-04-07,2026-05-07,380210,72240,452450,,no,
F-003620,factura,C0653,2026-04-07,2026-06-06,456000,86640,542640,,no,
F-003621,factura,C0249,2026-04-07,2026-05-07,597210,113470,710680,,no,Anulada por nota de crédito
F-003622,factura,C1106,2026-04-07,2026-05-07,2115450,401936,2517386,,no,
F-003623,factura,C0996,2026-04-07,2026-05-07,2171760,412634,2584394,,no,
NC-00101,nota_credito,C0201,2026-04-07,,-50380,-9572,-59952,F-003555,no,Devolución parcial de mercadería
F-003624,factura,C1076,2026-04-08,2026-05-08,686330,130403,816733,,no,
F-003625,factura,C0855,2026-04-08,2026-05-08,449220,85352,534572,,no,
F-003626,factura,C0051,2026-04-08,2026-05-08,303420,57650,361070,,no,
F-003627,factura,C0958,2026-04-08,2026-06-07,528720,100457,629177,,no,
F-003628,factura,C0958,2026-04-08,2026-06-07,851980,161876,1013856,,no,
F-003629,factura,C0783,2026-04-08,2026-05-08,150870,28665,179535,,no,
F-003630,factura,C1109,2026-04-08,2026-05-08,387550,73634,461184,,no,
F-003631,factura,C0969,2026-04-08,2026-05-08,146430,27822,174252,,no,
F-003632,factura,C0249,2026-04-08,2026-05-08,441530,83891,525421,,no,
F-003633,factura,C0440,2026-04-08,2026-05-08,1885150,358178,2243328,,no,
F-003634,factura,C0383,2026-04-08,2026-05-08,280060,53211,333271,,no,
F-003635,factura,C0606,2026-04-08,2026-05-08,1269580,241220,1510800,,no,
F-003636,factura,C1149,2026-04-08,2026-05-08,7065450,1342436,8407886,,no,
F-003637,factura,C0742,2026-04-08,2026-05-08,2314020,439664,2753684,,no,
F-003638,factura,C0342,2026-04-08,2026-05-08,804900,152931,957831,,no,
F-003639,factura,C1127,2026-04-08,2026-06-07,1437500,273125,1710625,,no,
F-003640,factura,C0834,2026-04-08,2026-05-08,241810,45944,287754,,no,
F-003641,factura,C0293,2026-04-08,2026-05-08,205450,39036,244486,,no,
F-003642,factura,C1089,2026-04-08,2026-05-08,740160,140630,880790,,no,
F-003643,factura,C0379,2026-04-08,2026-05-08,995060,189061,1184121,,no,
F-003644,factura,C0622,2026-04-08,2026-05-08,1736170,329872,2066042,,no,
F-003645,factura,C0575,2026-04-08,2026-05-08,458930,87197,546127,,no,
F-003646,factura,C1103,2026-04-08,2026-05-08,844400,160436,1004836,,no,
F-003647,factura,C0293,2026-04-08,2026-05-08,821560,156096,977656,,no,
NC-00096,nota_credito,C0382,2026-04-08,,-74770,-14206,-88976,F-003310,no,Devolución parcial de mercadería
F-003648,factura,C0324,2026-04-09,2026-05-09,831100,157909,989009,,no,
F-003649,factura,C0140,2026-04-09,2026-05-09,2863080,543985,3407065,,no,
F-003650,factura,C0249,2026-04-09,2026-05-09,246650,46864,293514,,no,Anulada por nota de crédito
F-003651,factura,C0688,2026-04-09,2026-05-09,528720,100457,629177,,no,
F-003652,factura,C0163,2026-04-09,2026-05-24,415240,78896,494136,,no,
F-003653,factura,C0140,2026-04-09,2026-05-09,145870,27715,173585,,no,
F-003654,factura,C1000,2026-04-09,2026-05-09,1698150,322648,2020798,,no,
F-003655,factura,C0150,2026-04-09,2026-05-09,540680,102729,643409,,no,
F-003656,factura,C0733,2026-04-09,2026-05-09,1742460,331067,2073527,,no,
F-003657,factura,C0389,2026-04-09,2026-05-09,1152890,219049,1371939,,no,
F-003658,factura,C1078,2026-04-09,2026-06-08,1372610,260796,1633406,,no,
F-003659,factura,C0841,2026-04-09,2026-06-08,586650,111464,698114,,no,
F-003660,factura,C0090,2026-04-09,2026-05-09,458220,87062,545282,,no,
F-003661,factura,C1078,2026-04-09,2026-06-08,907380,172402,1079782,,no,
F-003662,factura,C0486,2026-04-09,2026-05-09,1761800,334742,2096542,,no,
F-003663,factura,C0323,2026-04-09,2026-05-09,811150,154118,965268,,no,
F-003664,factura,C0797,2026-04-09,2026-05-09,481640,91512,573152,,no,
F-003665,factura,C0850,2026-04-09,2026-05-09,323610,61486,385096,,no,
F-003666,factura,C0325,2026-04-09,2026-06-08,994350,188926,1183276,,no,
F-003667,factura,C0388,2026-04-09,2026-05-09,542130,103005,645135,,no,
F-003668,factura,C0191,2026-04-09,2026-05-09,797410,151508,948918,,no,
F-003669,factura,C0708,2026-04-09,2026-05-09,697660,132555,830215,,no,
F-003670,factura,C1155,2026-04-09,2026-05-09,591830,112448,704278,,no,
F-003671,factura,C0492,2026-04-09,2026-05-09,1068270,202971,1271241,,no,
F-003672,factura,C1196,2026-04-09,2026-06-08,1316010,250042,1566052,,no,
F-003673,factura,C1149,2026-04-10,2026-05-10,518540,98523,617063,,no,
F-003674,factura,C1138,2026-04-10,2026-05-10,1245760,236694,1482454,,no,
F-003675,factura,C0140,2026-04-10,2026-05-10,1733300,329327,2062627,,no,
F-003676,factura,C1141,2026-04-10,2026-05-10,1784490,339053,2123543,,no,
F-003677,factura,C0940,2026-04-10,2026-05-10,302150,57408,359558,,no,
F-003678,factura,C0140,2026-04-10,2026-05-10,2239980,425596,2665576,,no,
F-003679,factura,C0631,2026-04-10,2026-05-10,2388300,453777,2842077,,no,
F-003680,factura,C0049,2026-04-10,2026-05-10,2559650,486334,3045984,,no,
F-003681,factura,C0691,2026-04-10,2026-05-10,651470,123779,775249,,no,
F-003682,factura,C1117,2026-04-10,2026-05-10,405050,76960,482010,,no,
F-003683,factura,C0418,2026-04-10,2026-05-10,336330,63903,400233,,no,
F-003684,factura,C0610,2026-04-10,2026-05-10,306140,58167,364307,,no,
F-003685,factura,C0249,2026-04-10,2026-05-10,746080,141755,887835,,no,
F-003686,factura,C0643,2026-04-10,2026-05-25,1456460,276727,1733187,,no,
F-003687,factura,C0969,2026-04-10,2026-05-10,2102170,399412,2501582,,no,
F-003688,factura,C0249,2026-04-10,2026-05-10,501210,95230,596440,,no,Anulada por nota de crédito
F-003689,factura,C0653,2026-04-10,2026-06-09,716610,136156,852766,,no,
F-003690,factura,C0395,2026-04-10,2026-05-10,680030,129206,809236,,no,
F-003691,factura,C0913,2026-04-10,2026-05-10,444640,84482,529122,,no,
F-003692,factura,C0838,2026-04-10,2026-05-10,1331530,252991,1584521,,no,
F-003693,factura,C0832,2026-04-10,2026-05-10,988080,187735,1175815,,no,
F-003694,factura,C0428,2026-04-10,2026-05-25,827940,157309,985249,,no,
NC-00097,nota_credito,C0742,2026-04-10,,-51070,-9703,-60773,F-003312,no,Devolución parcial de mercadería
NC-00100,nota_credito,C0140,2026-04-10,,-127110,-24151,-151261,F-003458,no,Devolución parcial de mercadería
F-003695,factura,C0964,2026-04-13,2026-05-13,338240,64266,402506,,no,
F-003696,factura,C0749,2026-04-13,2026-05-13,449250,85358,534608,,no,
F-003697,factura,C0140,2026-04-13,2026-05-13,80040,15208,95248,,no,
F-003698,factura,C0312,2026-04-13,2026-05-13,215610,40966,256576,,no,
F-003699,factura,C0177,2026-04-13,2026-05-13,1149260,218359,1367619,,no,
F-003700,factura,C0961,2026-04-13,2026-05-28,1396570,265348,1661918,,no,
F-003701,factura,C0632,2026-04-13,2026-06-12,1657700,314963,1972663,,no,
F-003702,factura,C0004,2026-04-13,2026-05-13,765820,145506,911326,,no,
F-003703,factura,C0643,2026-04-13,2026-05-28,88530,16821,105351,,no,
F-003704,factura,C0582,2026-04-13,2026-05-13,323840,61530,385370,,no,
F-003705,factura,C0761,2026-04-13,2026-05-13,1553050,295080,1848130,,no,
F-003706,factura,C0049,2026-04-13,2026-05-13,1971790,374640,2346430,,no,
F-003707,factura,C0050,2026-04-13,2026-05-13,1600980,304186,1905166,,no,
F-003708,factura,C0382,2026-04-13,2026-05-13,445520,84649,530169,,no,
F-003709,factura,C0819,2026-04-13,2026-05-13,189240,35956,225196,,no,
F-003710,factura,C0784,2026-04-13,2026-05-13,521000,98990,619990,,no,
F-003711,factura,C0308,2026-04-13,2026-05-13,544630,103480,648110,,no,
F-003712,factura,C0249,2026-04-13,2026-05-13,1883160,357800,2240960,,no,
F-003713,factura,C0806,2026-04-13,2026-05-13,645800,122702,768502,,no,
F-003714,factura,C0035,2026-04-13,2026-05-13,545440,103634,649074,,no,
F-003715,factura,C0655,2026-04-13,2026-05-13,570810,108454,679264,,no,
F-003716,factura,C0502,2026-04-13,2026-05-13,741100,140809,881909,,no,
F-003717,factura,C0258,2026-04-13,2026-05-13,888380,168792,1057172,,no,
F-003718,factura,C0631,2026-04-13,2026-05-13,301460,57277,358737,,no,
F-003719,factura,C0249,2026-04-13,2026-05-13,230940,43879,274819,,no,
F-003720,factura,C0671,2026-04-13,2026-05-13,1611140,306117,1917257,,no,
F-003721,factura,C0186,2026-04-13,2026-05-13,144810,27514,172324,,no,
F-003722,factura,C0475,2026-04-13,2026-05-13,1995100,379069,2374169,,no,
F-003723,factura,C0614,2026-04-13,2026-05-13,116710,22175,138885,,no,
F-003724,factura,C0181,2026-04-14,2026-05-14,1265980,240536,1506516,,no,
F-003725,factura,C0597,2026-04-14,2026-05-14,863100,163989,1027089,,no,
F-003726,factura,C0956,2026-04-14,2026-05-14,1729660,328635,2058295,,no,
F-003727,factura,C0726,2026-04-14,2026-05-14,887830,168688,1056518,,no,
F-003728,factura,C0204,2026-04-14,2026-05-14,202970,38564,241534,,no,
F-003729,factura,C0746,2026-04-14,2026-05-14,1649820,313466,1963286,,no,
F-003730,factura,C0923,2026-04-14,2026-05-14,2146180,407774,2553954,,no,
F-003731,factura,C1052,2026-04-14,2026-05-14,3329290,632565,3961855,,no,
F-003732,factura,C0347,2026-04-14,2026-05-14,585830,111308,697138,,no,
F-003733,factura,C0048,2026-04-14,2026-05-14,1259630,239330,1498960,,no,
F-003734,factura,C0733,2026-04-14,2026-05-14,1281630,243510,1525140,,no,
F-003735,factura,C0249,2026-04-14,2026-05-14,1125460,213837,1339297,,no,Anulada por nota de crédito
F-003736,factura,C0947,2026-04-14,2026-05-14,1152320,218941,1371261,,no,
F-003737,factura,C0805,2026-04-14,2026-05-14,1082850,205742,1288592,,no,
F-003738,factura,C0939,2026-04-14,2026-05-14,1245190,236586,1481776,,no,
F-003739,factura,C1167,2026-04-14,2026-05-29,1901100,361209,2262309,,no,
F-003740,factura,C0686,2026-04-14,2026-05-14,2790220,530142,3320362,,no,
F-003741,factura,C1084,2026-04-14,2026-05-14,573970,109054,683024,,no,
F-003742,factura,C0761,2026-04-14,2026-05-14,915810,174004,1089814,,no,
F-003743,factura,C0227,2026-04-14,2026-05-29,749610,142426,892036,,no,
F-003744,factura,C0961,2026-04-14,2026-05-29,668550,127024,795574,,no,
F-003745,factura,C0828,2026-04-14,2026-05-14,288540,54823,343363,,no,
F-003746,factura,C1184,2026-04-14,2026-05-14,1071720,203627,1275347,,no,
NC-00099,nota_credito,C0857,2026-04-14,,-116170,-22072,-138242,F-003431,no,Devolución parcial de mercadería
F-003747,factura,C0919,2026-04-15,2026-05-15,960550,182504,1143054,,no,
F-003748,factura,C1179,2026-04-15,2026-05-15,821010,155992,977002,,no,
F-003749,factura,C0028,2026-04-15,2026-05-15,1024690,194691,1219381,,no,
F-003750,factura,C0747,2026-04-15,2026-06-14,1324170,251592,1575762,,no,
F-003751,factura,C0149,2026-04-15,2026-05-15,736480,139931,876411,,no,
F-003752,factura,C1096,2026-04-15,2026-05-15,1678850,318982,1997832,,no,
F-003753,factura,C1121,2026-04-15,2026-05-15,518690,98551,617241,,no,
F-003754,factura,C0325,2026-04-15,2026-06-14,879770,167156,1046926,,no,
F-003755,factura,C1004,2026-04-15,2026-05-15,190440,36184,226624,,no,
F-003756,factura,C0754,2026-04-15,2026-06-14,2860950,543580,3404530,,no,
F-003757,factura,C0140,2026-04-15,2026-05-15,972870,184845,1157715,,no,
F-003758,factura,C0726,2026-04-15,2026-05-15,1914480,363751,2278231,,no,
F-003759,factura,C1179,2026-04-15,2026-05-15,1639880,311577,1951457,,no,
F-003760,factura,C0332,2026-04-15,2026-05-15,1738840,330380,2069220,,no,
F-003761,factura,C0003,2026-04-15,2026-05-15,1113100,211489,1324589,,no,
F-003762,factura,C1180,2026-04-15,2026-05-15,1527980,290316,1818296,,no,
F-003763,factura,C0487,2026-04-15,2026-05-15,519100,98629,617729,,no,
F-003764,factura,C0507,2026-04-15,2026-05-15,438860,83383,522243,,no,
F-003765,factura,C0843,2026-04-15,2026-05-15,1033010,196272,1229282,,no,
F-003766,factura,C0726,2026-04-15,2026-05-15,650210,123540,773750,,no,
F-003767,factura,C0325,2026-04-15,2026-06-14,3503410,665648,4169058,,no,
F-003768,factura,C0140,2026-04-15,2026-05-15,1512070,287293,1799363,,no,
F-003769,factura,C1003,2026-04-15,2026-05-15,631400,119966,751366,,no,
F-003770,factura,C0585,2026-04-15,2026-05-15,901340,171255,1072595,,no,
F-003771,factura,C0593,2026-04-16,2026-06-15,1104830,209918,1314748,,no,
F-003772,factura,C0643,2026-04-16,2026-05-31,355390,67524,422914,,no,
F-003773,factura,C0554,2026-04-16,2026-05-16,7115860,1352013,8467873,,no,
F-003774,factura,C0293,2026-04-16,2026-05-16,1331100,252909,1584009,,no,
F-003775,factura,C0308,2026-04-16,2026-05-16,791910,150463,942373,,no,
F-003776,factura,C0102,2026-04-16,2026-05-16,703800,133722,837522,,no,
F-003777,factura,C0841,2026-04-16,2026-06-15,571340,108555,679895,,no,
F-003778,factura,C0301,2026-04-16,2026-06-15,484020,91964,575984,,no,
F-003779,factura,C0323,2026-04-16,2026-05-16,473490,89963,563453,,no,
F-003780,factura,C1196,2026-04-16,2026-06-15,3406780,647288,4054068,,no,
F-003781,factura,C0448,2026-04-16,2026-05-16,571790,108640,680430,,no,
F-003782,factura,C0615,2026-04-16,2026-05-16,161960,30772,192732,,no,
F-003783,factura,C0449,2026-04-16,2026-05-16,350050,66510,416560,,no,
F-003784,factura,C0313,2026-04-16,2026-05-31,1868770,355066,2223836,,no,
F-003785,factura,C0011,2026-04-16,2026-05-16,727050,138140,865190,,no,
F-003786,factura,C1052,2026-04-16,2026-05-16,799190,151846,951036,,no,
F-003787,factura,C0565,2026-04-16,2026-05-16,2268130,430945,2699075,,no,
F-003788,factura,C0853,2026-04-16,2026-05-16,477770,90776,568546,,no,
F-003789,factura,C1157,2026-04-16,2026-05-16,1475560,280356,1755916,,no,
F-003790,factura,C0004,2026-04-16,2026-05-16,521420,99070,620490,,no,
F-003791,factura,C0798,2026-04-16,2026-05-16,1410300,267957,1678257,,no,
F-003792,factura,C0150,2026-04-16,2026-05-16,650640,123622,774262,,no,
F-003793,factura,C0538,2026-04-16,2026-05-16,733350,139336,872686,,no,
F-007023,factura,C0249,2026-04-16,2026-05-16,2522740,479321,3002061,F-003064,no,Reemplaza a F-003064
NC-00084,nota_credito,C0249,2026-04-16,,-2919630,-554730,-3474360,F-003064,no,Anula factura por error en precio / orden de compra
NC-00105,nota_credito,C0996,2026-04-16,,-263150,-49998,-313148,F-003623,no,Devolución parcial de mercadería
F-003794,factura,C1167,2026-04-17,2026-06-01,2659520,505309,3164829,,no,
F-003795,factura,C0139,2026-04-17,2026-06-01,360840,68560,429400,,no,
F-003796,factura,C0942,2026-04-17,2026-05-17,490790,93250,584040,,no,
F-003797,factura,C0578,2026-04-17,2026-05-17,468060,88931,556991,,no,
F-003798,factura,C0496,2026-04-17,2026-05-17,413950,78650,492600,,no,
F-003799,factura,C0032,2026-04-17,2026-05-17,113200,21508,134708,,no,
F-003800,factura,C0872,2026-04-17,2026-05-17,1669180,317144,1986324,,no,
F-003801,factura,C0936,2026-04-17,2026-05-17,244540,46463,291003,,no,
F-003802,factura,C0352,2026-04-17,2026-05-17,636540,120943,757483,,no,
F-003803,factura,C0625,2026-04-17,2026-05-17,178160,33850,212010,,no,
F-003804,factura,C0730,2026-04-17,2026-05-17,913030,173476,1086506,,no,
F-003805,factura,C0418,2026-04-17,2026-05-17,296450,56326,352776,,no,
F-003806,factura,C0742,2026-04-17,2026-05-17,223950,42550,266500,,no,
F-003807,factura,C0507,2026-04-17,2026-05-17,649160,123340,772500,,no,
F-003808,factura,C1068,2026-04-17,2026-05-17,317220,60272,377492,,no,
F-003809,factura,C0850,2026-04-17,2026-05-17,351030,66696,417726,,no,
F-003810,factura,C0140,2026-04-17,2026-05-17,637550,121134,758684,,no,
F-003811,factura,C0961,2026-04-17,2026-06-01,1053830,200228,1254058,,no,
F-003812,factura,C0376,2026-04-17,2026-06-16,288730,54859,343589,,no,
F-003813,factura,C1121,2026-04-17,2026-05-17,251450,47776,299226,,no,
F-003814,factura,C0726,2026-04-17,2026-05-17,566220,107582,673802,,no,
F-003815,factura,C0038,2026-04-17,2026-05-17,855430,162532,1017962,,no,
F-003816,factura,C0894,2026-04-17,2026-05-17,1790770,340246,2131016,,no,
F-003817,factura,C0163,2026-04-17,2026-06-01,235840,44810,280650,,no,
F-003818,factura,C1066,2026-04-17,2026-05-17,430880,81867,512747,,no,
F-003819,factura,C1141,2026-04-17,2026-05-17,1423430,270452,1693882,,no,
F-003820,factura,C0829,2026-04-17,2026-05-17,2693700,511803,3205503,,no,
F-003821,factura,C0632,2026-04-17,2026-06-16,251070,47703,298773,,no,
F-003822,factura,C0726,2026-04-17,2026-05-17,307710,58465,366175,,no,
F-003823,factura,C0507,2026-04-17,2026-05-17,753760,143214,896974,,no,
F-003824,factura,C0127,2026-04-17,2026-05-17,350020,66504,416524,,no,
F-003825,factura,C1109,2026-04-17,2026-05-17,302720,57517,360237,,no,
F-003826,factura,C0370,2026-04-17,2026-05-17,675720,128387,804107,,no,
F-003827,factura,C0342,2026-04-17,2026-05-17,1919330,364673,2284003,,no,
F-007025,factura,C0249,2026-04-17,2026-05-17,1195670,227177,1422847,F-003153,no,Reemplaza a F-003153
NC-00089,nota_credito,C0249,2026-04-17,,-1316520,-250139,-1566659,F-003153,no,Anula factura por error en precio / orden de compra
F-003828,factura,C0754,2026-04-20,2026-06-19,347440,66014,413454,,no,
F-003829,factura,C0376,2026-04-20,2026-06-19,146590,27852,174442,,no,
F-003830,factura,C0806,2026-04-20,2026-05-20,327310,62189,389499,,no,
F-003831,factura,C0940,2026-04-20,2026-05-20,1638920,311395,1950315,,no,
F-003832,factura,C1004,2026-04-20,2026-05-20,549290,104365,653655,,no,
F-003833,factura,C0225,2026-04-20,2026-05-20,474860,90223,565083,,no,
F-003834,factura,C0227,2026-04-20,2026-06-04,176600,33554,210154,,no,
F-003835,factura,C0077,2026-04-20,2026-05-20,107420,20410,127830,,no,
F-003836,factura,C0589,2026-04-20,2026-05-20,149220,28352,177572,,no,
F-003837,factura,C0177,2026-04-20,2026-05-20,104010,19762,123772,,no,
F-003838,factura,C0347,2026-04-20,2026-05-20,423260,80419,503679,,no,
F-003839,factura,C1028,2026-04-20,2026-05-20,541890,102959,644849,,no,
F-003840,factura,C1141,2026-04-20,2026-05-20,184150,34988,219138,,no,
F-003841,factura,C0995,2026-04-20,2026-05-20,448670,85247,533917,,no,
F-003842,factura,C0001,2026-04-20,2026-05-20,1290970,245284,1536254,,no,
F-003843,factura,C0676,2026-04-20,2026-05-20,1908580,362630,2271210,,no,
F-003844,factura,C0428,2026-04-20,2026-06-04,346570,65848,412418,,no,
F-003845,factura,C0507,2026-04-20,2026-05-20,719420,136690,856110,,no,
F-003846,factura,C1132,2026-04-20,2026-05-20,1175450,223336,1398786,,no,
F-003847,factura,C0755,2026-04-20,2026-05-20,80010,15202,95212,,no,
F-003848,factura,C0295,2026-04-20,2026-05-20,1304550,247864,1552414,,no,
F-003849,factura,C0761,2026-04-20,2026-05-20,257830,48988,306818,,no,
F-003850,factura,C1147,2026-04-20,2026-05-20,259820,49366,309186,,no,
F-003851,factura,C0090,2026-04-20,2026-05-20,300070,57013,357083,,no,
F-003852,factura,C0992,2026-04-20,2026-05-20,514930,97837,612767,,no,
F-003853,factura,C0249,2026-04-20,2026-05-20,163850,31132,194982,,no,Anulada por nota de crédito
F-003854,factura,C0190,2026-04-20,2026-06-19,317380,60302,377682,,no,
F-003855,factura,C1078,2026-04-20,2026-06-19,606790,115290,722080,,no,
F-003856,factura,C0003,2026-04-20,2026-05-20,474760,90204,564964,,no,
F-003857,factura,C0906,2026-04-20,2026-06-04,540560,102706,643266,,no,
F-003858,factura,C0137,2026-04-20,2026-05-20,307590,58442,366032,,no,
F-003859,factura,C0746,2026-04-20,2026-05-20,694310,131919,826229,,no,
F-003860,factura,C0747,2026-04-20,2026-06-19,928050,176330,1104380,,no,
F-003861,factura,C1054,2026-04-20,2026-05-20,884580,168070,1052650,,no,
F-003862,factura,C0996,2026-04-20,2026-05-20,561180,106624,667804,,no,
F-003863,factura,C0810,2026-04-20,2026-05-20,844780,160508,1005288,,no,
F-003864,factura,C0437,2026-04-20,2026-05-20,800160,152030,952190,,no,
F-003865,factura,C0963,2026-04-21,2026-05-21,216190,41076,257266,,no,
F-003866,factura,C0659,2026-04-21,2026-05-21,225140,42777,267917,,no,
F-003867,factura,C0253,2026-04-21,2026-06-05,476130,90465,566595,,no,
F-003868,factura,C0078,2026-04-21,2026-05-21,770150,146328,916478,,no,
F-003869,factura,C0742,2026-04-21,2026-05-21,528930,100497,629427,,no,
F-003870,factura,C0322,2026-04-21,2026-05-21,1315740,249991,1565731,,no,
F-003871,factura,C0829,2026-04-21,2026-05-21,1879880,357177,2237057,,no,
F-003872,factura,C0835,2026-04-21,2026-05-21,983300,186827,1170127,,no,
F-003873,factura,C0536,2026-04-21,2026-05-21,1231810,234044,1465854,,no,
F-003874,factura,C0642,2026-04-21,2026-05-21,978070,185833,1163903,,no,
F-003875,factura,C0754,2026-04-21,2026-06-20,792750,150622,943372,,no,
F-003876,factura,C0554,2026-04-21,2026-05-21,279510,53107,332617,,no,
F-003877,factura,C1066,2026-04-21,2026-05-21,345680,65679,411359,,no,
F-003878,factura,C0119,2026-04-21,2026-05-21,266980,50726,317706,,no,
F-003879,factura,C1188,2026-04-21,2026-05-21,698610,132736,831346,,no,
F-003880,factura,C0048,2026-04-21,2026-05-21,947400,180006,1127406,,no,
F-003881,factura,C0245,2026-04-21,2026-05-21,246780,46888,293668,,no,
F-003882,factura,C0841,2026-04-21,2026-06-20,833780,158418,992198,,no,
F-003883,factura,C0130,2026-04-21,2026-05-21,390620,74218,464838,,no,
F-003884,factura,C0288,2026-04-21,2026-05-21,334470,63549,398019,,no,
F-003885,factura,C0190,2026-04-21,2026-06-20,477050,90640,567690,,no,
F-003886,factura,C0860,2026-04-21,2026-05-21,321020,60994,382014,,no,
F-003887,factura,C0679,2026-04-21,2026-05-21,1278220,242862,1521082,,no,
F-003888,factura,C0102,2026-04-21,2026-05-21,687800,130682,818482,,no,
F-003889,factura,C0546,2026-04-21,2026-05-21,1510310,286959,1797269,,no,
F-003890,factura,C0248,2026-04-21,2026-06-20,551750,104832,656582,,no,
F-003891,factura,C1167,2026-04-21,2026-06-05,568700,108053,676753,,no,
F-003892,factura,C0140,2026-04-21,2026-05-21,3521370,669060,4190430,,no,
F-003893,factura,C0718,2026-04-21,2026-05-21,214740,40801,255541,,no,
F-003894,factura,C0579,2026-04-21,2026-05-21,2198400,417696,2616096,,no,
NC-00110,nota_credito,C1121,2026-04-21,,-99640,-18932,-118572,F-003753,no,Devolución parcial de mercadería
NC-00111,nota_credito,C1167,2026-04-21,,-747580,-142040,-889620,F-003794,no,Devolución parcial de mercadería
F-003895,factura,C0965,2026-04-22,2026-05-22,449380,85382,534762,,no,
F-003896,factura,C1199,2026-04-22,2026-05-22,555340,105515,660855,,no,
F-003897,factura,C0754,2026-04-22,2026-06-21,4262310,809839,5072149,,no,
F-003898,factura,C0593,2026-04-22,2026-06-21,455270,86501,541771,,no,
F-003899,factura,C1099,2026-04-22,2026-05-22,700050,133010,833060,,no,
F-003900,factura,C1007,2026-04-22,2026-05-22,379250,72058,451308,,no,
F-003901,factura,C0140,2026-04-22,2026-05-22,453130,86095,539225,,no,
F-003902,factura,C0325,2026-04-22,2026-06-21,2291320,435351,2726671,,no,
F-003903,factura,C0283,2026-04-22,2026-05-22,1148220,218162,1366382,,no,
F-003904,factura,C1053,2026-04-22,2026-05-22,1788960,339902,2128862,,no,
F-003905,factura,C0253,2026-04-22,2026-06-06,274200,52098,326298,,no,
F-003906,factura,C0325,2026-04-22,2026-06-21,1326370,252010,1578380,,no,
F-003907,factura,C0631,2026-04-22,2026-05-22,361110,68611,429721,,no,
F-003908,factura,C0119,2026-04-22,2026-05-22,269480,51201,320681,,no,
F-003909,factura,C1158,2026-04-22,2026-05-22,950840,180660,1131500,,no,
F-003910,factura,C0589,2026-04-22,2026-05-22,943100,179189,1122289,,no,
F-003911,factura,C0227,2026-04-22,2026-06-06,819760,155754,975514,,no,
F-003912,factura,C0301,2026-04-22,2026-06-21,1394630,264980,1659610,,no,
F-003913,factura,C0961,2026-04-22,2026-06-06,1580020,300204,1880224,,no,
F-003914,factura,C0755,2026-04-22,2026-05-22,2545600,483664,3029264,,no,
F-003915,factura,C0554,2026-04-22,2026-05-22,303100,57589,360689,,no,
F-003916,factura,C0374,2026-04-22,2026-05-22,2612210,496320,3108530,,no,
F-003917,factura,C1080,2026-04-22,2026-05-22,3541080,672805,4213885,,no,
F-003918,factura,C0850,2026-04-22,2026-05-22,206760,39284,246044,,no,
NC-00107,nota_credito,C0325,2026-04-22,,-130350,-24766,-155116,F-003666,no,Devolución parcial de mercadería
F-003919,factura,C0011,2026-04-23,2026-05-23,1010620,192018,1202638,,no,
F-003920,factura,C0768,2026-04-23,2026-05-23,852010,161882,1013892,,no,
F-003921,factura,C0313,2026-04-23,2026-06-07,2461590,467702,2929292,,no,
F-003922,factura,C0274,2026-04-23,2026-05-23,725850,137912,863762,,no,
F-003923,factura,C1175,2026-04-23,2026-05-23,943930,179347,1123277,,no,
F-003924,factura,C0216,2026-04-23,2026-05-23,523780,99518,623298,,no,
F-003925,factura,C0047,2026-04-23,2026-05-23,290200,55138,345338,,no,
F-003926,factura,C1144,2026-04-23,2026-05-23,205110,38971,244081,,no,
F-003927,factura,C0326,2026-04-23,2026-05-23,1485680,282279,1767959,,no,
F-003928,factura,C0459,2026-04-23,2026-05-23,240660,45725,286385,,no,
F-003929,factura,C0125,2026-04-23,2026-05-23,979240,186056,1165296,,no,
F-003930,factura,C0473,2026-04-23,2026-05-23,752130,142905,895035,,no,
F-003931,factura,C1167,2026-04-23,2026-06-07,1123630,213490,1337120,,no,
F-003932,factura,C0829,2026-04-23,2026-05-23,357210,67870,425080,,no,
F-003933,factura,C0565,2026-04-23,2026-05-23,286430,54422,340852,,no,
F-003934,factura,C0328,2026-04-23,2026-05-23,729810,138664,868474,,no,
F-003935,factura,C0418,2026-04-23,2026-05-23,426760,81084,507844,,no,
F-003936,factura,C0737,2026-04-23,2026-05-23,201390,38264,239654,,no,
F-003937,factura,C0275,2026-04-23,2026-05-23,2542520,483079,3025599,,no,
F-003938,factura,C0190,2026-04-23,2026-06-22,286280,54393,340673,,no,
F-003939,factura,C0831,2026-04-23,2026-05-23,243520,46269,289789,,no,
F-003940,factura,C1057,2026-04-23,2026-05-23,444250,84408,528658,,no,
F-003941,factura,C1080,2026-04-23,2026-05-23,1469060,279121,1748181,,no,
F-003942,factura,C1031,2026-04-23,2026-05-23,95270,18101,113371,,no,
F-003943,factura,C0632,2026-04-23,2026-06-22,1374710,261195,1635905,,no,
F-003944,factura,C0958,2026-04-23,2026-06-22,260060,49411,309471,,no,
F-003945,factura,C1106,2026-04-23,2026-05-23,666280,126593,792873,,no,
F-003946,factura,C0031,2026-04-23,2026-05-23,313970,59654,373624,,no,
F-003947,factura,C0484,2026-04-23,2026-05-23,2653470,504159,3157629,,no,
F-003948,factura,C0245,2026-04-23,2026-05-23,595730,113189,708919,,no,
F-003949,factura,C1198,2026-04-23,2026-05-23,306010,58142,364152,,no,
NC-00103,nota_credito,C0303,2026-04-23,,-926760,-176084,-1102844,F-003608,no,Devolución parcial de mercadería
F-003950,factura,C0274,2026-04-24,2026-05-24,788530,149821,938351,,no,
F-003951,factura,C0140,2026-04-24,2026-05-24,552330,104943,657273,,no,
F-003952,factura,C0249,2026-04-24,2026-05-24,326220,61982,388202,,no,Anulada por nota de crédito
F-003953,factura,C0149,2026-04-24,2026-05-24,1368300,259977,1628277,,no,
F-003954,factura,C0428,2026-04-24,2026-06-08,625290,118805,744095,,no,
F-003955,factura,C0586,2026-04-24,2026-06-08,479450,91096,570546,,no,
F-003956,factura,C0536,2026-04-24,2026-05-24,584350,111026,695376,,no,
F-003957,factura,C1006,2026-04-24,2026-05-24,377460,71717,449177,,no,
F-003958,factura,C0275,2026-04-24,2026-05-24,443690,84301,527991,,no,
F-003959,factura,C1078,2026-04-24,2026-06-23,432550,82184,514734,,no,
F-003960,factura,C1093,2026-04-24,2026-05-24,539050,102420,641470,,no,
F-003961,factura,C1158,2026-04-24,2026-05-24,1146280,217793,1364073,,no,
F-003962,factura,C0227,2026-04-24,2026-06-08,939510,178507,1118017,,no,
F-003963,factura,C0747,2026-04-24,2026-06-23,1788360,339788,2128148,,no,
F-003964,factura,C0180,2026-04-24,2026-05-24,3244800,616512,3861312,,no,
F-003965,factura,C0119,2026-04-24,2026-05-24,1047490,199023,1246513,,no,
F-003966,factura,C0728,2026-04-24,2026-05-24,459320,87271,546591,,no,
F-003967,factura,C0972,2026-04-24,2026-05-24,1313540,249573,1563113,,no,
F-003968,factura,C0281,2026-04-24,2026-05-24,401330,76253,477583,,no,
F-003969,factura,C1117,2026-04-24,2026-05-24,209200,39748,248948,,no,
F-003970,factura,C0958,2026-04-24,2026-06-23,2300150,437028,2737178,,no,
F-003971,factura,C0123,2026-04-24,2026-05-24,249720,47447,297167,,no,
F-003972,factura,C0477,2026-04-24,2026-05-24,963670,183097,1146767,,no,
F-007018,factura,C0249,2026-04-24,2026-05-24,750390,142574,892964,F-002279,no,Reemplaza a F-002279
NC-00061,nota_credito,C0249,2026-04-24,,-862240,-163826,-1026066,F-002279,no,Anula factura por error en precio / orden de compra
NC-00102,nota_credito,C0052,2026-04-25,,-230440,-43784,-274224,F-003604,no,Devolución parcial de mercadería
F-007013,factura,C0249,2026-04-26,2026-05-26,700410,133078,833488,F-001739,no,Reemplaza a F-001739
NC-00048,nota_credito,C0249,2026-04-26,,-795400,-151126,-946526,F-001739,no,Anula factura por error en precio / orden de compra
F-003973,factura,C0899,2026-04-27,2026-05-27,1462850,277942,1740792,,no,
F-003974,factura,C0603,2026-04-27,2026-05-27,465560,88456,554016,,no,
F-003975,factura,C0248,2026-04-27,2026-06-26,350550,66604,417154,,no,
F-003976,factura,C0003,2026-04-27,2026-05-27,1008620,191638,1200258,,no,
F-003977,factura,C0841,2026-04-27,2026-06-26,201690,38321,240011,,no,
F-003978,factura,C0783,2026-04-27,2026-05-27,276340,52505,328845,,no,
F-003979,factura,C0783,2026-04-27,2026-05-27,387070,73543,460613,,no,
F-003980,factura,C0513,2026-04-27,2026-05-27,946180,179774,1125954,,no,
F-003981,factura,C0758,2026-04-27,2026-05-27,786150,149368,935518,,no,
F-003982,factura,C0677,2026-04-27,2026-05-27,1507060,286341,1793401,,no,
F-003983,factura,C0258,2026-04-27,2026-05-27,315610,59966,375576,,no,
F-003984,factura,C0631,2026-04-27,2026-05-27,302370,57450,359820,,no,
F-003985,factura,C0620,2026-04-27,2026-05-27,1003400,190646,1194046,,no,
F-003986,factura,C0997,2026-04-27,2026-05-27,348310,66179,414489,,no,
F-003987,factura,C0507,2026-04-27,2026-05-27,407160,77360,484520,,no,
F-003988,factura,C0510,2026-04-27,2026-05-27,149400,28386,177786,,no,
F-003989,factura,C1194,2026-04-27,2026-05-27,832720,158217,990937,,no,
F-003990,factura,C1078,2026-04-27,2026-06-26,2264370,430230,2694600,,no,
F-003991,factura,C0266,2026-04-27,2026-05-27,289620,55028,344648,,no,
F-003992,factura,C1096,2026-04-27,2026-05-27,1494250,283908,1778158,,no,
F-003993,factura,C0177,2026-04-27,2026-05-27,629230,119554,748784,,no,
F-003994,factura,C1048,2026-04-27,2026-05-27,160720,30537,191257,,no,
F-003995,factura,C0227,2026-04-27,2026-06-11,322540,61283,383823,,no,
F-003996,factura,C0507,2026-04-27,2026-05-27,307000,58330,365330,,no,
F-003997,factura,C1191,2026-04-27,2026-05-27,512240,97326,609566,,no,
F-003998,factura,C0140,2026-04-27,2026-05-27,923000,175370,1098370,,no,
F-003999,factura,C1024,2026-04-27,2026-05-27,2896200,550278,3446478,,no,
F-004000,factura,C0590,2026-04-27,2026-06-26,210000,39900,249900,,no,
F-004001,factura,C0140,2026-04-27,2026-05-27,447730,85069,532799,,no,
F-004002,factura,C1149,2026-04-27,2026-05-27,322220,61222,383442,,no,
F-004003,factura,C0651,2026-04-27,2026-05-27,239280,45463,284743,,no,
F-004004,factura,C1077,2026-04-27,2026-05-27,712210,135320,847530,,no,
F-004005,factura,C1193,2026-04-28,2026-05-28,457090,86847,543937,,no,
F-004006,factura,C0333,2026-04-28,2026-05-28,490540,93203,583743,,no,
F-004007,factura,C0561,2026-04-28,2026-05-28,670600,127414,798014,,no,
F-004008,factura,C0866,2026-04-28,2026-05-28,357030,67836,424866,,no,
F-004009,factura,C0799,2026-04-28,2026-05-28,1014660,192785,1207445,,no,
F-004010,factura,C0551,2026-04-28,2026-05-28,653610,124186,777796,,no,
F-004011,factura,C0618,2026-04-28,2026-05-28,152560,28986,181546,,no,
F-004012,factura,C0060,2026-04-28,2026-05-28,1198110,227641,1425751,,no,
F-004013,factura,C0596,2026-04-28,2026-05-28,1051090,199707,1250797,,no,
F-004014,factura,C0376,2026-04-28,2026-06-27,572210,108720,680930,,no,
F-004015,factura,C0311,2026-04-28,2026-05-28,493590,93782,587372,,no,
F-004016,factura,C0300,2026-04-28,2026-05-28,1486260,282389,1768649,,no,
F-004017,factura,C0770,2026-04-28,2026-05-28,106750,20282,127032,,no,
F-004018,factura,C0507,2026-04-28,2026-05-28,1064340,202225,1266565,,no,
F-004019,factura,C0507,2026-04-28,2026-05-28,269390,51184,320574,,no,
F-004020,factura,C0191,2026-04-28,2026-05-28,946970,179924,1126894,,no,
F-004021,factura,C1159,2026-04-28,2026-05-28,434170,82492,516662,,no,
F-004022,factura,C0249,2026-04-28,2026-05-28,145880,27717,173597,,no,
F-004023,factura,C0476,2026-04-28,2026-05-28,265050,50360,315410,,no,
F-004024,factura,C0227,2026-04-28,2026-06-12,892930,169657,1062587,,no,
F-004025,factura,C0838,2026-04-28,2026-05-28,333270,63321,396591,,no,
F-004026,factura,C0510,2026-04-28,2026-05-28,239830,45568,285398,,no,
F-004027,factura,C0486,2026-04-28,2026-05-28,238550,45324,283874,,no,
F-004028,factura,C1064,2026-04-28,2026-05-28,659130,125235,784365,,no,
F-004029,factura,C0926,2026-04-28,2026-06-27,1599800,303962,1903762,,no,
F-004030,factura,C0631,2026-04-28,2026-05-28,71120,13513,84633,,no,
F-004031,factura,C0554,2026-04-28,2026-05-28,3705870,704115,4409985,,no,
F-004032,factura,C1158,2026-04-28,2026-05-28,464110,88181,552291,,no,
F-004033,factura,C1154,2026-04-28,2026-05-28,627230,119174,746404,,no,
F-004034,factura,C0841,2026-04-28,2026-06-27,278140,52847,330987,,no,
F-004035,factura,C0926,2026-04-28,2026-06-27,393200,74708,467908,,no,
F-004036,factura,C1078,2026-04-28,2026-06-27,459960,87392,547352,,no,
F-004037,factura,C1167,2026-04-28,2026-06-12,170350,32366,202716,,no,
F-004038,factura,C0127,2026-04-28,2026-05-28,206970,39324,246294,,no,
F-007014,factura,C0249,2026-04-28,2026-05-28,883570,167878,1051448,F-001831,no,Reemplaza a F-001831
NC-00049,nota_credito,C0249,2026-04-28,,-932140,-177107,-1109247,F-001831,no,Anula factura por error en precio / orden de compra
NC-00112,nota_credito,C0177,2026-04-28,,-30350,-5766,-36116,F-003837,no,Devolución parcial de mercadería
NC-00116,nota_credito,C0972,2026-04-28,,-372330,-70743,-443073,F-003967,no,Devolución parcial de mercadería
F-004039,factura,C0420,2026-04-29,2026-05-29,319760,60754,380514,,no,
F-004040,factura,C0031,2026-04-29,2026-05-29,860930,163577,1024507,,no,
F-004041,factura,C0590,2026-04-29,2026-06-28,468660,89045,557705,,no,
F-004042,factura,C0306,2026-04-29,2026-05-29,209310,39769,249079,,no,
F-004043,factura,C1078,2026-04-29,2026-06-28,5044740,958501,6003241,,no,
F-004044,factura,C0843,2026-04-29,2026-05-29,639500,121505,761005,,no,
F-004045,factura,C0474,2026-04-29,2026-05-29,276930,52617,329547,,no,
F-004046,factura,C0926,2026-04-29,2026-06-28,385450,73236,458686,,no,
F-004047,factura,C0376,2026-04-29,2026-06-28,573510,108967,682477,,no,
F-004048,factura,C0631,2026-04-29,2026-05-29,572550,108784,681334,,no,
F-004049,factura,C1102,2026-04-29,2026-05-29,1866870,354705,2221575,,no,
F-004050,factura,C0239,2026-04-29,2026-05-29,618160,117450,735610,,no,
F-004051,factura,C0342,2026-04-29,2026-05-29,2905770,552096,3457866,,no,
F-004052,factura,C1078,2026-04-29,2026-06-28,466080,88555,554635,,no,
F-004053,factura,C0550,2026-04-29,2026-05-29,926520,176039,1102559,,no,
F-004054,factura,C0345,2026-04-29,2026-06-13,1492000,283480,1775480,,no,
F-004055,factura,C0052,2026-04-29,2026-05-29,1713700,325603,2039303,,no,
F-004056,factura,C0496,2026-04-29,2026-05-29,1881430,357472,2238902,,no,
F-004057,factura,C0596,2026-04-29,2026-05-29,529900,100681,630581,,no,
F-004058,factura,C0477,2026-04-29,2026-05-29,655830,124608,780438,,no,
F-004059,factura,C0308,2026-04-29,2026-05-29,90630,17220,107850,,no,
F-004060,factura,C0420,2026-04-29,2026-05-29,563110,106991,670101,,no,
F-004061,factura,C0761,2026-04-29,2026-05-29,1577020,299634,1876654,,no,
F-004062,factura,C1078,2026-04-29,2026-06-28,1349860,256473,1606333,,no,
F-004063,factura,C0770,2026-04-29,2026-05-29,614680,116789,731469,,no,
F-004064,factura,C0764,2026-04-29,2026-05-29,2564710,487295,3052005,,no,
F-004065,factura,C0992,2026-04-29,2026-05-29,484480,92051,576531,,no,
F-004066,factura,C0201,2026-04-29,2026-05-29,371440,70574,442014,,no,
F-004067,factura,C0324,2026-04-29,2026-05-29,452940,86059,538999,,no,
NC-00115,nota_credito,C0227,2026-04-29,,-131010,-24892,-155902,F-003962,no,Devolución parcial de mercadería
F-004068,factura,C0683,2026-04-30,2026-05-30,381680,72519,454199,,no,
F-004069,factura,C0647,2026-04-30,2026-05-30,314230,59704,373934,,no,
F-004070,factura,C0676,2026-04-30,2026-05-30,4899490,930903,5830393,,no,
F-004071,factura,C1078,2026-04-30,2026-06-29,203670,38697,242367,,no,
F-004072,factura,C0308,2026-04-30,2026-05-30,3107840,590490,3698330,,no,
F-004073,factura,C0992,2026-04-30,2026-05-30,620180,117834,738014,,no,
F-004074,factura,C0657,2026-04-30,2026-05-30,3089790,587060,3676850,,no,
F-004075,factura,C0587,2026-04-30,2026-05-30,205340,39015,244355,,no,
F-004076,factura,C0323,2026-04-30,2026-05-30,990920,188275,1179195,,no,
F-004077,factura,C0325,2026-04-30,2026-06-29,3827340,727195,4554535,,no,
F-004078,factura,C0450,2026-04-30,2026-05-30,2115980,402036,2518016,,no,
F-004079,factura,C0927,2026-04-30,2026-05-30,913140,173497,1086637,,no,
F-004080,factura,C0570,2026-04-30,2026-05-30,252730,48019,300749,,no,
F-004081,factura,C0190,2026-04-30,2026-06-29,415180,78884,494064,,no,
F-004082,factura,C0926,2026-04-30,2026-06-29,3633760,690414,4324174,,no,
F-004083,factura,C0783,2026-04-30,2026-05-30,905160,171980,1077140,,no,
F-004084,factura,C1078,2026-05-01,2026-06-30,335570,63758,399328,,no,
F-004085,factura,C1078,2026-05-01,2026-06-30,159200,30248,189448,,no,
F-004086,factura,C0376,2026-05-01,2026-06-30,1268200,240958,1509158,,no,
F-004087,factura,C0275,2026-05-01,2026-05-31,288920,54895,343815,,no,
F-004088,factura,C1078,2026-05-01,2026-06-30,555040,105458,660498,,no,
F-004089,factura,C0184,2026-05-01,2026-05-31,3440820,653756,4094576,,no,
F-004090,factura,C0090,2026-05-01,2026-05-31,994850,189022,1183872,,no,
F-004091,factura,C0344,2026-05-01,2026-05-31,1901320,361251,2262571,,no,
F-004092,factura,C0926,2026-05-01,2026-06-30,340660,64725,405385,,no,
F-004093,factura,C0829,2026-05-01,2026-05-31,1234190,234496,1468686,,no,
F-004094,factura,C1195,2026-05-01,2026-05-31,535240,101696,636936,,no,
F-004095,factura,C0403,2026-05-01,2026-05-31,702190,133416,835606,,no,
F-004096,factura,C0305,2026-05-01,2026-05-31,2638740,501361,3140101,,no,
F-004097,factura,C0430,2026-05-01,2026-05-31,419250,79658,498908,,no,
F-004098,factura,C0952,2026-05-01,2026-05-31,532080,101095,633175,,no,
F-004099,factura,C0249,2026-05-01,2026-05-31,254380,48332,302712,,no,
F-004100,factura,C1141,2026-05-01,2026-05-31,1066520,202639,1269159,,no,
F-004101,factura,C0618,2026-05-01,2026-05-31,334580,63570,398150,,no,
F-004102,factura,C0953,2026-05-01,2026-05-31,1187440,225614,1413054,,no,
F-004103,factura,C1002,2026-05-01,2026-05-31,139970,26594,166564,,no,
F-004104,factura,C0575,2026-05-01,2026-05-31,812650,154404,967054,,no,
F-004105,factura,C0906,2026-05-01,2026-06-15,313070,59483,372553,,no,
F-004106,factura,C0417,2026-05-01,2026-05-31,939920,178585,1118505,,no,
F-004107,factura,C0984,2026-05-01,2026-05-31,518290,98475,616765,,no,
F-004108,factura,C0997,2026-05-01,2026-05-31,341420,64870,406290,,no,
F-004109,factura,C0675,2026-05-01,2026-05-31,384570,73068,457638,,no,
F-004110,factura,C0249,2026-05-01,2026-05-31,265360,50418,315778,,no,
F-004111,factura,C1167,2026-05-01,2026-06-15,1024150,194588,1218738,,no,
F-004112,factura,C1141,2026-05-01,2026-05-31,226440,43024,269464,,no,
F-004113,factura,C0747,2026-05-01,2026-06-30,423150,80398,503548,,no,
F-004114,factura,C1191,2026-05-01,2026-05-31,690610,131216,821826,,no,
F-004115,factura,C0603,2026-05-01,2026-05-31,1904890,361929,2266819,,no,
F-004116,factura,C0428,2026-05-01,2026-06-15,520060,98811,618871,,no,
F-004117,factura,C0549,2026-05-01,2026-05-31,431550,81994,513544,,no,
F-004118,factura,C0066,2026-05-01,2026-05-31,652160,123910,776070,,no,
F-004119,factura,C0651,2026-05-01,2026-05-31,99740,18951,118691,,no,
F-004120,factura,C0783,2026-05-01,2026-05-31,200830,38158,238988,,no,
F-004121,factura,C0140,2026-05-01,2026-05-31,388030,73726,461756,,no,
F-004122,factura,C0275,2026-05-01,2026-05-31,296190,56276,352466,,no,
F-007048,factura,C0249,2026-05-02,2026-06-01,1353210,257110,1610320,F-007015,no,Reemplaza a F-007015
NC-00179,nota_credito,C0249,2026-05-02,,-1482640,-281702,-1764342,F-007015,no,Anula factura por error en precio / orden de compra
F-007047,factura,C0249,2026-05-03,2026-06-02,242870,46145,289015,F-007009,no,Anulada por nota de crédito
NC-00178,nota_credito,C0249,2026-05-03,,-270690,-51431,-322121,F-007009,no,Anula factura por error en precio / orden de compra
F-004123,factura,C0233,2026-05-04,2026-06-03,1123930,213547,1337477,,no,
F-004124,factura,C0139,2026-05-04,2026-06-18,687670,130657,818327,,no,
F-004125,factura,C0119,2026-05-04,2026-06-03,4587380,871602,5458982,,no,
F-004126,factura,C0052,2026-05-04,2026-06-03,1908060,362531,2270591,,no,
F-004127,factura,C0677,2026-05-04,2026-06-03,1450780,275648,1726428,,no,
F-004128,factura,C0191,2026-05-04,2026-06-03,972960,184862,1157822,,no,
F-004129,factura,C1078,2026-05-04,2026-07-03,1389440,263994,1653434,,no,
F-004130,factura,C0315,2026-05-04,2026-06-03,131660,25015,156675,,no,
F-004131,factura,C0200,2026-05-04,2026-06-03,1035270,196701,1231971,,no,
F-004132,factura,C0482,2026-05-04,2026-06-03,663700,126103,789803,,no,
F-004133,factura,C1077,2026-05-04,2026-06-03,506060,96151,602211,,no,
F-004134,factura,C0468,2026-05-04,2026-07-03,645560,122656,768216,,no,
F-004135,factura,C0140,2026-05-04,2026-06-03,217410,41308,258718,,no,
F-004136,factura,C1194,2026-05-04,2026-06-03,178180,33854,212034,,no,
F-004137,factura,C0593,2026-05-04,2026-07-03,2046060,388751,2434811,,no,
F-004138,factura,C0376,2026-05-04,2026-07-03,1092470,207569,1300039,,no,
F-004139,factura,C1078,2026-05-04,2026-07-03,109510,20807,130317,,no,
F-004140,factura,C1109,2026-05-04,2026-06-03,475970,90434,566404,,no,
F-004141,factura,C0593,2026-05-04,2026-07-03,1526770,290086,1816856,,no,
F-004142,factura,C0326,2026-05-04,2026-06-03,603330,114633,717963,,no,
F-004143,factura,C0580,2026-05-04,2026-06-03,2043610,388286,2431896,,no,
F-004144,factura,C0249,2026-05-04,2026-06-03,1748080,332135,2080215,,no,
F-004145,factura,C0573,2026-05-04,2026-06-03,254960,48442,303402,,no,
F-004146,factura,C0076,2026-05-05,2026-06-04,1292020,245484,1537504,,no,
F-004147,factura,C0127,2026-05-05,2026-06-04,282940,53759,336699,,no,
F-004148,factura,C0538,2026-05-05,2026-06-04,337900,64201,402101,,no,
F-004149,factura,C0058,2026-05-05,2026-06-04,319880,60777,380657,,no,
F-004150,factura,C0944,2026-05-05,2026-06-04,2828590,537432,3366022,,no,
F-004151,factura,C1054,2026-05-05,2026-06-04,1408420,267600,1676020,,no,
F-004152,factura,C0023,2026-05-05,2026-06-04,1075570,204358,1279928,,no,
F-004153,factura,C0980,2026-05-05,2026-06-04,1212150,230308,1442458,,no,
F-004154,factura,C1191,2026-05-05,2026-06-04,963930,183147,1147077,,no,
F-004155,factura,C0044,2026-05-05,2026-06-04,411390,78164,489554,,no,
F-004156,factura,C0863,2026-05-05,2026-06-04,1520790,288950,1809740,,no,
F-004157,factura,C1199,2026-05-05,2026-06-04,869170,165142,1034312,,no,
F-004158,factura,C0961,2026-05-05,2026-06-19,386140,73367,459507,,no,
F-004159,factura,C0606,2026-05-05,2026-06-04,1596990,303428,1900418,,no,
F-004160,factura,C1078,2026-05-05,2026-07-04,717530,136331,853861,,no,
F-004161,factura,C0841,2026-05-05,2026-07-04,1210070,229913,1439983,,no,
F-004162,factura,C0315,2026-05-05,2026-06-04,912750,173422,1086172,,no,
F-004163,factura,C0249,2026-05-05,2026-06-04,2058120,391043,2449163,,no,Anulada por nota de crédito
F-004164,factura,C0618,2026-05-05,2026-06-04,1203000,228570,1431570,,no,
F-004165,factura,C0427,2026-05-05,2026-06-04,497450,94516,591966,,no,
F-004166,factura,C0371,2026-05-05,2026-06-04,1305120,247973,1553093,,no,
F-004167,factura,C0221,2026-05-05,2026-06-04,1339700,254543,1594243,,no,
F-004168,factura,C1035,2026-05-05,2026-06-04,1518550,288524,1807074,,no,
F-007021,factura,C0249,2026-05-05,2026-06-04,935120,177673,1112793,F-002962,no,Reemplaza a F-002962
NC-00082,nota_credito,C0249,2026-05-05,,-1044000,-198360,-1242360,F-002962,no,Anula factura por error en precio / orden de compra
F-004169,factura,C0167,2026-05-06,2026-06-05,1349570,256418,1605988,,no,
F-004170,factura,C0659,2026-05-06,2026-06-05,467440,88814,556254,,no,
F-004171,factura,C0468,2026-05-06,2026-07-05,1731200,328928,2060128,,no,
F-004172,factura,C1191,2026-05-06,2026-06-05,485630,92270,577900,,no,
F-004173,factura,C0184,2026-05-06,2026-06-05,955470,181539,1137009,,no,
F-004174,factura,C0492,2026-05-06,2026-06-05,339670,64537,404207,,no,
F-004175,factura,C0507,2026-05-06,2026-06-05,358460,68107,426567,,no,
F-004176,factura,C0413,2026-05-06,2026-06-05,151460,28777,180237,,no,
F-004177,factura,C0592,2026-05-06,2026-06-05,1773220,336912,2110132,,no,
F-004178,factura,C0759,2026-05-06,2026-06-05,1707560,324436,2031996,,no,
F-004179,factura,C0399,2026-05-06,2026-06-05,343020,65174,408194,,no,
F-004180,factura,C0841,2026-05-06,2026-07-05,230580,43810,274390,,no,
F-004181,factura,C0313,2026-05-06,2026-06-20,1391890,264459,1656349,,no,
F-004182,factura,C1012,2026-05-06,2026-06-05,456750,86782,543532,,no,
F-004183,factura,C1167,2026-05-06,2026-06-20,460330,87463,547793,,no,
F-004184,factura,C0319,2026-05-06,2026-06-05,173730,33009,206739,,no,
F-004185,factura,C0956,2026-05-06,2026-06-05,335860,63813,399673,,no,
F-004186,factura,C0986,2026-05-06,2026-06-05,682490,129673,812163,,no,
F-004187,factura,C0589,2026-05-06,2026-06-05,171310,32549,203859,,no,
F-004188,factura,C0137,2026-05-06,2026-06-05,314670,59787,374457,,no,
F-004189,factura,C0956,2026-05-06,2026-06-05,346000,65740,411740,,no,
F-004190,factura,C0477,2026-05-06,2026-06-05,510780,97048,607828,,no,
F-004191,factura,C0245,2026-05-06,2026-06-05,1582000,300580,1882580,,no,
F-004192,factura,C0754,2026-05-06,2026-07-05,381010,72392,453402,,no,
F-004193,factura,C0512,2026-05-06,2026-06-05,278770,52966,331736,,no,
F-004194,factura,C0137,2026-05-06,2026-06-05,4358530,828121,5186651,,no,
F-004195,factura,C1191,2026-05-06,2026-06-05,342490,65073,407563,,no,
F-004196,factura,C0268,2026-05-06,2026-06-05,415830,79008,494838,,no,
F-004197,factura,C0617,2026-05-06,2026-06-05,363770,69116,432886,,no,
NC-00118,nota_credito,C1078,2026-05-06,,-53110,-10091,-63201,F-004085,no,Devolución parcial de mercadería
F-004198,factura,C0430,2026-05-07,2026-06-06,255930,48627,304557,,no,
F-004199,factura,C0124,2026-05-07,2026-06-06,700120,133023,833143,,no,
F-004200,factura,C0140,2026-05-07,2026-06-06,5027240,955176,5982416,,no,
F-004201,factura,C0771,2026-05-07,2026-06-21,1271280,241543,1512823,,no,
F-004202,factura,C0420,2026-05-07,2026-06-06,405430,77032,482462,,no,
F-004203,factura,C0507,2026-05-07,2026-06-06,1099000,208810,1307810,,no,
F-004204,factura,C0376,2026-05-07,2026-07-06,2265340,430415,2695755,,no,
F-004205,factura,C0554,2026-05-07,2026-06-06,130460,24787,155247,,no,
F-004206,factura,C0761,2026-05-07,2026-06-06,1152120,218903,1371023,,no,
F-004207,factura,C0643,2026-05-07,2026-06-21,742780,141128,883908,,no,
F-004208,factura,C0199,2026-05-07,2026-06-06,269010,51112,320122,,no,
F-004209,factura,C0589,2026-05-07,2026-06-06,1068350,202986,1271336,,no,
F-004210,factura,C0549,2026-05-07,2026-06-06,897080,170445,1067525,,no,
F-004211,factura,C0647,2026-05-07,2026-06-06,981480,186481,1167961,,no,
F-004212,factura,C0140,2026-05-07,2026-06-06,757270,143881,901151,,no,
F-004213,factura,C0190,2026-05-07,2026-07-06,441980,83976,525956,,no,
F-004214,factura,C0632,2026-05-07,2026-07-06,312460,59367,371827,,no,
F-004215,factura,C0303,2026-05-07,2026-06-06,575810,109404,685214,,no,
F-004216,factura,C0754,2026-05-07,2026-07-06,1989680,378039,2367719,,no,
F-004217,factura,C0427,2026-05-07,2026-06-06,1205660,229075,1434735,,no,
F-004218,factura,C0249,2026-05-07,2026-06-06,946710,179875,1126585,,no,
F-004219,factura,C0772,2026-05-07,2026-06-06,435510,82747,518257,,no,
F-004220,factura,C0461,2026-05-07,2026-06-06,741890,140959,882849,,no,
F-004221,factura,C0191,2026-05-07,2026-06-06,1804530,342861,2147391,,no,
F-004222,factura,C0507,2026-05-07,2026-06-06,683050,129780,812830,,no,
F-004223,factura,C1097,2026-05-07,2026-06-06,123870,23535,147405,,no,
F-004224,factura,C0228,2026-05-07,2026-07-06,583150,110798,693948,,no,
F-004225,factura,C1064,2026-05-07,2026-06-06,680060,129211,809271,,no,
F-004226,factura,C0992,2026-05-07,2026-06-06,484270,92011,576281,,no,
F-004227,factura,C0140,2026-05-07,2026-06-06,718950,136600,855550,,no,
F-004228,factura,C0055,2026-05-08,2026-06-07,7193120,1366693,8559813,,no,
F-004229,factura,C1104,2026-05-08,2026-06-07,656090,124657,780747,,no,
F-004230,factura,C1196,2026-05-08,2026-07-07,232350,44146,276496,,no,
F-004231,factura,C0163,2026-05-08,2026-06-22,443950,84350,528300,,no,
F-004232,factura,C0811,2026-05-08,2026-06-07,1923750,365512,2289262,,no,
F-004233,factura,C0507,2026-05-08,2026-06-07,197420,37510,234930,,no,
F-004234,factura,C0186,2026-05-08,2026-06-07,304510,57857,362367,,no,
F-004235,factura,C1199,2026-05-08,2026-06-07,1347260,255979,1603239,,no,
F-004236,factura,C1117,2026-05-08,2026-06-07,447370,85000,532370,,no,
F-004237,factura,C1191,2026-05-08,2026-06-07,509020,96714,605734,,no,
F-004238,factura,C0181,2026-05-08,2026-06-07,1312100,249299,1561399,,no,
F-004239,factura,C0590,2026-05-08,2026-07-07,313320,59531,372851,,no,
F-004240,factura,C1078,2026-05-08,2026-07-07,171710,32625,204335,,no,
F-004241,factura,C0798,2026-05-08,2026-06-07,183020,34774,217794,,no,
F-004242,factura,C0507,2026-05-08,2026-06-07,885460,168237,1053697,,no,
F-004243,factura,C0624,2026-05-08,2026-06-07,684020,129964,813984,,no,
F-004244,factura,C0057,2026-05-08,2026-06-07,319460,60697,380157,,no,
F-004245,factura,C0737,2026-05-08,2026-06-07,220010,41802,261812,,no,
F-004246,factura,C1054,2026-05-08,2026-06-07,447750,85072,532822,,no,
F-004247,factura,C0004,2026-05-08,2026-06-07,1358180,258054,1616234,,no,
F-004248,factura,C0192,2026-05-08,2026-06-07,284870,54125,338995,,no,
F-004249,factura,C0627,2026-05-08,2026-06-07,327190,62166,389356,,no,
F-004250,factura,C0660,2026-05-08,2026-06-07,214490,40753,255243,,no,
F-004251,factura,C0379,2026-05-08,2026-06-07,414370,78730,493100,,no,
F-004252,factura,C0040,2026-05-08,2026-06-07,728620,138438,867058,,no,
F-004253,factura,C0906,2026-05-08,2026-06-22,3019420,573690,3593110,,no,
F-004254,factura,C0266,2026-05-08,2026-06-07,661770,125736,787506,,no,
F-004255,factura,C0763,2026-05-08,2026-06-07,532590,101192,633782,,no,
F-007030,factura,C0249,2026-05-10,2026-06-09,442470,84069,526539,F-003688,no,Reemplaza a F-003688
NC-00108,nota_credito,C0249,2026-05-10,,-501210,-95230,-596440,F-003688,no,Anula factura por error en precio / orden de compra
F-004256,factura,C0843,2026-05-11,2026-06-10,1301390,247264,1548654,,no,
F-004257,factura,C0023,2026-05-11,2026-06-10,526990,100128,627118,,no,
F-004258,factura,C0926,2026-05-11,2026-07-10,298060,56631,354691,,no,
F-004259,factura,C0771,2026-05-11,2026-06-25,162300,30837,193137,,no,
F-004260,factura,C0303,2026-05-11,2026-06-10,1640920,311775,1952695,,no,
F-004261,factura,C0820,2026-05-11,2026-06-10,1201930,228367,1430297,,no,
F-004262,factura,C0163,2026-05-11,2026-06-25,1744150,331388,2075538,,no,
F-004263,factura,C0997,2026-05-11,2026-06-10,383420,72850,456270,,no,
F-004264,factura,C1056,2026-05-11,2026-06-10,1302840,247540,1550380,,no,
F-004265,factura,C0586,2026-05-11,2026-06-25,205840,39110,244950,,no,
F-004266,factura,C0608,2026-05-11,2026-06-10,341600,64904,406504,,no,
F-004267,factura,C0469,2026-05-11,2026-06-10,757490,143923,901413,,no,
F-004268,factura,C0379,2026-05-11,2026-06-10,1164210,221200,1385410,,no,
F-004269,factura,C1062,2026-05-11,2026-06-10,2623970,498554,3122524,,no,
F-004270,factura,C0325,2026-05-11,2026-07-10,565200,107388,672588,,no,
F-004271,factura,C0469,2026-05-11,2026-06-10,342620,65098,407718,,no,
F-004272,factura,C0323,2026-05-11,2026-06-10,328820,62476,391296,,no,
F-004273,factura,C0772,2026-05-11,2026-06-10,395030,75056,470086,,no,
F-004274,factura,C0992,2026-05-11,2026-06-10,4048310,769179,4817489,,no,
F-004275,factura,C0199,2026-05-11,2026-06-10,1254800,238412,1493212,,no,
F-004276,factura,C0275,2026-05-11,2026-06-10,1667800,316882,1984682,,no,
F-004277,factura,C0140,2026-05-11,2026-06-10,565690,107481,673171,,no,
F-004278,factura,C0193,2026-05-11,2026-06-10,683970,129954,813924,,no,
F-004279,factura,C0477,2026-05-11,2026-06-10,1198280,227673,1425953,,no,
F-004280,factura,C0940,2026-05-11,2026-06-10,456960,86822,543782,,no,
F-004281,factura,C0643,2026-05-11,2026-06-25,542500,103075,645575,,no,
F-004282,factura,C0079,2026-05-11,2026-06-10,399200,75848,475048,,no,
F-004283,factura,C0749,2026-05-11,2026-06-10,478780,90968,569748,,no,
F-004284,factura,C0959,2026-05-11,2026-06-10,712240,135326,847566,,no,
F-004285,factura,C0632,2026-05-12,2026-07-11,508650,96644,605294,,no,
F-004286,factura,C0285,2026-05-12,2026-06-11,447750,85072,532822,,no,
F-004287,factura,C0813,2026-05-12,2026-06-11,263290,50025,313315,,no,
F-004288,factura,C1078,2026-05-12,2026-07-11,383980,72956,456936,,no,
F-004289,factura,C0134,2026-05-12,2026-06-11,673550,127974,801524,,no,
F-004290,factura,C0956,2026-05-12,2026-06-11,244180,46394,290574,,no,
F-004291,factura,C0191,2026-05-12,2026-06-11,342360,65048,407408,,no,
F-004292,factura,C0370,2026-05-12,2026-06-11,2085610,396266,2481876,,no,
F-004293,factura,C0399,2026-05-12,2026-06-11,167730,31869,199599,,no,
F-004294,factura,C0245,2026-05-12,2026-06-11,522150,99208,621358,,no,
F-004295,factura,C0119,2026-05-12,2026-06-11,237800,45182,282982,,no,
F-004296,factura,C0934,2026-05-12,2026-06-26,331350,62956,394306,,no,
F-004297,factura,C0958,2026-05-12,2026-07-11,516100,98059,614159,,no,
F-004298,factura,C1199,2026-05-12,2026-06-11,274360,52128,326488,,no,
F-004299,factura,C1119,2026-05-12,2026-06-11,956840,181800,1138640,,no,
F-004300,factura,C0507,2026-05-12,2026-06-11,1781860,338553,2120413,,no,
F-004301,factura,C0168,2026-05-12,2026-06-11,1185400,225226,1410626,,no,
F-004302,factura,C0019,2026-05-12,2026-06-11,1372220,260722,1632942,,no,
F-004303,factura,C0632,2026-05-12,2026-07-11,200480,38091,238571,,no,
F-004304,factura,C1054,2026-05-12,2026-06-11,497720,94567,592287,,no,
F-004305,factura,C0296,2026-05-12,2026-06-11,878690,166951,1045641,,no,
F-004306,factura,C0234,2026-05-12,2026-06-11,1213720,230607,1444327,,no,
F-004307,factura,C0515,2026-05-12,2026-06-11,2458180,467054,2925234,,no,
F-004308,factura,C1078,2026-05-12,2026-07-11,1421870,270155,1692025,,no,
F-004309,factura,C0530,2026-05-12,2026-06-11,1238540,235323,1473863,,no,
F-004310,factura,C0857,2026-05-12,2026-06-11,4970970,944484,5915454,,no,
F-004311,factura,C1054,2026-05-13,2026-06-12,917660,174355,1092015,,no,
F-004312,factura,C0698,2026-05-13,2026-06-12,458670,87147,545817,,no,
F-004313,factura,C0249,2026-05-13,2026-06-12,552910,105053,657963,,no,
F-004314,factura,C1184,2026-05-13,2026-06-12,303120,57593,360713,,no,
F-004315,factura,C1127,2026-05-13,2026-07-12,721060,137001,858061,,no,
F-004316,factura,C1036,2026-05-13,2026-06-12,676790,128590,805380,,no,
F-004317,factura,C1096,2026-05-13,2026-06-12,587190,111566,698756,,no,
F-004318,factura,C0441,2026-05-13,2026-06-12,228520,43419,271939,,no,
F-004319,factura,C0249,2026-05-13,2026-06-12,714260,135709,849969,,no,
F-004320,factura,C0227,2026-05-13,2026-06-27,378360,71888,450248,,no,
F-004321,factura,C1062,2026-05-13,2026-06-12,262610,49896,312506,,no,
F-004322,factura,C1000,2026-05-13,2026-06-12,1592150,302508,1894658,,no,
F-004323,factura,C1191,2026-05-13,2026-06-12,3278770,622966,3901736,,no,
F-004324,factura,C1039,2026-05-13,2026-06-12,2734060,519471,3253531,,no,
F-004325,factura,C0755,2026-05-13,2026-06-12,972180,184714,1156894,,no,
F-004326,factura,C0181,2026-05-13,2026-06-12,467300,88787,556087,,no,
F-004327,factura,C0201,2026-05-13,2026-06-12,546300,103797,650097,,no,
F-004328,factura,C0565,2026-05-13,2026-06-12,799450,151896,951346,,no,
F-004329,factura,C0934,2026-05-13,2026-06-27,412920,78455,491375,,no,
F-004330,factura,C0216,2026-05-13,2026-06-12,1659870,315375,1975245,,no,
F-004331,factura,C1097,2026-05-13,2026-06-12,113390,21544,134934,,no,
F-004332,factura,C0807,2026-05-13,2026-06-12,456170,86672,542842,,no,
F-004333,factura,C0340,2026-05-13,2026-06-12,1096970,208424,1305394,,no,
F-004334,factura,C1078,2026-05-13,2026-07-12,293920,55845,349765,,no,
F-004335,factura,C0718,2026-05-13,2026-06-12,476910,90613,567523,,no,
F-004336,factura,C0888,2026-05-13,2026-06-12,929230,176554,1105784,,no,
F-004337,factura,C0447,2026-05-13,2026-06-12,1947030,369936,2316966,,no,
F-004338,factura,C0242,2026-05-14,2026-06-13,751230,142734,893964,,no,
F-004339,factura,C0672,2026-05-14,2026-06-13,951900,180861,1132761,,no,
F-004340,factura,C0710,2026-05-14,2026-06-13,723230,137414,860644,,no,
F-004341,factura,C0163,2026-05-14,2026-06-28,1056710,200775,1257485,,no,
F-004342,factura,C0228,2026-05-14,2026-07-13,598990,113808,712798,,no,
F-004343,factura,C1155,2026-05-14,2026-06-13,4461530,847691,5309221,,no,
F-004344,factura,C0610,2026-05-14,2026-06-13,723230,137414,860644,,no,
F-004345,factura,C0227,2026-05-14,2026-06-28,1395520,265149,1660669,,no,
F-004346,factura,C0961,2026-05-14,2026-06-28,518070,98433,616503,,no,
F-004347,factura,C0560,2026-05-14,2026-06-13,1866550,354644,2221194,,no,
F-004348,factura,C0757,2026-05-14,2026-06-13,1590980,302286,1893266,,no,
F-004349,factura,C0321,2026-05-14,2026-06-13,1237370,235100,1472470,,no,
F-004350,factura,C0088,2026-05-14,2026-06-13,388950,73900,462850,,no,
F-004351,factura,C0201,2026-05-14,2026-06-13,484640,92082,576722,,no,
F-004352,factura,C1167,2026-05-14,2026-06-28,3409330,647773,4057103,,no,
F-004353,factura,C0747,2026-05-14,2026-07-13,480370,91270,571640,,no,
F-004354,factura,C1008,2026-05-14,2026-06-13,1477420,280710,1758130,,no,
F-004355,factura,C0031,2026-05-14,2026-06-13,415550,78954,494504,,no,
F-004356,factura,C0586,2026-05-14,2026-06-28,510920,97075,607995,,no,
F-004357,factura,C0783,2026-05-14,2026-06-13,409440,77794,487234,,no,
F-004358,factura,C0401,2026-05-14,2026-06-13,500430,95082,595512,,no,
F-004359,factura,C0747,2026-05-14,2026-07-13,568100,107939,676039,,no,
F-004360,factura,C0050,2026-05-14,2026-06-13,1223010,232372,1455382,,no,
F-004361,factura,C0064,2026-05-14,2026-06-13,935270,177701,1112971,,no,
F-004362,factura,C0961,2026-05-14,2026-06-28,368410,69998,438408,,no,
F-007026,factura,C0249,2026-05-14,2026-06-13,197090,37447,234537,F-003295,no,Reemplaza a F-003295
NC-00095,nota_credito,C0249,2026-05-14,,-216930,-41217,-258147,F-003295,no,Anula factura por error en precio / orden de compra
F-004363,factura,C0028,2026-05-15,2026-06-14,1848870,351285,2200155,,no,
F-004364,factura,C0614,2026-05-15,2026-06-14,1046410,198818,1245228,,no,
F-004365,factura,C0309,2026-05-15,2026-06-14,3872650,735804,4608454,,no,
F-004366,factura,C0828,2026-05-15,2026-06-14,4468190,848956,5317146,,no,
F-004367,factura,C0313,2026-05-15,2026-06-29,1925020,365754,2290774,,no,
F-004368,factura,C0579,2026-05-15,2026-06-14,687070,130543,817613,,no,
F-004369,factura,C0241,2026-05-15,2026-06-14,822570,156288,978858,,no,
F-004370,factura,C1004,2026-05-15,2026-06-14,401520,76289,477809,,no,
F-004371,factura,C1105,2026-05-15,2026-06-14,1234860,234623,1469483,,no,
F-004372,factura,C0471,2026-05-15,2026-06-14,551480,104781,656261,,no,
F-004373,factura,C0526,2026-05-15,2026-06-14,981800,186542,1168342,,no,
F-004374,factura,C1191,2026-05-15,2026-06-14,1573610,298986,1872596,,no,
F-004375,factura,C0181,2026-05-15,2026-06-14,261300,49647,310947,,no,
F-004376,factura,C0675,2026-05-15,2026-06-14,851640,161812,1013452,,no,
F-004377,factura,C1077,2026-05-15,2026-06-14,1224910,232733,1457643,,no,
F-004378,factura,C0315,2026-05-15,2026-06-14,860520,163499,1024019,,no,
F-004379,factura,C0319,2026-05-15,2026-06-14,1028890,195489,1224379,,no,
F-004380,factura,C0363,2026-05-15,2026-06-14,726110,137961,864071,,no,
F-004381,factura,C0027,2026-05-15,2026-06-14,400670,76127,476797,,no,
F-004382,factura,C0204,2026-05-15,2026-06-14,832840,158240,991080,,no,
F-007020,factura,C0249,2026-05-16,2026-06-15,415030,78856,493886,F-002637,no,Anulada por nota de crédito
NC-00077,nota_credito,C0249,2026-05-16,,-473700,-90003,-563703,F-002637,no,Anula factura por error en precio / orden de compra
NC-00117,nota_credito,C0554,2026-05-16,,-1116850,-212202,-1329052,F-004031,no,Devolución parcial de mercadería
F-004383,factura,C1195,2026-05-18,2026-06-17,371790,70640,442430,,no,
F-004384,factura,C0111,2026-05-18,2026-06-17,1116180,212074,1328254,,no,
F-004385,factura,C0603,2026-05-18,2026-06-17,319900,60781,380681,,no,
F-004386,factura,C1062,2026-05-18,2026-06-17,614300,116717,731017,,no,
F-004387,factura,C0004,2026-05-18,2026-06-17,489600,93024,582624,,no,
F-004388,factura,C0513,2026-05-18,2026-06-17,60460,11487,71947,,no,
F-004389,factura,C0683,2026-05-18,2026-06-17,620480,117891,738371,,no,
F-004390,factura,C0632,2026-05-18,2026-07-17,398940,75799,474739,,no,
F-004391,factura,C0884,2026-05-18,2026-06-17,692010,131482,823492,,no,
F-004392,factura,C0102,2026-05-18,2026-06-17,819980,155796,975776,,no,
F-004393,factura,C0956,2026-05-18,2026-06-17,3368600,640034,4008634,,no,
F-004394,factura,C0310,2026-05-18,2026-07-02,1044900,198531,1243431,,no,
F-004395,factura,C0998,2026-05-18,2026-06-17,1069770,203256,1273026,,no,
F-004396,factura,C0496,2026-05-18,2026-06-17,1217310,231289,1448599,,no,
F-004397,factura,C0060,2026-05-18,2026-06-17,1644770,312506,1957276,,no,
F-004398,factura,C1167,2026-05-18,2026-07-02,1177710,223765,1401475,,no,
F-004399,factura,C0946,2026-05-18,2026-06-17,1025850,194912,1220762,,no,
F-004400,factura,C0382,2026-05-18,2026-06-17,1446500,274835,1721335,,no,
F-004401,factura,C0300,2026-05-18,2026-06-17,117520,22329,139849,,no,
F-004402,factura,C0691,2026-05-18,2026-06-17,4355300,827507,5182807,,no,
F-004403,factura,C1195,2026-05-18,2026-06-17,2921030,554996,3476026,,no,
F-004404,factura,C0313,2026-05-18,2026-07-02,974200,185098,1159298,,no,
F-004405,factura,C1141,2026-05-18,2026-06-17,264410,50238,314648,,no,
F-004406,factura,C0373,2026-05-18,2026-06-17,2156380,409712,2566092,,no,
F-004407,factura,C0840,2026-05-18,2026-06-17,470030,89306,559336,,no,
F-004408,factura,C0440,2026-05-18,2026-06-17,1255110,238471,1493581,,no,
F-004409,factura,C1099,2026-05-19,2026-06-18,316330,60103,376433,,no,
F-004410,factura,C1167,2026-05-19,2026-07-03,817910,155403,973313,,no,
F-004411,factura,C0683,2026-05-19,2026-06-18,1664270,316211,1980481,,no,
F-004412,factura,C0960,2026-05-19,2026-06-18,1456660,276765,1733425,,no,
F-004413,factura,C0755,2026-05-19,2026-06-18,313420,59550,372970,,no,
F-004414,factura,C0507,2026-05-19,2026-06-18,53660,10195,63855,,no,
F-004415,factura,C0087,2026-05-19,2026-06-18,903230,171614,1074844,,no,
F-004416,factura,C0850,2026-05-19,2026-06-18,323810,61524,385334,,no,
F-004417,factura,C0834,2026-05-19,2026-06-18,1083040,205778,1288818,,no,
F-004418,factura,C0149,2026-05-19,2026-06-18,1407940,267509,1675449,,no,
F-004419,factura,C0249,2026-05-19,2026-06-18,1604510,304857,1909367,,no,Anulada por nota de crédito
F-004420,factura,C0882,2026-05-19,2026-06-18,2658340,505085,3163425,,no,
F-004421,factura,C0186,2026-05-19,2026-06-18,1770030,336306,2106336,,no,
F-004422,factura,C0822,2026-05-19,2026-06-18,2668590,507032,3175622,,no,
F-004423,factura,C0850,2026-05-19,2026-06-18,1984090,376977,2361067,,no,
F-004424,factura,C0393,2026-05-19,2026-06-18,2127360,404198,2531558,,no,
F-004425,factura,C0427,2026-05-19,2026-06-18,234680,44589,279269,,no,
F-004426,factura,C0403,2026-05-19,2026-06-18,4795730,911189,5706919,,no,
F-004427,factura,C0731,2026-05-19,2026-06-18,692310,131539,823849,,no,
F-004428,factura,C0873,2026-05-20,2026-06-19,2789450,529996,3319446,,no,
F-004429,factura,C0940,2026-05-20,2026-06-19,1115700,211983,1327683,,no,
F-004430,factura,C0958,2026-05-20,2026-07-19,651750,123832,775582,,no,
F-004431,factura,C0608,2026-05-20,2026-06-19,2084980,396146,2481126,,no,
F-004432,factura,C1141,2026-05-20,2026-06-19,1252870,238045,1490915,,no,
F-004433,factura,C0240,2026-05-20,2026-06-19,2725300,517807,3243107,,no,
F-004434,factura,C0606,2026-05-20,2026-06-19,1007040,191338,1198378,,no,
F-004435,factura,C0347,2026-05-20,2026-06-19,1055160,200480,1255640,,no,
F-004436,factura,C0996,2026-05-20,2026-06-19,751590,142802,894392,,no,
F-004437,factura,C0127,2026-05-20,2026-06-19,1165340,221415,1386755,,no,
F-004438,factura,C0507,2026-05-20,2026-06-19,3672960,697862,4370822,,no,
F-004439,factura,C0939,2026-05-20,2026-06-19,631550,119994,751544,,no,
F-004440,factura,C0340,2026-05-20,2026-06-19,1585660,301275,1886935,,no,
F-004441,factura,C0263,2026-05-20,2026-06-19,466860,88703,555563,,no,
F-004442,factura,C0288,2026-05-20,2026-06-19,180730,34339,215069,,no,
F-004443,factura,C0843,2026-05-20,2026-06-19,1114720,211797,1326517,,no,
F-004444,factura,C0312,2026-05-20,2026-06-19,1269930,241287,1511217,,no,
F-004445,factura,C0469,2026-05-20,2026-06-19,864670,164287,1028957,,no,
F-004446,factura,C0647,2026-05-20,2026-06-19,285320,54211,339531,,no,
F-004447,factura,C1127,2026-05-20,2026-07-19,1204510,228857,1433367,,no,
F-004448,factura,C0958,2026-05-20,2026-07-19,1168460,222007,1390467,,no,
F-004449,factura,C0227,2026-05-20,2026-07-04,463760,88114,551874,,no,
F-004450,factura,C1078,2026-05-20,2026-07-19,319770,60756,380526,,no,
F-004451,factura,C1034,2026-05-20,2026-06-19,771610,146606,918216,,no,
F-004452,factura,C0906,2026-05-20,2026-07-04,1591980,302476,1894456,,no,
F-004453,factura,C0658,2026-05-21,2026-06-20,201240,38236,239476,,no,
F-004454,factura,C0007,2026-05-21,2026-06-20,557840,105990,663830,,no,
F-004455,factura,C0310,2026-05-21,2026-07-05,923940,175549,1099489,,no,
F-004456,factura,C0944,2026-05-21,2026-06-20,573150,108898,682048,,no,
F-004457,factura,C0906,2026-05-21,2026-07-05,238520,45319,283839,,no,
F-004458,factura,C0019,2026-05-21,2026-06-20,91050,17300,108350,,no,
F-004459,factura,C0557,2026-05-21,2026-06-20,2078640,394942,2473582,,no,
F-004460,factura,C0513,2026-05-21,2026-06-20,749410,142388,891798,,no,
F-004461,factura,C0771,2026-05-21,2026-07-05,1562900,296951,1859851,,no,
F-004462,factura,C0163,2026-05-21,2026-07-05,1291800,245442,1537242,,no,
F-004463,factura,C0747,2026-05-21,2026-07-20,990620,188218,1178838,,no,
F-004464,factura,C1141,2026-05-21,2026-06-20,475220,90292,565512,,no,
F-004465,factura,C0421,2026-05-21,2026-06-20,909300,172767,1082067,,no,
F-004466,factura,C0376,2026-05-21,2026-07-20,1933110,367291,2300401,,no,
F-004467,factura,C0040,2026-05-21,2026-06-20,656730,124779,781509,,no,
F-004468,factura,C0087,2026-05-21,2026-06-20,2813600,534584,3348184,,no,
F-004469,factura,C1115,2026-05-21,2026-06-20,185180,35184,220364,,no,
F-004470,factura,C1178,2026-05-21,2026-06-20,169920,32285,202205,,no,
F-004471,factura,C0011,2026-05-21,2026-06-20,1354680,257389,1612069,,no,
F-004472,factura,C1080,2026-05-21,2026-06-20,319210,60650,379860,,no,
F-004473,factura,C0216,2026-05-21,2026-06-20,3151160,598720,3749880,,no,
F-004474,factura,C0662,2026-05-21,2026-06-20,1791360,340358,2131718,,no,
F-004475,factura,C0803,2026-05-21,2026-06-20,2188380,415792,2604172,,no,
F-004476,factura,C0403,2026-05-21,2026-06-20,1246890,236909,1483799,,no,
F-004477,factura,C0632,2026-05-21,2026-07-20,294000,55860,349860,,no,
F-004478,factura,C0754,2026-05-21,2026-07-20,162940,30959,193899,,no,
F-004479,factura,C0228,2026-05-21,2026-07-20,2032650,386204,2418854,,no,
F-004480,factura,C1196,2026-05-21,2026-07-20,185160,35180,220340,,no,
F-004481,factura,C1167,2026-05-22,2026-07-06,1812360,344348,2156708,,no,
F-004482,factura,C0031,2026-05-22,2026-06-21,1220170,231832,1452002,,no,
F-004483,factura,C0844,2026-05-22,2026-06-21,1119660,212735,1332395,,no,
F-004484,factura,C1185,2026-05-22,2026-06-21,984480,187051,1171531,,no,
F-004485,factura,C0140,2026-05-22,2026-06-21,534270,101511,635781,,no,
F-004486,factura,C0301,2026-05-22,2026-07-21,612280,116333,728613,,no,
F-004487,factura,C0651,2026-05-22,2026-06-21,950700,180633,1131333,,no,
F-004488,factura,C1032,2026-05-22,2026-06-21,678540,128923,807463,,no,
F-004489,factura,C0607,2026-05-22,2026-06-21,1896540,360343,2256883,,no,
F-004490,factura,C0090,2026-05-22,2026-06-21,839990,159598,999588,,no,
F-004491,factura,C0163,2026-05-22,2026-07-06,1053000,200070,1253070,,no,
F-004492,factura,C0428,2026-05-22,2026-07-06,253780,48218,301998,,no,
F-004493,factura,C0357,2026-05-22,2026-06-21,1657740,314971,1972711,,no,
F-004494,factura,C0249,2026-05-22,2026-06-21,489650,93034,582684,,no,Anulada por nota de crédito
F-004495,factura,C1026,2026-05-22,2026-06-21,338490,64313,402803,,no,
F-004496,factura,C0035,2026-05-22,2026-06-21,2909030,552716,3461746,,no,
F-004497,factura,C1006,2026-05-22,2026-06-21,1362020,258784,1620804,,no,
F-004498,factura,C1101,2026-05-22,2026-06-21,1703270,323621,2026891,,no,
F-004499,factura,C0754,2026-05-22,2026-07-21,1121280,213043,1334323,,no,
F-004500,factura,C0752,2026-05-22,2026-06-21,723500,137465,860965,,no,
F-004501,factura,C0186,2026-05-22,2026-06-21,623250,118418,741668,,no,
F-004502,factura,C0677,2026-05-22,2026-06-21,1453770,276216,1729986,,no,
F-004503,factura,C0428,2026-05-22,2026-07-06,1928780,366468,2295248,,no,
F-004504,factura,C0559,2026-05-25,2026-06-24,705910,134123,840033,,no,
F-004505,factura,C0520,2026-05-25,2026-06-24,617590,117342,734932,,no,
F-004506,factura,C0915,2026-05-25,2026-06-24,1089510,207007,1296517,,no,
F-004507,factura,C0593,2026-05-25,2026-07-24,433270,82321,515591,,no,
F-004508,factura,C0501,2026-05-25,2026-06-24,779520,148109,927629,,no,
F-004509,factura,C0879,2026-05-25,2026-06-24,698260,132669,830929,,no,
F-004510,factura,C1106,2026-05-25,2026-06-24,899900,170981,1070881,,no,
F-004511,factura,C0958,2026-05-25,2026-07-24,917920,174405,1092325,,no,
F-004512,factura,C0899,2026-05-25,2026-06-24,956880,181807,1138687,,no,
F-004513,factura,C0586,2026-05-25,2026-07-09,748450,142206,890656,,no,
F-004514,factura,C1080,2026-05-25,2026-06-24,2433870,462435,2896305,,no,
F-004515,factura,C0586,2026-05-25,2026-07-09,972760,184824,1157584,,no,
F-004516,factura,C1110,2026-05-25,2026-06-24,5579600,1060124,6639724,,no,
F-004517,factura,C0969,2026-05-25,2026-06-24,721960,137172,859132,,no,
F-004518,factura,C0186,2026-05-25,2026-06-24,1494000,283860,1777860,,no,
F-004519,factura,C0067,2026-05-25,2026-06-24,388090,73737,461827,,no,
F-004520,factura,C0906,2026-05-25,2026-07-09,2127530,404231,2531761,,no,
F-004521,factura,C0812,2026-05-25,2026-06-24,394910,75033,469943,,no,
F-004522,factura,C0726,2026-05-25,2026-06-24,999030,189816,1188846,,no,
F-004523,factura,C1179,2026-05-25,2026-06-24,561460,106677,668137,,no,
F-004524,factura,C0647,2026-05-25,2026-06-24,995940,189229,1185169,,no,
F-004525,factura,C0382,2026-05-25,2026-06-24,574930,109237,684167,,no,
F-004526,factura,C0671,2026-05-25,2026-06-24,368960,70102,439062,,no,
NC-00124,nota_credito,C0310,2026-05-25,,-196940,-37419,-234359,F-004455,no,Devolución parcial de mercadería
F-004527,factura,C1017,2026-05-26,2026-06-25,1064800,202312,1267112,,no,
F-004528,factura,C0592,2026-05-26,2026-06-25,196120,37263,233383,,no,
F-004529,factura,C0507,2026-05-26,2026-06-25,2076330,394503,2470833,,no,
F-004530,factura,C0184,2026-05-26,2026-06-25,1143050,217180,1360230,,no,
F-004531,factura,C1064,2026-05-26,2026-06-25,350310,66559,416869,,no,
F-004532,factura,C0081,2026-05-26,2026-06-25,1736960,330022,2066982,,no,
F-004533,factura,C0260,2026-05-26,2026-06-25,220330,41863,262193,,no,
F-004534,factura,C0747,2026-05-26,2026-07-25,485950,92330,578280,,no,
F-004535,factura,C0838,2026-05-26,2026-06-25,148480,28211,176691,,no,
F-004536,factura,C0964,2026-05-26,2026-06-25,1806040,343148,2149188,,no,
F-004537,factura,C0482,2026-05-26,2026-06-25,110360,20968,131328,,no,
F-004538,factura,C0380,2026-05-26,2026-06-25,130230,24744,154974,,no,
F-004539,factura,C0313,2026-05-26,2026-07-10,248110,47141,295251,,no,
F-004540,factura,C0677,2026-05-26,2026-06-25,1187370,225600,1412970,,no,
F-004541,factura,C0382,2026-05-26,2026-06-25,884930,168137,1053067,,no,
F-004542,factura,C0370,2026-05-26,2026-06-25,454540,86363,540903,,no,
F-004543,factura,C0028,2026-05-26,2026-06-25,931480,176981,1108461,,no,
F-004544,factura,C1141,2026-05-26,2026-06-25,375890,71419,447309,,no,
F-004545,factura,C0091,2026-05-26,2026-06-25,578000,109820,687820,,no,
F-004546,factura,C0301,2026-05-26,2026-07-25,1545360,293618,1838978,,no,
F-004547,factura,C1101,2026-05-26,2026-06-25,338440,64304,402744,,no,
F-004548,factura,C0896,2026-05-26,2026-06-25,223300,42427,265727,,no,
F-004549,factura,C0778,2026-05-26,2026-06-25,745350,141616,886966,,no,
F-004550,factura,C0140,2026-05-26,2026-06-25,450340,85565,535905,,no,
F-004551,factura,C0274,2026-05-26,2026-06-25,350940,66679,417619,,no,
F-004552,factura,C1153,2026-05-26,2026-06-25,456540,86743,543283,,no,
F-004553,factura,C0250,2026-05-26,2026-06-25,556290,105695,661985,,no,
F-004554,factura,C0752,2026-05-26,2026-06-25,518800,98572,617372,,no,
F-004555,factura,C0647,2026-05-26,2026-06-25,1498550,284724,1783274,,no,
F-004556,factura,C0181,2026-05-26,2026-06-25,554060,105271,659331,,no,
F-004557,factura,C0414,2026-05-26,2026-06-25,323280,61423,384703,,no,
F-004558,factura,C0947,2026-05-26,2026-06-25,628930,119497,748427,,no,
F-004559,factura,C0248,2026-05-26,2026-07-25,924000,175560,1099560,,no,
F-004560,factura,C1166,2026-05-26,2026-06-25,765880,145517,911397,,no,
NC-00122,nota_credito,C0755,2026-05-26,,-44320,-8421,-52741,F-004413,no,Devolución parcial de mercadería
F-004561,factura,C1166,2026-05-27,2026-06-26,4719440,896694,5616134,,no,
F-004562,factura,C0140,2026-05-27,2026-06-26,505910,96123,602033,,no,
F-004563,factura,C0676,2026-05-27,2026-06-26,850190,161536,1011726,,no,
F-004564,factura,C0376,2026-05-27,2026-07-26,328190,62356,390546,,no,
F-004565,factura,C0764,2026-05-27,2026-06-26,70250,13348,83598,,no,
F-004566,factura,C0770,2026-05-27,2026-06-26,338470,64309,402779,,no,
F-004567,factura,C0263,2026-05-27,2026-06-26,4276420,812520,5088940,,no,
F-004568,factura,C0956,2026-05-27,2026-06-26,1025170,194782,1219952,,no,
F-004569,factura,C0139,2026-05-27,2026-07-11,2366210,449580,2815790,,no,
F-004570,factura,C0993,2026-05-27,2026-06-26,482090,91597,573687,,no,
F-004571,factura,C0248,2026-05-27,2026-07-26,96630,18360,114990,,no,
F-004572,factura,C0695,2026-05-27,2026-06-26,262260,49829,312089,,no,
F-004573,factura,C0381,2026-05-27,2026-06-26,874740,166201,1040941,,no,
F-004574,factura,C0735,2026-05-27,2026-06-26,770000,146300,916300,,no,
F-004575,factura,C0295,2026-05-27,2026-06-26,631420,119970,751390,,no,
F-004576,factura,C0677,2026-05-27,2026-06-26,416590,79152,495742,,no,
F-004577,factura,C0013,2026-05-27,2026-06-26,1350290,256555,1606845,,no,
F-004578,factura,C0428,2026-05-27,2026-07-11,426340,81005,507345,,no,
F-004579,factura,C1000,2026-05-27,2026-06-26,814490,154753,969243,,no,
F-004580,factura,C0551,2026-05-27,2026-06-26,744390,141434,885824,,no,
F-004581,factura,C0593,2026-05-27,2026-07-26,474140,90087,564227,,no,
F-004582,factura,C0747,2026-05-27,2026-07-26,314590,59772,374362,,no,
F-004583,factura,C0507,2026-05-27,2026-06-26,452340,85945,538285,,no,
F-004584,factura,C1056,2026-05-27,2026-06-26,2850360,541568,3391928,,no,
F-004585,factura,C0471,2026-05-27,2026-06-26,1550390,294574,1844964,,no,
F-004586,factura,C0139,2026-05-28,2026-07-12,1742200,331018,2073218,,no,
F-004587,factura,C0983,2026-05-28,2026-06-27,726230,137984,864214,,no,
F-004588,factura,C1073,2026-05-28,2026-06-27,372380,70752,443132,,no,
F-004589,factura,C0742,2026-05-28,2026-06-27,2680490,509293,3189783,,no,
F-004590,factura,C0739,2026-05-28,2026-06-27,871690,165621,1037311,,no,
F-004591,factura,C0421,2026-05-28,2026-06-27,704120,133783,837903,,no,
F-004592,factura,C0274,2026-05-28,2026-06-27,2699460,512897,3212357,,no,
F-004593,factura,C0593,2026-05-28,2026-07-27,519630,98730,618360,,no,
F-004594,factura,C0168,2026-05-28,2026-06-27,605430,115032,720462,,no,
F-004595,factura,C0797,2026-05-28,2026-06-27,649680,123439,773119,,no,
F-004596,factura,C0556,2026-05-28,2026-06-27,272550,51784,324334,,no,
F-004597,factura,C0219,2026-05-28,2026-06-27,1005940,191129,1197069,,no,
F-004598,factura,C0690,2026-05-28,2026-06-27,424630,80680,505310,,no,
F-004599,factura,C0959,2026-05-28,2026-06-27,494980,94046,589026,,no,
F-004600,factura,C0691,2026-05-28,2026-06-27,444760,84504,529264,,no,
F-004601,factura,C0632,2026-05-28,2026-07-27,488540,92823,581363,,no,
F-004602,factura,C1038,2026-05-28,2026-06-27,399400,75886,475286,,no,
F-004603,factura,C0019,2026-05-28,2026-06-27,952280,180933,1133213,,no,
F-004604,factura,C0742,2026-05-28,2026-06-27,689940,131089,821029,,no,
F-004605,factura,C0482,2026-05-28,2026-06-27,811990,154278,966268,,no,
F-004606,factura,C0228,2026-05-28,2026-07-27,5136440,975924,6112364,,no,
F-004607,factura,C1188,2026-05-28,2026-06-27,689960,131092,821052,,no,
F-004608,factura,C0473,2026-05-28,2026-06-27,1267810,240884,1508694,,no,
F-004609,factura,C0376,2026-05-28,2026-07-27,1388650,263844,1652494,,no,
F-004610,factura,C0204,2026-05-28,2026-06-27,743080,141185,884265,,no,
F-004611,factura,C1199,2026-05-28,2026-06-27,972750,184822,1157572,,no,
F-004612,factura,C1054,2026-05-28,2026-06-27,794440,150944,945384,,no,
NC-00120,nota_credito,C0614,2026-05-28,,-321090,-61007,-382097,F-004364,no,Devolución parcial de mercadería
NC-00127,nota_credito,C0586,2026-05-28,,-193100,-36689,-229789,F-004513,no,Devolución parcial de mercadería
F-004613,factura,C0835,2026-05-29,2026-06-28,1593430,302752,1896182,,no,
F-004614,factura,C0484,2026-05-29,2026-06-28,3141620,596908,3738528,,no,
F-004615,factura,C0050,2026-05-29,2026-06-28,2284270,434011,2718281,,no,
F-004616,factura,C0640,2026-05-29,2026-06-28,167420,31810,199230,,no,
F-004617,factura,C0274,2026-05-29,2026-06-28,1966880,373707,2340587,,no,
F-004618,factura,C0728,2026-05-29,2026-06-28,913560,173576,1087136,,no,
F-004619,factura,C0382,2026-05-29,2026-06-28,3054280,580313,3634593,,no,
F-004620,factura,C0783,2026-05-29,2026-06-28,1929960,366692,2296652,,no,
F-004621,factura,C1100,2026-05-29,2026-06-28,1948210,370160,2318370,,no,
F-004622,factura,C0268,2026-05-29,2026-06-28,967290,183785,1151075,,no,
F-004623,factura,C1127,2026-05-29,2026-07-28,579520,110109,689629,,no,
F-004624,factura,C0245,2026-05-29,2026-06-28,850630,161620,1012250,,no,
F-004625,factura,C0111,2026-05-29,2026-06-28,284970,54144,339114,,no,
F-004626,factura,C0228,2026-05-29,2026-07-28,749960,142492,892452,,no,
F-004627,factura,C0992,2026-05-29,2026-06-28,372770,70826,443596,,no,
F-004628,factura,C0800,2026-05-29,2026-06-28,380730,72339,453069,,no,
F-004629,factura,C1167,2026-05-29,2026-07-13,1320110,250821,1570931,,no,
F-004630,factura,C0842,2026-05-29,2026-06-28,1843700,350303,2194003,,no,
F-004631,factura,C0087,2026-06-01,2026-07-01,347790,66080,413870,,no,
F-004632,factura,C0393,2026-06-01,2026-07-01,511680,97219,608899,,no,
F-004633,factura,C0240,2026-06-01,2026-07-01,540100,102619,642719,,no,
F-004634,factura,C0173,2026-06-01,2026-07-01,465800,88502,554302,,no,
F-004635,factura,C0902,2026-06-01,2026-07-01,359130,68235,427365,,no,
F-004636,factura,C0248,2026-06-01,2026-07-31,1032370,196150,1228520,,no,
F-004637,factura,C0249,2026-06-01,2026-07-01,2909280,552763,3462043,,no,
F-004638,factura,C0376,2026-06-01,2026-07-31,1579640,300132,1879772,,no,
F-004639,factura,C0551,2026-06-01,2026-07-01,578480,109911,688391,,no,
F-004640,factura,C0620,2026-06-01,2026-07-01,1685090,320167,2005257,,no,
F-004641,factura,C0783,2026-06-01,2026-07-01,987990,187718,1175708,,no,
F-004642,factura,C0691,2026-06-01,2026-07-01,724720,137697,862417,,no,
F-004643,factura,C0579,2026-06-01,2026-07-01,689420,130990,820410,,no,
F-004644,factura,C0461,2026-06-01,2026-07-01,638040,121228,759268,,no,
F-004645,factura,C0293,2026-06-01,2026-07-01,1260420,239480,1499900,,no,
F-004646,factura,C0842,2026-06-01,2026-07-01,837220,159072,996292,,no,
F-004647,factura,C0345,2026-06-01,2026-07-16,418050,79430,497480,,no,
F-004648,factura,C1040,2026-06-01,2026-07-01,402170,76412,478582,,no,
F-004649,factura,C0688,2026-06-01,2026-07-01,956300,181697,1137997,,no,
F-004650,factura,C0755,2026-06-01,2026-07-01,1054970,200444,1255414,,no,
F-004651,factura,C0610,2026-06-01,2026-07-01,582800,110732,693532,,no,
F-004652,factura,C1109,2026-06-01,2026-07-01,302700,57513,360213,,no,
F-004653,factura,C0501,2026-06-01,2026-07-01,2036770,386986,2423756,,no,
F-004654,factura,C0507,2026-06-01,2026-07-01,1718540,326523,2045063,,no,
F-004655,factura,C1078,2026-06-01,2026-07-31,152700,29013,181713,,no,
F-004656,factura,C0726,2026-06-01,2026-07-01,2186410,415418,2601828,,no,
F-004657,factura,C0528,2026-06-01,2026-07-01,633440,120354,753794,,no,
NC-00121,nota_credito,C0300,2026-06-01,,-42090,-7997,-50087,F-004401,no,Devolución parcial de mercadería
F-004658,factura,C0798,2026-06-02,2026-07-02,445370,84620,529990,,no,
F-004659,factura,C0586,2026-06-02,2026-07-17,1203570,228678,1432248,,no,
F-004660,factura,C0668,2026-06-02,2026-07-02,803740,152711,956451,,no,
F-004661,factura,C0249,2026-06-02,2026-07-02,728220,138362,866582,,no,Anulada por nota de crédito
F-004662,factura,C0414,2026-06-02,2026-07-02,2176320,413501,2589821,,no,
F-004663,factura,C0838,2026-06-02,2026-07-02,1924340,365625,2289965,,no,
F-004664,factura,C0058,2026-06-02,2026-07-02,2635300,500707,3136007,,no,
F-004665,factura,C0834,2026-06-02,2026-07-02,1144800,217512,1362312,,no,
F-004666,factura,C0325,2026-06-02,2026-08-01,2507500,476425,2983925,,no,
F-004667,factura,C0301,2026-06-02,2026-08-01,609140,115737,724877,,no,
F-004668,factura,C0828,2026-06-02,2026-07-02,723590,137482,861072,,no,
F-004669,factura,C0249,2026-06-02,2026-07-02,2210540,420003,2630543,,no,Anulada por nota de crédito
F-004670,factura,C1158,2026-06-02,2026-07-02,1668450,317006,1985456,,no,
F-004671,factura,C1195,2026-06-02,2026-07-02,673540,127973,801513,,no,
F-004672,factura,C0538,2026-06-02,2026-07-02,367930,69907,437837,,no,
F-004673,factura,C0469,2026-06-02,2026-07-02,721790,137140,858930,,no,
F-004674,factura,C0124,2026-06-02,2026-07-02,491280,93343,584623,,no,
F-004675,factura,C0944,2026-06-02,2026-07-02,3376230,641484,4017714,,no,
F-004676,factura,C0194,2026-06-02,2026-07-02,1560780,296548,1857328,,no,
F-004677,factura,C1117,2026-06-02,2026-07-02,460440,87484,547924,,no,
F-004678,factura,C1195,2026-06-02,2026-07-02,368310,69979,438289,,no,
F-004679,factura,C0156,2026-06-02,2026-07-02,455890,86619,542509,,no,
F-004680,factura,C0806,2026-06-02,2026-07-02,543400,103246,646646,,no,
F-004681,factura,C0554,2026-06-02,2026-07-02,743640,141292,884932,,no,
F-004682,factura,C0502,2026-06-03,2026-07-03,2011730,382229,2393959,,no,
F-004683,factura,C0771,2026-06-03,2026-07-18,1357260,257879,1615139,,no,
F-004684,factura,C0249,2026-06-03,2026-07-03,983020,186774,1169794,,no,Anulada por nota de crédito
F-004685,factura,C0965,2026-06-03,2026-07-03,1317610,250346,1567956,,no,
F-004686,factura,C0300,2026-06-03,2026-07-03,834420,158540,992960,,no,
F-004687,factura,C0681,2026-06-03,2026-07-03,1259410,239288,1498698,,no,
F-004688,factura,C0324,2026-06-03,2026-07-03,1632710,310215,1942925,,no,
F-004689,factura,C0104,2026-06-03,2026-07-03,1201780,228338,1430118,,no,
F-004690,factura,C0352,2026-06-03,2026-07-03,1152450,218966,1371416,,no,
F-004691,factura,C0248,2026-06-03,2026-08-02,2782750,528722,3311472,,no,
F-004692,factura,C1078,2026-06-03,2026-08-02,254480,48351,302831,,no,
F-004693,factura,C0293,2026-06-03,2026-07-03,482320,91641,573961,,no,
F-004694,factura,C1173,2026-06-03,2026-07-03,932770,177226,1109996,,no,
F-004695,factura,C0590,2026-06-03,2026-08-02,509290,96765,606055,,no,
F-004696,factura,C0249,2026-06-03,2026-07-03,665200,126388,791588,,no,
F-004697,factura,C0457,2026-06-03,2026-07-03,2558310,486079,3044389,,no,
F-004698,factura,C0227,2026-06-03,2026-07-18,810560,154006,964566,,no,
F-004699,factura,C1012,2026-06-03,2026-07-03,211350,40156,251506,,no,
F-004700,factura,C0156,2026-06-03,2026-07-03,650820,123656,774476,,no,
F-004701,factura,C1062,2026-06-03,2026-07-03,956610,181756,1138366,,no,
F-004702,factura,C0066,2026-06-03,2026-07-03,942620,179098,1121718,,no,
F-004703,factura,C0323,2026-06-03,2026-07-03,1424730,270699,1695429,,no,
F-004704,factura,C0177,2026-06-03,2026-07-03,1334640,253582,1588222,,no,
F-004705,factura,C0811,2026-06-03,2026-07-03,817170,155262,972432,,no,
F-004706,factura,C0618,2026-06-03,2026-07-03,351590,66802,418392,,no,
F-004707,factura,C1127,2026-06-03,2026-08-02,641620,121908,763528,,no,
F-004708,factura,C0418,2026-06-03,2026-07-03,554840,105420,660260,,no,
F-004709,factura,C0058,2026-06-03,2026-07-03,726930,138117,865047,,no,
F-004710,factura,C0926,2026-06-03,2026-08-02,1587380,301602,1888982,,no,
F-004711,factura,C0754,2026-06-04,2026-08-03,853560,162176,1015736,,no,
F-004712,factura,C1007,2026-06-04,2026-07-04,107100,20349,127449,,no,
F-004713,factura,C0031,2026-06-04,2026-07-04,275110,52271,327381,,no,
F-004714,factura,C0538,2026-06-04,2026-07-04,867890,164899,1032789,,no,
F-004715,factura,C0590,2026-06-04,2026-08-03,198480,37711,236191,,no,
F-004716,factura,C0853,2026-06-04,2026-07-04,741760,140934,882694,,no,
F-004717,factura,C0119,2026-06-04,2026-07-04,180910,34373,215283,,no,
F-004718,factura,C0476,2026-06-04,2026-07-04,557650,105954,663604,,no,
F-004719,factura,C0956,2026-06-04,2026-07-04,1995340,379115,2374455,,no,
F-004720,factura,C0632,2026-06-04,2026-08-03,1022760,194324,1217084,,no,
F-004721,factura,C0915,2026-06-04,2026-07-04,125210,23790,149000,,no,
F-004722,factura,C0417,2026-06-04,2026-07-04,1084930,206137,1291067,,no,
F-004723,factura,C1100,2026-06-04,2026-07-04,2364610,449276,2813886,,no,
F-004724,factura,C0123,2026-06-04,2026-07-04,5157410,979908,6137318,,no,
F-004725,factura,C0139,2026-06-04,2026-07-19,804840,152920,957760,,no,
F-004726,factura,C0632,2026-06-04,2026-08-03,184760,35104,219864,,no,
F-004727,factura,C0561,2026-06-04,2026-07-04,779240,148056,927296,,no,
F-004728,factura,C0757,2026-06-04,2026-07-04,1973180,374904,2348084,,no,
F-004729,factura,C0249,2026-06-04,2026-07-04,473860,90033,563893,,no,
F-004730,factura,C0249,2026-06-04,2026-07-04,1267830,240888,1508718,,no,
F-004731,factura,C0915,2026-06-04,2026-07-04,281150,53418,334568,,no,
F-004732,factura,C0314,2026-06-04,2026-07-04,741340,140855,882195,,no,
F-004733,factura,C0871,2026-06-04,2026-07-04,75110,14271,89381,,no,
F-004734,factura,C0759,2026-06-04,2026-07-04,257320,48891,306211,,no,
F-004735,factura,C0127,2026-06-04,2026-07-04,547670,104057,651727,,no,
F-004736,factura,C0843,2026-06-04,2026-07-04,411530,78191,489721,,no,
F-004737,factura,C1073,2026-06-04,2026-07-04,194430,36942,231372,,no,
F-004738,factura,C0992,2026-06-04,2026-07-04,369020,70114,439134,,no,
F-004739,factura,C0015,2026-06-04,2026-07-04,716440,136124,852564,,no,
F-004740,factura,C1139,2026-06-05,2026-07-05,2572620,488798,3061418,,no,
F-004741,factura,C1145,2026-06-05,2026-07-05,966080,183555,1149635,,no,
F-004742,factura,C0186,2026-06-05,2026-07-05,1587870,301695,1889565,,no,
F-004743,factura,C0934,2026-06-05,2026-07-20,1258080,239035,1497115,,no,
F-004744,factura,C0507,2026-06-05,2026-07-05,534230,101504,635734,,no,
F-004745,factura,C0590,2026-06-05,2026-08-04,515590,97962,613552,,no,
F-004746,factura,C0593,2026-06-05,2026-08-04,474750,90202,564952,,no,
F-004747,factura,C1167,2026-06-05,2026-07-20,1038730,197359,1236089,,no,
F-004748,factura,C0227,2026-06-05,2026-07-20,358020,68024,426044,,no,
F-004749,factura,C0939,2026-06-05,2026-07-05,2394440,454944,2849384,,no,
F-004750,factura,C0011,2026-06-05,2026-07-05,331680,63019,394699,,no,
F-004751,factura,C0754,2026-06-05,2026-08-04,715120,135873,850993,,no,
F-004752,factura,C0771,2026-06-05,2026-07-20,501500,95285,596785,,no,
F-004753,factura,C0918,2026-06-05,2026-07-05,419990,79798,499788,,no,
F-004754,factura,C1106,2026-06-05,2026-07-05,3424650,650684,4075334,,no,
F-004755,factura,C0918,2026-06-05,2026-07-05,423960,80552,504512,,no,
F-004756,factura,C0882,2026-06-05,2026-07-05,472060,89691,561751,,no,
F-004757,factura,C0275,2026-06-05,2026-07-05,354100,67279,421379,,no,
F-004758,factura,C1196,2026-06-05,2026-08-04,622480,118271,740751,,no,
F-004759,factura,C0554,2026-06-05,2026-07-05,555480,105541,661021,,no,
F-004760,factura,C0494,2026-06-05,2026-07-05,246040,46748,292788,,no,
F-004761,factura,C0602,2026-06-05,2026-07-05,428970,81504,510474,,no,
F-004762,factura,C0461,2026-06-05,2026-07-05,981050,186400,1167450,,no,
F-004763,factura,C0708,2026-06-05,2026-07-05,1369860,260273,1630133,,no,
F-004764,factura,C0382,2026-06-05,2026-07-05,614050,116670,730720,,no,
F-004765,factura,C0261,2026-06-05,2026-07-05,631480,119981,751461,,no,
F-004766,factura,C1109,2026-06-05,2026-07-05,451280,85743,537023,,no,
F-004767,factura,C1109,2026-06-05,2026-07-05,402990,76568,479558,,no,
F-004768,factura,C0593,2026-06-05,2026-08-04,288650,54844,343494,,no,
F-007028,factura,C0249,2026-06-06,2026-07-06,553700,105203,658903,F-003621,no,Reemplaza a F-003621
NC-00104,nota_credito,C0249,2026-06-06,,-597210,-113470,-710680,F-003621,no,Anula factura por error en precio / orden de compra
F-004769,factura,C0980,2026-06-08,2026-07-08,355190,67486,422676,,no,
F-004770,factura,C0747,2026-06-08,2026-08-07,592760,112624,705384,,no,
F-004771,factura,C0290,2026-06-08,2026-07-08,381360,72458,453818,,no,
F-004772,factura,C1067,2026-06-08,2026-07-08,326530,62041,388571,,no,
F-004773,factura,C1100,2026-06-08,2026-07-08,223770,42516,266286,,no,
F-004774,factura,C1078,2026-06-08,2026-08-07,148330,28183,176513,,no,
F-004775,factura,C0722,2026-06-08,2026-07-08,1184190,224996,1409186,,no,
F-004776,factura,C1179,2026-06-08,2026-07-08,1350860,256663,1607523,,no,
F-004777,factura,C1064,2026-06-08,2026-07-08,167950,31910,199860,,no,
F-004778,factura,C0140,2026-06-08,2026-07-08,159400,30286,189686,,no,
F-004779,factura,C1191,2026-06-08,2026-07-08,291910,55463,347373,,no,
F-004780,factura,C0651,2026-06-08,2026-07-08,506230,96184,602414,,no,
F-004781,factura,C1100,2026-06-08,2026-07-08,333350,63336,396686,,no,
F-004782,factura,C0926,2026-06-08,2026-08-07,574940,109239,684179,,no,
F-004783,factura,C0770,2026-06-08,2026-07-08,370650,70424,441074,,no,
F-004784,factura,C0363,2026-06-08,2026-07-08,351760,66834,418594,,no,
F-004785,factura,C0035,2026-06-08,2026-07-08,2657430,504912,3162342,,no,
F-004786,factura,C0308,2026-06-08,2026-07-08,253280,48123,301403,,no,
F-004787,factura,C0812,2026-06-08,2026-07-08,1431690,272021,1703711,,no,
F-004788,factura,C1054,2026-06-08,2026-07-08,1226770,233086,1459856,,no,
F-004789,factura,C0004,2026-06-08,2026-07-08,577050,109640,686690,,no,
F-004790,factura,C0245,2026-06-08,2026-07-08,82580,15690,98270,,no,
F-004791,factura,C0797,2026-06-08,2026-07-08,395240,75096,470336,,no,
F-004792,factura,C0310,2026-06-08,2026-07-23,255420,48530,303950,,no,
F-004793,factura,C0181,2026-06-08,2026-07-08,391790,74440,466230,,no,
F-004794,factura,C0127,2026-06-08,2026-07-08,164720,31297,196017,,no,
F-004795,factura,C0756,2026-06-08,2026-07-08,706030,134146,840176,,no,
F-004796,factura,C0710,2026-06-08,2026-07-08,847790,161080,1008870,,no,
F-004797,factura,C1054,2026-06-08,2026-07-08,983060,186781,1169841,,no,
F-004798,factura,C0345,2026-06-08,2026-07-23,283980,53956,337936,,no,
F-004799,factura,C0176,2026-06-08,2026-07-08,165190,31386,196576,,no,
F-004800,factura,C0961,2026-06-08,2026-07-23,510810,97054,607864,,no,
F-004801,factura,C1195,2026-06-08,2026-07-08,1571070,298503,1869573,,no,
F-004802,factura,C0404,2026-06-08,2026-07-08,407550,77434,484984,,no,
F-004803,factura,C1054,2026-06-08,2026-07-08,553630,105190,658820,,no,
F-004804,factura,C0926,2026-06-08,2026-08-07,319490,60703,380193,,no,
F-004805,factura,C1096,2026-06-08,2026-07-08,257720,48967,306687,,no,
F-004806,factura,C0503,2026-06-08,2026-07-08,652800,124032,776832,,no,
F-004807,factura,C0140,2026-06-08,2026-07-08,354180,67294,421474,,no,
F-004808,factura,C0150,2026-06-08,2026-07-08,532440,101164,633604,,no,
F-004809,factura,C0926,2026-06-08,2026-08-07,578630,109940,688570,,no,
F-004810,factura,C1054,2026-06-08,2026-07-08,509110,96731,605841,,no,
NC-00125,nota_credito,C0301,2026-06-08,,-146300,-27797,-174097,F-004486,no,Devolución parcial de mercadería
F-004811,factura,C0672,2026-06-09,2026-07-09,430330,81763,512093,,no,
F-004812,factura,C0301,2026-06-09,2026-08-08,1810020,343904,2153924,,no,
F-004813,factura,C1078,2026-06-09,2026-08-08,354980,67446,422426,,no,
F-004814,factura,C0156,2026-06-09,2026-07-09,482330,91643,573973,,no,
F-004815,factura,C0140,2026-06-09,2026-07-09,552670,105007,657677,,no,
F-004816,factura,C0638,2026-06-09,2026-07-09,889750,169052,1058802,,no,
F-004817,factura,C0749,2026-06-09,2026-07-09,573440,108954,682394,,no,
F-004818,factura,C0617,2026-06-09,2026-07-09,233420,44350,277770,,no,
F-004819,factura,C1109,2026-06-09,2026-07-09,1696100,322259,2018359,,no,
F-004820,factura,C0289,2026-06-09,2026-07-09,484400,92036,576436,,no,
F-004821,factura,C1195,2026-06-09,2026-07-09,3368990,640108,4009098,,no,
F-004822,factura,C0031,2026-06-09,2026-07-09,853730,162209,1015939,,no,
F-004823,factura,C0150,2026-06-09,2026-07-09,1844910,350533,2195443,,no,
F-004824,factura,C0227,2026-06-09,2026-07-24,1108880,210687,1319567,,no,
F-004825,factura,C0124,2026-06-09,2026-07-09,1916900,364211,2281111,,no,
F-004826,factura,C0515,2026-06-09,2026-07-09,1056470,200729,1257199,,no,
F-004827,factura,C1054,2026-06-09,2026-07-09,808000,153520,961520,,no,
F-004828,factura,C0993,2026-06-09,2026-07-09,1605210,304990,1910200,,no,
F-004829,factura,C0906,2026-06-09,2026-07-24,4891230,929334,5820564,,no,
F-004830,factura,C0012,2026-06-09,2026-07-09,539470,102499,641969,,no,
F-004831,factura,C1054,2026-06-09,2026-07-09,1264410,240238,1504648,,no,
F-004832,factura,C0468,2026-06-09,2026-08-08,666620,126658,793278,,no,
F-004833,factura,C0882,2026-06-09,2026-07-09,1003520,190669,1194189,,no,
F-004834,factura,C0869,2026-06-09,2026-07-09,692390,131554,823944,,no,
F-004835,factura,C0219,2026-06-09,2026-07-09,119130,22635,141765,,no,
F-004836,factura,C0620,2026-06-09,2026-07-09,570360,108368,678728,,no,
F-004837,factura,C1106,2026-06-09,2026-07-09,1489310,282969,1772279,,no,
NC-00128,nota_credito,C0586,2026-06-09,,-383660,-72895,-456555,F-004515,no,Devolución parcial de mercadería
NC-00129,nota_credito,C0248,2026-06-09,,-17230,-3274,-20504,F-004571,no,Devolución parcial de mercadería
F-004838,factura,C0249,2026-06-10,2026-07-10,1096050,208250,1304300,,no,Anulada por nota de crédito
F-004839,factura,C0643,2026-06-10,2026-07-25,222070,42193,264263,,no,
F-004840,factura,C0949,2026-06-10,2026-07-10,858560,163126,1021686,,no,
F-004841,factura,C0496,2026-06-10,2026-07-10,170870,32465,203335,,no,
F-004842,factura,C0443,2026-06-10,2026-07-10,1502540,285483,1788023,,no,
F-004843,factura,C0770,2026-06-10,2026-07-10,453580,86180,539760,,no,
F-004844,factura,C0191,2026-06-10,2026-07-10,296800,56392,353192,,no,
F-004845,factura,C0437,2026-06-10,2026-07-10,1519160,288640,1807800,,no,
F-004846,factura,C0246,2026-06-10,2026-07-10,1235300,234707,1470007,,no,
F-004847,factura,C0771,2026-06-10,2026-07-25,950970,180684,1131654,,no,
F-004848,factura,C0140,2026-06-10,2026-07-10,4559340,866275,5425615,,no,
F-004849,factura,C0525,2026-06-10,2026-07-10,1312340,249345,1561685,,no,
F-004850,factura,C0712,2026-06-10,2026-07-10,471350,89556,560906,,no,
F-004851,factura,C1012,2026-06-10,2026-07-10,1196230,227284,1423514,,no,
F-004852,factura,C0862,2026-06-10,2026-07-10,628100,119339,747439,,no,
F-004853,factura,C1132,2026-06-10,2026-07-10,2175410,413328,2588738,,no,
F-004854,factura,C0805,2026-06-10,2026-07-10,988660,187845,1176505,,no,
F-004855,factura,C0382,2026-06-10,2026-07-10,1070100,203319,1273419,,no,
F-004856,factura,C0252,2026-06-10,2026-07-10,249050,47320,296370,,no,
F-004857,factura,C0086,2026-06-10,2026-07-10,829350,157576,986926,,no,
F-004858,factura,C0308,2026-06-10,2026-07-10,754880,143427,898307,,no,
F-004859,factura,C0176,2026-06-10,2026-07-10,348000,66120,414120,,no,
F-004860,factura,C0420,2026-06-10,2026-07-10,661400,125666,787066,,no,
F-004861,factura,C0838,2026-06-10,2026-07-10,1118980,212606,1331586,,no,
F-004862,factura,C0592,2026-06-11,2026-07-11,664780,126308,791088,,no,
F-004863,factura,C0325,2026-06-11,2026-08-10,3622190,688216,4310406,,no,
F-004864,factura,C0906,2026-06-11,2026-07-26,571510,108587,680097,,no,
F-004865,factura,C0856,2026-06-11,2026-07-11,642000,121980,763980,,no,
F-004866,factura,C1167,2026-06-11,2026-07-26,919610,174726,1094336,,no,
F-004867,factura,C0468,2026-06-11,2026-08-10,539550,102514,642064,,no,
F-004868,factura,C0956,2026-06-11,2026-07-11,793600,150784,944384,,no,
F-004869,factura,C0906,2026-06-11,2026-07-26,810400,153976,964376,,no,
F-004870,factura,C1195,2026-06-11,2026-07-11,301060,57201,358261,,no,
F-004871,factura,C0939,2026-06-11,2026-07-11,549230,104354,653584,,no,
F-004872,factura,C0310,2026-06-11,2026-07-26,1072030,203686,1275716,,no,
F-004873,factura,C0024,2026-06-11,2026-07-11,1244670,236487,1481157,,no,
F-004874,factura,C1167,2026-06-11,2026-07-26,1673320,317931,1991251,,no,
F-004875,factura,C0848,2026-06-11,2026-07-11,774420,147140,921560,,no,
F-004876,factura,C0985,2026-06-11,2026-07-11,787130,149555,936685,,no,
F-004877,factura,C0958,2026-06-11,2026-08-10,1079130,205035,1284165,,no,
F-004878,factura,C0896,2026-06-11,2026-07-11,367950,69910,437860,,no,
F-004879,factura,C0917,2026-06-11,2026-07-11,356070,67653,423723,,no,
F-004880,factura,C1110,2026-06-11,2026-07-11,535890,101819,637709,,no,
F-004881,factura,C1097,2026-06-11,2026-07-11,213520,40569,254089,,no,
F-004882,factura,C0432,2026-06-11,2026-07-11,819980,155796,975776,,no,
F-004883,factura,C0045,2026-06-11,2026-07-11,1370630,260420,1631050,,no,
F-004884,factura,C0057,2026-06-11,2026-07-11,335540,63753,399293,,no,
F-004885,factura,C0525,2026-06-11,2026-07-11,838720,159357,998077,,no,
F-004886,factura,C1012,2026-06-11,2026-07-11,357970,68014,425984,,no,
F-004887,factura,C1038,2026-06-11,2026-07-11,262570,49888,312458,,no,
F-004888,factura,C0474,2026-06-11,2026-07-11,3066250,582588,3648838,,no,
F-004889,factura,C0325,2026-06-11,2026-08-10,265600,50464,316064,,no,
F-004890,factura,C0607,2026-06-11,2026-07-11,212790,40430,253220,,no,
F-004891,factura,C1009,2026-06-11,2026-07-11,703130,133595,836725,,no,
F-004892,factura,C0756,2026-06-11,2026-07-11,734050,139470,873520,,no,
F-007022,factura,C0249,2026-06-11,2026-07-11,292570,55588,348158,F-003028,no,Reemplaza a F-003028
NC-00083,nota_credito,C0249,2026-06-11,,-308640,-58642,-367282,F-003028,no,Anula factura por error en precio / orden de compra
F-004893,factura,C0045,2026-06-12,2026-07-12,1528700,290453,1819153,,no,
F-004894,factura,C0191,2026-06-12,2026-07-12,1104790,209910,1314700,,no,
F-004895,factura,C0932,2026-06-12,2026-07-12,1509800,286862,1796662,,no,
F-004896,factura,C0245,2026-06-12,2026-07-12,493470,93759,587229,,no,
F-004897,factura,C0249,2026-06-12,2026-07-12,4942050,938990,5881040,,no,Anulada por nota de crédito
F-004898,factura,C1078,2026-06-12,2026-08-11,363440,69054,432494,,no,
F-004899,factura,C1064,2026-06-12,2026-07-12,949800,180462,1130262,,no,
F-004900,factura,C0790,2026-06-12,2026-07-12,689920,131085,821005,,no,
F-004901,factura,C0199,2026-06-12,2026-07-12,669270,127161,796431,,no,
F-004902,factura,C0440,2026-06-12,2026-07-12,603240,114616,717856,,no,
F-004903,factura,C0253,2026-06-12,2026-07-27,467940,88909,556849,,no,
F-004904,factura,C0796,2026-06-12,2026-07-12,2244840,426520,2671360,,no,
F-004905,factura,C0944,2026-06-12,2026-07-12,330950,62880,393830,,no,
F-004906,factura,C0181,2026-06-12,2026-07-12,1905630,362070,2267700,,no,
F-004907,factura,C1078,2026-06-12,2026-08-11,1457600,276944,1734544,,no,
F-004908,factura,C0551,2026-06-12,2026-07-12,639700,121543,761243,,no,
F-004909,factura,C0958,2026-06-12,2026-08-11,1328500,252415,1580915,,no,
F-004910,factura,C0076,2026-06-12,2026-07-12,764630,145280,909910,,no,
F-004911,factura,C0405,2026-06-12,2026-07-12,359570,68318,427888,,no,
F-004912,factura,C0023,2026-06-12,2026-07-12,362630,68900,431530,,no,
F-004913,factura,C0850,2026-06-12,2026-07-12,1465670,278477,1744147,,no,
NC-00133,nota_credito,C0245,2026-06-13,,-32700,-6213,-38913,F-004790,no,Devolución parcial de mercadería
F-007024,factura,C0249,2026-06-14,2026-07-14,741640,140912,882552,F-003086,no,Reemplaza a F-003086
F-007031,factura,C0249,2026-06-14,2026-07-14,998240,189666,1187906,F-003735,no,Reemplaza a F-003735
NC-00086,nota_credito,C0249,2026-06-14,,-803440,-152654,-956094,F-003086,no,Anula factura por error en precio / orden de compra
NC-00109,nota_credito,C0249,2026-06-14,,-1125460,-213837,-1339297,F-003735,no,Anula factura por error en precio / orden de compra
F-004914,factura,C0645,2026-06-15,2026-07-15,1700670,323127,2023797,,no,
F-004915,factura,C0245,2026-06-15,2026-07-15,4990300,948157,5938457,,no,
F-004916,factura,C1056,2026-06-15,2026-07-15,1506960,286322,1793282,,no,
F-004917,factura,C0325,2026-06-15,2026-08-14,216660,41165,257825,,no,
F-004918,factura,C0589,2026-06-15,2026-07-15,1531960,291072,1823032,,no,
F-004919,factura,C0632,2026-06-15,2026-08-14,1043270,198221,1241491,,no,
F-004920,factura,C0328,2026-06-15,2026-07-15,505230,95994,601224,,no,
F-004921,factura,C0902,2026-06-15,2026-07-15,1617650,307354,1925004,,no,
F-004922,factura,C0822,2026-06-15,2026-07-15,2464250,468208,2932458,,no,
F-004923,factura,C0926,2026-06-15,2026-08-14,714110,135681,849791,,no,
F-004924,factura,C0728,2026-06-15,2026-07-15,327290,62185,389475,,no,
F-004925,factura,C0548,2026-06-15,2026-07-15,243830,46328,290158,,no,
F-004926,factura,C0526,2026-06-15,2026-07-15,715710,135985,851695,,no,
F-004927,factura,C0848,2026-06-15,2026-07-15,1076450,204526,1280976,,no,
F-004928,factura,C0428,2026-06-15,2026-07-30,806760,153284,960044,,no,
F-004929,factura,C0513,2026-06-15,2026-07-15,705710,134085,839795,,no,
F-004930,factura,C0198,2026-06-15,2026-07-15,1920130,364825,2284955,,no,
F-004931,factura,C0805,2026-06-15,2026-07-15,1765320,335411,2100731,,no,
F-004932,factura,C0123,2026-06-15,2026-07-15,1430110,271721,1701831,,no,
F-004933,factura,C0245,2026-06-16,2026-07-16,538780,102368,641148,,no,
F-004934,factura,C0595,2026-06-16,2026-07-16,531470,100979,632449,,no,
F-004935,factura,C0907,2026-06-16,2026-07-16,2149700,408443,2558143,,no,
F-004936,factura,C0906,2026-06-16,2026-07-31,1495020,284054,1779074,,no,
F-004937,factura,C0734,2026-06-16,2026-07-16,763030,144976,908006,,no,
F-004938,factura,C0301,2026-06-16,2026-08-15,194920,37035,231955,,no,
F-004939,factura,C0490,2026-06-16,2026-07-16,354920,67435,422355,,no,
F-004940,factura,C0271,2026-06-16,2026-07-16,292390,55554,347944,,no,
F-004941,factura,C0308,2026-06-16,2026-07-16,699620,132928,832548,,no,
F-004942,factura,C0358,2026-06-16,2026-07-16,452460,85967,538427,,no,
F-004943,factura,C0718,2026-06-16,2026-07-16,2449650,465434,2915084,,no,
F-004944,factura,C0245,2026-06-16,2026-07-16,193300,36727,230027,,no,
F-004945,factura,C0060,2026-06-16,2026-07-16,268350,50986,319336,,no,
F-004946,factura,C0826,2026-06-16,2026-07-16,826400,157016,983416,,no,
F-004947,factura,C0031,2026-06-16,2026-07-16,1031250,195938,1227188,,no,
F-004948,factura,C1167,2026-06-16,2026-07-31,85770,16296,102066,,no,
F-004949,factura,C0387,2026-06-16,2026-07-16,169530,32211,201741,,no,
F-004950,factura,C0011,2026-06-16,2026-07-16,550320,104561,654881,,no,
F-004951,factura,C1078,2026-06-16,2026-08-15,2010640,382022,2392662,,no,
F-004952,factura,C0721,2026-06-16,2026-07-16,3076610,584556,3661166,,no,
F-004953,factura,C0993,2026-06-16,2026-07-16,487740,92671,580411,,no,
F-004954,factura,C0508,2026-06-16,2026-07-16,592800,112632,705432,,no,
F-004955,factura,C0394,2026-06-16,2026-07-16,347890,66099,413989,,no,
F-004956,factura,C0771,2026-06-16,2026-07-31,1127710,214265,1341975,,no,
F-004957,factura,C0476,2026-06-16,2026-07-16,2308140,438547,2746687,,no,
F-004958,factura,C0655,2026-06-16,2026-07-16,1856020,352644,2208664,,no,
F-004959,factura,C0263,2026-06-17,2026-07-17,281880,53557,335437,,no,
F-004960,factura,C0149,2026-06-17,2026-07-17,489980,93096,583076,,no,
F-004961,factura,C0156,2026-06-17,2026-07-17,2366980,449726,2816706,,no,
F-004962,factura,C0726,2026-06-17,2026-07-17,142510,27077,169587,,no,
F-004963,factura,C0728,2026-06-17,2026-07-17,658770,125166,783936,,no,
F-004964,factura,C0064,2026-06-17,2026-07-17,1838060,349231,2187291,,no,
F-004965,factura,C0708,2026-06-17,2026-07-17,1816270,345091,2161361,,no,
F-004966,factura,C0184,2026-06-17,2026-07-17,1166100,221559,1387659,,no,
F-004967,factura,C0428,2026-06-17,2026-08-01,1189960,226092,1416052,,no,
F-004968,factura,C1195,2026-06-17,2026-07-17,299020,56814,355834,,no,
F-004969,factura,C0632,2026-06-17,2026-08-16,2062900,391951,2454851,,no,
F-004970,factura,C0049,2026-06-17,2026-07-17,263300,50027,313327,,no,
F-004971,factura,C0382,2026-06-17,2026-07-17,276160,52470,328630,,no,
F-004972,factura,C0794,2026-06-17,2026-07-17,937880,178197,1116077,,no,
F-004973,factura,C0249,2026-06-17,2026-07-17,463550,88074,551624,,no,
F-004974,factura,C1167,2026-06-17,2026-08-01,811340,154155,965495,,no,
F-004975,factura,C0507,2026-06-17,2026-07-17,970620,184418,1155038,,no,
F-004976,factura,C0031,2026-06-17,2026-07-17,2852110,541901,3394011,,no,
F-004977,factura,C0643,2026-06-17,2026-08-01,972920,184855,1157775,,no,
F-004978,factura,C0799,2026-06-17,2026-07-17,419260,79659,498919,,no,
F-004979,factura,C0536,2026-06-17,2026-07-17,1181470,224479,1405949,,no,
F-004980,factura,C1109,2026-06-17,2026-07-17,353510,67167,420677,,no,
F-004981,factura,C1080,2026-06-17,2026-07-17,1427740,271271,1699011,,no,
F-004982,factura,C0177,2026-06-17,2026-07-17,724170,137592,861762,,no,
F-004983,factura,C0248,2026-06-18,2026-08-17,347190,65966,413156,,no,
F-004984,factura,C0856,2026-06-18,2026-07-18,338950,64400,403350,,no,
F-004985,factura,C0427,2026-06-18,2026-07-18,675020,128254,803274,,no,
F-004986,factura,C0533,2026-06-18,2026-07-18,435970,82834,518804,,no,
F-004987,factura,C0140,2026-06-18,2026-07-18,400750,76142,476892,,no,
F-004988,factura,C0747,2026-06-18,2026-08-17,3147050,597940,3744990,,no,
F-004989,factura,C0969,2026-06-18,2026-07-18,237690,45161,282851,,no,
F-004990,factura,C0748,2026-06-18,2026-07-18,4089270,776961,4866231,,no,
F-004991,factura,C1194,2026-06-18,2026-07-18,1021240,194036,1215276,,no,
F-004992,factura,C0027,2026-06-18,2026-07-18,1784090,338977,2123067,,no,
F-004993,factura,C0026,2026-06-18,2026-07-18,1623500,308465,1931965,,no,
F-004994,factura,C0593,2026-06-18,2026-08-17,1327750,252272,1580022,,no,
F-004995,factura,C0293,2026-06-18,2026-07-18,3062960,581962,3644922,,no,
F-004996,factura,C0813,2026-06-18,2026-07-18,340950,64780,405730,,no,
F-004997,factura,C0958,2026-06-18,2026-08-17,715200,135888,851088,,no,
F-004998,factura,C0140,2026-06-18,2026-07-18,409690,77841,487531,,no,
F-004999,factura,C1099,2026-06-18,2026-07-18,208680,39649,248329,,no,
F-005000,factura,C0042,2026-06-18,2026-07-18,477550,90734,568284,,no,
F-005001,factura,C0819,2026-06-18,2026-07-18,3625360,688818,4314178,,no,
F-005002,factura,C0755,2026-06-19,2026-07-19,2403210,456610,2859820,,no,
F-005003,factura,C1031,2026-06-19,2026-07-19,865350,164416,1029766,,no,
F-005004,factura,C1089,2026-06-19,2026-07-19,2502100,475399,2977499,,no,
F-005005,factura,C1110,2026-06-19,2026-07-19,1166010,221542,1387552,,no,
F-005006,factura,C0913,2026-06-19,2026-07-19,921230,175034,1096264,,no,
F-005007,factura,C0326,2026-06-19,2026-07-19,1122270,213231,1335501,,no,
F-005008,factura,C1005,2026-06-19,2026-07-19,351860,66853,418713,,no,
F-005009,factura,C0631,2026-06-19,2026-07-19,1295940,246229,1542169,,no,
F-005010,factura,C0301,2026-06-19,2026-08-18,1950570,370608,2321178,,no,
F-005011,factura,C0448,2026-06-19,2026-07-19,2184640,415082,2599722,,no,
F-005012,factura,C0324,2026-06-19,2026-07-19,335220,63692,398912,,no,
F-005013,factura,C0554,2026-06-19,2026-07-19,293340,55735,349075,,no,
F-005014,factura,C0949,2026-06-19,2026-07-19,643600,122284,765884,,no,
F-005015,factura,C0586,2026-06-19,2026-08-03,2993680,568799,3562479,,no,
F-005016,factura,C0296,2026-06-19,2026-07-19,1180050,224210,1404260,,no,
F-005017,factura,C0137,2026-06-19,2026-07-19,532070,101093,633163,,no,
F-005018,factura,C1054,2026-06-19,2026-07-19,309260,58759,368019,,no,
F-005019,factura,C0494,2026-06-19,2026-07-19,572110,108701,680811,,no,
F-005020,factura,C0520,2026-06-19,2026-07-19,542010,102982,644992,,no,
F-005021,factura,C0927,2026-06-19,2026-07-19,2090210,397140,2487350,,no,
F-005022,factura,C1040,2026-06-19,2026-07-19,2222890,422349,2645239,,no,
F-005023,factura,C0617,2026-06-19,2026-07-19,426920,81115,508035,,no,
F-005024,factura,C0755,2026-06-19,2026-07-19,1806350,343206,2149556,,no,
F-005025,factura,C0259,2026-06-19,2026-07-19,1664260,316209,1980469,,no,
F-005026,factura,C1119,2026-06-19,2026-07-19,384820,73116,457936,,no,
F-005027,factura,C0676,2026-06-19,2026-07-19,924700,175693,1100393,,no,
NC-00134,nota_credito,C0150,2026-06-21,,-71120,-13513,-84633,F-004808,no,Devolución parcial de mercadería
F-005028,factura,C0249,2026-06-22,2026-07-22,709060,134721,843781,,si,Cliente indica que no recibió parte del despacho
F-005029,factura,C0468,2026-06-22,2026-08-21,318240,60466,378706,,no,
F-005030,factura,C0926,2026-06-22,2026-08-21,388320,73781,462101,,no,
F-005031,factura,C0843,2026-06-22,2026-07-22,2452710,466015,2918725,,no,
F-005032,factura,C1167,2026-06-22,2026-08-06,558600,106134,664734,,no,
F-005033,factura,C0771,2026-06-22,2026-08-06,3426640,651062,4077702,,no,
F-005034,factura,C0342,2026-06-22,2026-07-22,244480,46451,290931,,no,
F-005035,factura,C0468,2026-06-22,2026-08-21,316820,60196,377016,,no,
F-005036,factura,C0139,2026-06-22,2026-08-06,1387360,263598,1650958,,no,
F-005037,factura,C1103,2026-06-22,2026-07-22,573740,109011,682751,,no,
F-005038,factura,C0163,2026-06-22,2026-08-06,964050,183170,1147220,,no,
F-005039,factura,C0647,2026-06-22,2026-07-22,689130,130935,820065,,no,
F-005040,factura,C0469,2026-06-22,2026-07-22,672650,127804,800454,,no,
F-005041,factura,C0169,2026-06-22,2026-07-22,591040,112298,703338,,no,
F-005042,factura,C0315,2026-06-22,2026-07-22,870330,165363,1035693,,no,
F-005043,factura,C0755,2026-06-22,2026-07-22,1259650,239334,1498984,,no,
F-005044,factura,C0045,2026-06-22,2026-07-22,2743030,521176,3264206,,no,
F-005045,factura,C1167,2026-06-22,2026-08-06,641150,121818,762968,,no,
F-005046,factura,C1093,2026-06-22,2026-07-22,550250,104548,654798,,no,
F-005047,factura,C0128,2026-06-22,2026-07-22,496360,94308,590668,,no,
F-005048,factura,C1056,2026-06-22,2026-07-22,2443300,464227,2907527,,no,
F-005049,factura,C0370,2026-06-22,2026-07-22,1309680,248839,1558519,,no,
F-005050,factura,C0105,2026-06-22,2026-07-22,165020,31354,196374,,no,
F-005051,factura,C0326,2026-06-22,2026-07-22,159300,30267,189567,,no,
F-005052,factura,C0978,2026-06-22,2026-07-22,388090,73737,461827,,no,
F-005053,factura,C0783,2026-06-22,2026-07-22,906320,172201,1078521,,no,
F-005054,factura,C0257,2026-06-22,2026-07-22,734000,139460,873460,,no,
F-005055,factura,C0852,2026-06-22,2026-07-22,1138090,216237,1354327,,no,
F-005056,factura,C0841,2026-06-22,2026-08-21,655190,124486,779676,,no,
F-005057,factura,C0906,2026-06-22,2026-08-06,2305870,438115,2743985,,no,
F-005058,factura,C0643,2026-06-22,2026-08-06,1398240,265666,1663906,,no,
F-005059,factura,C0993,2026-06-22,2026-07-22,802190,152416,954606,,no,
F-005060,factura,C1096,2026-06-23,2026-07-23,781980,148576,930556,,no,
F-005061,factura,C0376,2026-06-23,2026-08-22,742710,141115,883825,,no,
F-005062,factura,C0249,2026-06-23,2026-07-23,796340,151305,947645,,no,Anulada por nota de crédito
F-005063,factura,C0936,2026-06-23,2026-07-23,738630,140340,878970,,no,
F-005064,factura,C0249,2026-06-23,2026-07-23,917980,174416,1092396,,no,Anulada por nota de crédito
F-005065,factura,C1196,2026-06-23,2026-08-22,839480,159501,998981,,no,
F-005066,factura,C0501,2026-06-23,2026-07-23,197150,37458,234608,,no,
F-005067,factura,C0321,2026-06-23,2026-07-23,870680,165429,1036109,,no,
F-005068,factura,C0097,2026-06-23,2026-07-23,1978970,376004,2354974,,no,
F-005069,factura,C0058,2026-06-23,2026-07-23,437980,83216,521196,,no,
F-005070,factura,C0140,2026-06-23,2026-07-23,1484820,282116,1766936,,no,
F-005071,factura,C0010,2026-06-23,2026-07-23,214780,40808,255588,,no,
F-005072,factura,C0363,2026-06-23,2026-07-23,436880,83007,519887,,no,
F-005073,factura,C0339,2026-06-23,2026-07-23,267880,50897,318777,,no,
F-005074,factura,C0507,2026-06-23,2026-07-23,1348620,256238,1604858,,no,
F-005075,factura,C0253,2026-06-23,2026-08-07,1662110,315801,1977911,,no,
F-005076,factura,C0099,2026-06-23,2026-07-23,413270,78521,491791,,no,
F-005077,factura,C0115,2026-06-23,2026-07-23,1141740,216931,1358671,,no,
F-005078,factura,C0227,2026-06-23,2026-08-07,1675660,318375,1994035,,no,
F-005079,factura,C0345,2026-06-23,2026-08-07,435780,82798,518578,,no,
F-005080,factura,C0186,2026-06-23,2026-07-23,496340,94305,590645,,no,
F-005081,factura,C0417,2026-06-23,2026-07-23,804610,152876,957486,,no,
F-005082,factura,C1101,2026-06-23,2026-07-23,228020,43324,271344,,no,
F-005083,factura,C0287,2026-06-23,2026-07-23,488600,92834,581434,,no,
F-005084,factura,C0203,2026-06-23,2026-07-23,2484170,471992,2956162,,no,
F-005085,factura,C0783,2026-06-23,2026-07-23,299900,56981,356881,,no,
F-005086,factura,C0589,2026-06-23,2026-07-23,885830,168308,1054138,,no,
F-005087,factura,C0068,2026-06-23,2026-07-23,680280,129253,809533,,no,
F-005088,factura,C0958,2026-06-23,2026-08-22,392470,74569,467039,,no,
F-005089,factura,C0845,2026-06-23,2026-07-23,534210,101500,635710,,no,
F-005090,factura,C0840,2026-06-24,2026-07-24,673930,128047,801977,,no,
F-005091,factura,C0317,2026-06-24,2026-07-24,736460,139927,876387,,no,
F-005092,factura,C0733,2026-06-24,2026-07-24,1836010,348842,2184852,,no,
F-005093,factura,C0457,2026-06-24,2026-07-24,464820,88316,553136,,no,
F-005094,factura,C0375,2026-06-24,2026-07-24,825290,156805,982095,,no,
F-005095,factura,C1078,2026-06-24,2026-08-23,263920,50145,314065,,no,
F-005096,factura,C0181,2026-06-24,2026-07-24,1145170,217582,1362752,,no,
F-005097,factura,C0227,2026-06-24,2026-08-08,1064590,202272,1266862,,no,
F-005098,factura,C0784,2026-06-24,2026-07-24,1674320,318121,1992441,,no,
F-005099,factura,C0952,2026-06-24,2026-07-24,354440,67344,421784,,no,
F-005100,factura,C1009,2026-06-24,2026-07-24,759930,144387,904317,,no,
F-005101,factura,C0249,2026-06-24,2026-07-24,318610,60536,379146,,no,
F-005102,factura,C1077,2026-06-24,2026-07-24,727670,138257,865927,,no,
F-005103,factura,C0735,2026-06-24,2026-07-24,2899130,550835,3449965,,no,
F-005104,factura,C0997,2026-06-24,2026-07-24,685490,130243,815733,,no,
F-005105,factura,C0109,2026-06-24,2026-07-24,297080,56445,353525,,no,
F-005106,factura,C0399,2026-06-24,2026-07-24,514310,97719,612029,,no,
F-005107,factura,C0632,2026-06-24,2026-08-23,244200,46398,290598,,no,
F-005108,factura,C0677,2026-06-24,2026-07-24,314230,59704,373934,,no,
F-005109,factura,C0140,2026-06-24,2026-07-24,1515540,287953,1803493,,no,
F-005110,factura,C0643,2026-06-24,2026-08-08,278580,52930,331510,,no,
F-005111,factura,C0783,2026-06-24,2026-07-24,1137510,216127,1353637,,no,
F-005112,factura,C0407,2026-06-24,2026-07-24,904450,171846,1076296,,no,
F-005113,factura,C0596,2026-06-24,2026-07-24,579120,110033,689153,,no,
F-005114,factura,C0315,2026-06-24,2026-07-24,1062750,201922,1264672,,no,
F-005115,factura,C1059,2026-06-24,2026-07-24,418470,79509,497979,,no,
F-005116,factura,C0719,2026-06-24,2026-07-24,1736120,329863,2065983,,no,
F-005117,factura,C0651,2026-06-24,2026-07-24,506770,96286,603056,,no,
F-005118,factura,C1139,2026-06-24,2026-07-24,650440,123584,774024,,no,
F-005119,factura,C0507,2026-06-25,2026-07-25,690280,131153,821433,,no,
F-005120,factura,C0650,2026-06-25,2026-07-25,2627300,499187,3126487,,no,
F-005121,factura,C0249,2026-06-25,2026-07-25,898370,170690,1069060,,si,Cliente indica que no recibió parte del despacho
F-005122,factura,C1078,2026-06-25,2026-08-24,824330,156623,980953,,no,
F-005123,factura,C0961,2026-06-25,2026-08-09,567350,107796,675146,,no,
F-005124,factura,C0590,2026-06-25,2026-08-24,541750,102932,644682,,no,
F-005125,factura,C0529,2026-06-25,2026-07-25,990040,188108,1178148,,no,
F-005126,factura,C0058,2026-06-25,2026-07-25,1576930,299617,1876547,,no,
F-005127,factura,C0642,2026-06-25,2026-07-25,473390,89944,563334,,no,
F-005128,factura,C0711,2026-06-25,2026-07-25,905810,172104,1077914,,no,
F-005129,factura,C1078,2026-06-25,2026-08-24,948520,180219,1128739,,no,
F-005130,factura,C0597,2026-06-25,2026-07-25,1090360,207168,1297528,,no,
F-005131,factura,C0191,2026-06-25,2026-07-25,208840,39680,248520,,no,
F-005132,factura,C0226,2026-06-25,2026-07-25,390640,74222,464862,,no,
F-005133,factura,C0192,2026-06-25,2026-07-25,274480,52151,326631,,no,
F-005134,factura,C1127,2026-06-25,2026-08-24,840400,159676,1000076,,no,
F-005135,factura,C0958,2026-06-25,2026-08-24,398130,75645,473775,,no,
F-005136,factura,C0998,2026-06-25,2026-07-25,550360,104568,654928,,no,
F-005137,factura,C1028,2026-06-25,2026-07-25,314860,59823,374683,,no,
F-005138,factura,C0140,2026-06-25,2026-07-25,592870,112645,705515,,no,
F-005139,factura,C0838,2026-06-25,2026-07-25,333050,63280,396330,,no,
F-005140,factura,C0840,2026-06-25,2026-07-25,1501010,285192,1786202,,no,
F-005141,factura,C0249,2026-06-25,2026-07-25,1201050,228200,1429250,,no,
F-005142,factura,C0588,2026-06-25,2026-07-25,923110,175391,1098501,,no,
F-005143,factura,C0783,2026-06-25,2026-07-25,642920,122155,765075,,no,
F-005144,factura,C1078,2026-06-25,2026-08-24,160360,30468,190828,,no,
F-005145,factura,C0140,2026-06-25,2026-07-25,567360,107798,675158,,no,
F-005146,factura,C1078,2026-06-25,2026-08-24,445150,84578,529728,,no,
F-005147,factura,C1102,2026-06-25,2026-07-25,997630,189550,1187180,,no,
F-005148,factura,C1103,2026-06-25,2026-07-25,1343900,255341,1599241,,no,
F-005149,factura,C0009,2026-06-25,2026-07-25,1061330,201653,1262983,,no,
F-005150,factura,C0902,2026-06-26,2026-07-26,505990,96138,602128,,no,
F-005151,factura,C0324,2026-06-26,2026-07-26,1994940,379039,2373979,,no,
F-005152,factura,C0507,2026-06-26,2026-07-26,1066150,202568,1268718,,no,
F-005153,factura,C0632,2026-06-26,2026-08-25,1130810,214854,1345664,,no,
F-005154,factura,C0248,2026-06-26,2026-08-25,2270160,431330,2701490,,no,
F-005155,factura,C1078,2026-06-26,2026-08-25,530870,100865,631735,,no,
F-005156,factura,C0806,2026-06-26,2026-07-26,661360,125658,787018,,no,
F-005157,factura,C1058,2026-06-26,2026-07-26,599230,113854,713084,,no,
F-005158,factura,C0567,2026-06-26,2026-07-26,758390,144094,902484,,no,
F-005159,factura,C0507,2026-06-26,2026-07-26,2925970,555934,3481904,,no,
F-005160,factura,C0256,2026-06-26,2026-07-26,256950,48820,305770,,no,
F-005161,factura,C0646,2026-06-26,2026-07-26,385440,73234,458674,,no,
F-005162,factura,C0708,2026-06-26,2026-07-26,336040,63848,399888,,no,
F-005163,factura,C0496,2026-06-26,2026-07-26,3075180,584284,3659464,,no,
F-005164,factura,C0184,2026-06-26,2026-07-26,612930,116457,729387,,no,
F-005165,factura,C0301,2026-06-26,2026-08-25,771570,146598,918168,,no,
F-005166,factura,C0023,2026-06-26,2026-07-26,275350,52316,327666,,no,
F-005167,factura,C0352,2026-06-26,2026-07-26,812290,154335,966625,,no,
F-005168,factura,C0681,2026-06-26,2026-07-26,2004160,380790,2384950,,no,
F-005169,factura,C1153,2026-06-26,2026-07-26,1226760,233084,1459844,,no,
F-005170,factura,C0220,2026-06-26,2026-07-26,919170,174642,1093812,,no,
F-005171,factura,C0082,2026-06-26,2026-07-26,286530,54441,340971,,no,
F-005172,factura,C0321,2026-06-26,2026-07-26,770780,146448,917228,,no,
F-005173,factura,C0919,2026-06-29,2026-07-29,1050160,199530,1249690,,no,
F-005174,factura,C0921,2026-06-29,2026-07-29,487620,92648,580268,,no,
F-005175,factura,C1082,2026-06-29,2026-07-29,2199270,417861,2617131,,no,
F-005176,factura,C0139,2026-06-29,2026-08-13,4334460,823547,5158007,,no,
F-005177,factura,C0677,2026-06-29,2026-07-29,537540,102133,639673,,no,
F-005178,factura,C1093,2026-06-29,2026-07-29,1127000,214130,1341130,,no,
F-005179,factura,C0852,2026-06-29,2026-07-29,2612440,496364,3108804,,no,
F-005180,factura,C0140,2026-06-29,2026-07-29,1197750,227572,1425322,,no,
F-005181,factura,C0741,2026-06-29,2026-07-29,269910,51283,321193,,no,
F-005182,factura,C0961,2026-06-29,2026-08-13,1557210,295870,1853080,,no,
F-005183,factura,C0303,2026-06-29,2026-07-29,499130,94835,593965,,no,
F-005184,factura,C0755,2026-06-29,2026-07-29,395180,75084,470264,,no,
F-005185,factura,C1028,2026-06-29,2026-07-29,274160,52090,326250,,no,
F-005186,factura,C0632,2026-06-29,2026-08-28,2830590,537812,3368402,,no,
F-005187,factura,C0228,2026-06-29,2026-08-28,560120,106423,666543,,no,
F-005188,factura,C0651,2026-06-29,2026-07-29,1425940,270929,1696869,,no,
F-005189,factura,C0689,2026-06-29,2026-07-29,1735550,329754,2065304,,no,
F-005190,factura,C0469,2026-06-29,2026-07-29,1243110,236191,1479301,,no,
F-005191,factura,C0805,2026-06-29,2026-07-29,1384610,263076,1647686,,no,
F-005192,factura,C0507,2026-06-29,2026-07-29,1481420,281470,1762890,,no,
F-005193,factura,C1067,2026-06-29,2026-07-29,1219740,231751,1451491,,no,
F-005194,factura,C0958,2026-06-29,2026-08-28,594540,112963,707503,,no,
F-007033,factura,C0249,2026-06-29,2026-07-29,281170,53422,334592,F-003952,no,Reemplaza a F-003952
NC-00114,nota_credito,C0249,2026-06-29,,-326220,-61982,-388202,F-003952,no,Anula factura por error en precio / orden de compra
F-005195,factura,C0140,2026-06-30,2026-07-30,290760,55244,346004,,no,
F-005196,factura,C0140,2026-06-30,2026-07-30,190570,36208,226778,,no,
F-005197,factura,C0468,2026-06-30,2026-08-29,264850,50322,315172,,no,
F-005198,factura,C0011,2026-06-30,2026-07-30,538790,102370,641160,,no,
F-005199,factura,C0855,2026-06-30,2026-07-30,294150,55888,350038,,no,
F-005200,factura,C0643,2026-06-30,2026-08-14,541500,102885,644385,,no,
F-005201,factura,C0124,2026-06-30,2026-07-30,1050660,199625,1250285,,no,
F-005202,factura,C0644,2026-06-30,2026-07-30,1029030,195516,1224546,,no,
F-005203,factura,C0079,2026-06-30,2026-07-30,383050,72780,455830,,no,
F-005204,factura,C0111,2026-06-30,2026-07-30,228990,43508,272498,,no,
F-005205,factura,C0586,2026-06-30,2026-08-14,410060,77911,487971,,no,
F-005206,factura,C0593,2026-06-30,2026-08-29,1098090,208637,1306727,,no,
F-005207,factura,C0376,2026-06-30,2026-08-29,1323680,251499,1575179,,no,
F-005208,factura,C0747,2026-06-30,2026-08-29,861890,163759,1025649,,no,
F-005209,factura,C0449,2026-06-30,2026-07-30,1699290,322865,2022155,,no,
F-005210,factura,C0688,2026-06-30,2026-07-30,2591980,492476,3084456,,no,
F-005211,factura,C0382,2026-06-30,2026-07-30,441520,83889,525409,,no,
F-005212,factura,C0845,2026-06-30,2026-07-30,2134660,405585,2540245,,no,
F-005213,factura,C0680,2026-06-30,2026-07-30,527620,100248,627868,,no,
F-005214,factura,C0193,2026-06-30,2026-07-30,1469520,279209,1748729,,no,
F-005215,factura,C0813,2026-06-30,2026-07-30,1145590,217662,1363252,,no,
F-005216,factura,C0954,2026-06-30,2026-07-30,133640,25392,159032,,no,
F-005217,factura,C0102,2026-06-30,2026-07-30,300020,57004,357024,,no,
F-005218,factura,C0736,2026-06-30,2026-07-30,244640,46482,291122,,no,
F-005219,factura,C0958,2026-06-30,2026-08-29,156210,29680,185890,,no,
F-005220,factura,C0144,2026-06-30,2026-07-30,1313260,249519,1562779,,no,
F-005221,factura,C1080,2026-06-30,2026-07-30,3401020,646194,4047214,,no,
F-005222,factura,C0488,2026-06-30,2026-07-30,528830,100478,629308,,no,
F-005223,factura,C0901,2026-06-30,2026-07-30,1287090,244547,1531637,,no,
F-005224,factura,C1078,2026-06-30,2026-08-29,2131360,404958,2536318,,no,
F-005225,factura,C1195,2026-06-30,2026-07-30,767760,145874,913634,,no,
F-005226,factura,C0683,2026-06-30,2026-07-30,636870,121005,757875,,no,
F-005227,factura,C0840,2026-06-30,2026-07-30,533930,101447,635377,,no,
F-007039,factura,C0249,2026-06-30,2026-07-30,874570,166168,1040738,F-004684,no,Reemplaza a F-004684
F-007051,factura,C0249,2026-06-30,2026-07-30,213350,40536,253886,F-007047,no,Reemplaza a F-007047
NC-00132,nota_credito,C0249,2026-06-30,,-983020,-186774,-1169794,F-004684,no,Anula factura por error en precio / orden de compra
NC-00182,nota_credito,C0249,2026-06-30,,-242870,-46145,-289015,F-007047,no,Anula factura por error en precio / orden de compra
F-005228,factura,C0917,2026-07-01,2026-07-31,2848170,541152,3389322,,no,
F-005229,factura,C0418,2026-07-01,2026-07-31,863820,164126,1027946,,no,
F-005230,factura,C1062,2026-07-01,2026-07-31,366560,69646,436206,,no,
F-005231,factura,C0682,2026-07-01,2026-07-31,503690,95701,599391,,no,
F-005232,factura,C0722,2026-07-01,2026-07-31,2113430,401552,2514982,,no,
F-005233,factura,C0917,2026-07-01,2026-07-31,854250,162308,1016558,,no,
F-005234,factura,C0939,2026-07-01,2026-07-31,818490,155513,974003,,no,
F-005235,factura,C0805,2026-07-01,2026-07-31,2280560,433306,2713866,,no,
F-005236,factura,C0151,2026-07-01,2026-07-31,469760,89254,559014,,no,
F-005237,factura,C1056,2026-07-01,2026-07-31,163350,31036,194386,,no,
F-005238,factura,C0283,2026-07-01,2026-07-31,493600,93784,587384,,no,
F-005239,factura,C1196,2026-07-01,2026-08-30,1185230,225194,1410424,,no,
F-005240,factura,C0447,2026-07-01,2026-07-31,799840,151970,951810,,no,
F-005241,factura,C0156,2026-07-01,2026-07-31,280250,53248,333498,,no,
F-005242,factura,C0345,2026-07-01,2026-08-15,2201450,418276,2619726,,no,
F-005243,factura,C0677,2026-07-01,2026-07-31,1113010,211472,1324482,,no,
F-005244,factura,C0457,2026-07-01,2026-07-31,1333070,253283,1586353,,no,
F-005245,factura,C1004,2026-07-01,2026-07-31,1366100,259559,1625659,,no,
F-005246,factura,C0806,2026-07-01,2026-07-31,345570,65658,411228,,no,
F-005247,factura,C0249,2026-07-01,2026-07-31,1244300,236417,1480717,,no,
F-005248,factura,C0643,2026-07-01,2026-08-15,2018250,383468,2401718,,no,
F-005249,factura,C0958,2026-07-01,2026-08-30,2431520,461989,2893509,,no,
F-005250,factura,C1078,2026-07-01,2026-08-30,1738950,330400,2069350,,no,
F-005251,factura,C0466,2026-07-01,2026-07-31,1472220,279722,1751942,,no,
F-005252,factura,C0983,2026-07-02,2026-08-01,797420,151510,948930,,no,
F-005253,factura,C0484,2026-07-02,2026-08-01,404630,76880,481510,,no,
F-005254,factura,C1078,2026-07-02,2026-08-31,314010,59662,373672,,no,
F-005255,factura,C0566,2026-07-02,2026-08-01,762750,144922,907672,,no,
F-005256,factura,C0538,2026-07-02,2026-08-01,324500,61655,386155,,no,
F-005257,factura,C0772,2026-07-02,2026-08-01,1261650,239714,1501364,,no,
F-005258,factura,C0745,2026-07-02,2026-08-01,1067950,202910,1270860,,no,
F-005259,factura,C0019,2026-07-02,2026-08-01,360550,68504,429054,,no,
F-005260,factura,C1191,2026-07-02,2026-08-01,788970,149904,938874,,no,
F-005261,factura,C1131,2026-07-02,2026-08-01,359220,68252,427472,,no,
F-005262,factura,C0310,2026-07-02,2026-08-16,184240,35006,219246,,no,
F-005263,factura,C0658,2026-07-02,2026-08-01,412370,78350,490720,,no,
F-005264,factura,C0934,2026-07-02,2026-08-16,638710,121355,760065,,no,
F-005265,factura,C1101,2026-07-02,2026-08-01,1009120,191733,1200853,,no,
F-005266,factura,C0688,2026-07-02,2026-08-01,749410,142388,891798,,no,
F-005267,factura,C0031,2026-07-02,2026-08-01,1374500,261155,1635655,,no,
F-005268,factura,C0805,2026-07-02,2026-08-01,303320,57631,360951,,no,
F-005269,factura,C0139,2026-07-02,2026-08-16,491940,93469,585409,,no,
F-005270,factura,C0794,2026-07-02,2026-08-01,2477990,470818,2948808,,no,
F-005271,factura,C0688,2026-07-02,2026-08-01,141860,26953,168813,,no,
F-005272,factura,C0759,2026-07-02,2026-08-01,463190,88006,551196,,no,
F-005273,factura,C0227,2026-07-02,2026-08-16,282170,53612,335782,,no,
F-005274,factura,C0590,2026-07-02,2026-08-31,568720,108057,676777,,no,
F-005275,factura,C0746,2026-07-02,2026-08-01,469730,89249,558979,,no,
F-005276,factura,C0324,2026-07-02,2026-08-01,1076460,204527,1280987,,no,
F-005277,factura,C0227,2026-07-02,2026-08-16,815760,154994,970754,,no,
F-005278,factura,C0249,2026-07-02,2026-08-01,233980,44456,278436,,no,Anulada por nota de crédito
F-005279,factura,C1054,2026-07-02,2026-08-01,415370,78920,494290,,no,
F-005280,factura,C0554,2026-07-02,2026-08-01,664890,126329,791219,,no,
F-005281,factura,C0779,2026-07-02,2026-08-01,1201360,228258,1429618,,no,
F-005282,factura,C0620,2026-07-02,2026-08-01,4656750,884782,5541532,,no,
F-005283,factura,C1012,2026-07-02,2026-08-01,1166710,221675,1388385,,no,
F-005284,factura,C0610,2026-07-02,2026-08-01,295810,56204,352014,,no,
F-005285,factura,C0139,2026-07-02,2026-08-16,616850,117202,734052,,no,
F-005286,factura,C0234,2026-07-02,2026-08-01,768540,146023,914563,,no,
F-005287,factura,C0023,2026-07-02,2026-08-01,438870,83385,522255,,no,
F-005288,factura,C1009,2026-07-02,2026-08-01,968660,184045,1152705,,no,
F-005289,factura,C0651,2026-07-03,2026-08-02,435090,82667,517757,,no,
F-005290,factura,C0926,2026-07-03,2026-09-01,1443340,274235,1717575,,no,
F-005291,factura,C1078,2026-07-03,2026-09-01,289600,55024,344624,,no,
F-005292,factura,C0617,2026-07-03,2026-08-02,901700,171323,1073023,,no,
F-005293,factura,C0590,2026-07-03,2026-09-01,757830,143988,901818,,no,
F-005294,factura,C1132,2026-07-03,2026-08-02,1827190,347166,2174356,,no,
F-005295,factura,C1117,2026-07-03,2026-08-02,465840,88510,554350,,no,
F-005296,factura,C1199,2026-07-03,2026-08-02,498630,94740,593370,,no,
F-005297,factura,C0191,2026-07-03,2026-08-02,274940,52239,327179,,no,
F-005298,factura,C0006,2026-07-03,2026-08-02,1053500,200165,1253665,,no,
F-005299,factura,C0513,2026-07-03,2026-08-02,529000,100510,629510,,no,
F-005300,factura,C0891,2026-07-03,2026-08-02,372560,70786,443346,,no,
F-005301,factura,C0119,2026-07-03,2026-08-02,402060,76391,478451,,no,
F-005302,factura,C0427,2026-07-03,2026-08-02,1141080,216805,1357885,,no,
F-005303,factura,C0682,2026-07-03,2026-08-02,307250,58378,365628,,no,
F-005304,factura,C0248,2026-07-03,2026-09-01,329870,62675,392545,,no,
F-005305,factura,C0882,2026-07-03,2026-08-02,1521020,288994,1810014,,no,
F-005306,factura,C0249,2026-07-03,2026-08-02,650110,123521,773631,,no,
F-005307,factura,C1028,2026-07-03,2026-08-02,1594640,302982,1897622,,no,
F-005308,factura,C0382,2026-07-03,2026-08-02,557000,105830,662830,,no,
F-005309,factura,C0718,2026-07-03,2026-08-02,741850,140952,882802,,no,
F-005310,factura,C0644,2026-07-03,2026-08-02,841410,159868,1001278,,no,
F-005311,factura,C0321,2026-07-03,2026-08-02,2252670,428007,2680677,,no,
F-005312,factura,C0516,2026-07-03,2026-08-02,2110630,401020,2511650,,no,
F-005313,factura,C1037,2026-07-03,2026-08-02,1868020,354924,2222944,,no,
F-005314,factura,C0651,2026-07-03,2026-08-02,448990,85308,534298,,no,
F-005315,factura,C0082,2026-07-03,2026-08-02,337170,64062,401232,,no,
F-005316,factura,C0843,2026-07-03,2026-08-02,1364680,259289,1623969,,no,
F-005317,factura,C0227,2026-07-03,2026-08-17,2233780,424418,2658198,,no,
F-005318,factura,C0586,2026-07-03,2026-08-17,1882390,357654,2240044,,no,
F-005319,factura,C0554,2026-07-03,2026-08-02,750310,142559,892869,,no,
NC-00137,nota_credito,C0794,2026-07-05,,-160460,-30487,-190947,F-004972,no,Devolución parcial de mercadería
NC-00148,nota_credito,C0139,2026-07-05,,-238180,-45254,-283434,F-005285,no,Devolución parcial de mercadería
F-005320,factura,C0289,2026-07-06,2026-08-05,1206040,229148,1435188,,no,
F-005321,factura,C0832,2026-07-06,2026-08-05,791600,150404,942004,,no,
F-005322,factura,C0482,2026-07-06,2026-08-05,445580,84660,530240,,no,
F-005323,factura,C1028,2026-07-06,2026-08-05,179480,34101,213581,,no,
F-005324,factura,C0912,2026-07-06,2026-08-05,610530,116001,726531,,no,
F-005325,factura,C0632,2026-07-06,2026-09-04,619160,117640,736800,,no,
F-005326,factura,C0274,2026-07-06,2026-08-05,2273010,431872,2704882,,no,
F-005327,factura,C0958,2026-07-06,2026-09-04,499290,94865,594155,,no,
F-005328,factura,C1056,2026-07-06,2026-08-05,1341690,254921,1596611,,no,
F-005329,factura,C1017,2026-07-06,2026-08-05,332180,63114,395294,,no,
F-005330,factura,C0076,2026-07-06,2026-08-05,1371510,260587,1632097,,no,
F-005331,factura,C0832,2026-07-06,2026-08-05,155910,29623,185533,,no,
F-005332,factura,C0838,2026-07-06,2026-08-05,4992570,948588,5941158,,no,
F-005333,factura,C1133,2026-07-06,2026-08-05,834320,158521,992841,,no,
F-005334,factura,C0291,2026-07-06,2026-08-05,99870,18975,118845,,no,
F-005335,factura,C0956,2026-07-06,2026-08-05,525980,99936,625916,,no,
F-005336,factura,C0821,2026-07-06,2026-08-05,463560,88076,551636,,no,
F-005337,factura,C1070,2026-07-06,2026-08-05,552700,105013,657713,,no,
F-005338,factura,C0828,2026-07-06,2026-08-05,697680,132559,830239,,no,
F-005339,factura,C1047,2026-07-06,2026-08-05,549700,104443,654143,,no,
F-005340,factura,C0403,2026-07-06,2026-08-05,486060,92351,578411,,no,
F-005341,factura,C0191,2026-07-06,2026-08-05,369640,70232,439872,,no,
F-005342,factura,C0414,2026-07-06,2026-08-05,1802450,342466,2144916,,no,
F-005343,factura,C0992,2026-07-06,2026-08-05,2441530,463891,2905421,,no,
F-005344,factura,C0167,2026-07-06,2026-08-05,761900,144761,906661,,no,
F-005345,factura,C0756,2026-07-06,2026-08-05,920910,174973,1095883,,no,
F-005346,factura,C1195,2026-07-06,2026-08-05,379330,72073,451403,,no,
F-005347,factura,C1078,2026-07-06,2026-09-04,988600,187834,1176434,,no,
F-005348,factura,C0469,2026-07-07,2026-08-06,157910,30003,187913,,no,
F-005349,factura,C1012,2026-07-07,2026-08-06,262350,49846,312196,,no,
F-005350,factura,C1127,2026-07-07,2026-09-05,969010,184112,1153122,,no,
F-005351,factura,C0575,2026-07-07,2026-08-06,1227140,233157,1460297,,no,
F-005352,factura,C0177,2026-07-07,2026-08-06,971560,184596,1156156,,no,
F-005353,factura,C0733,2026-07-07,2026-08-06,1751620,332808,2084428,,no,
F-005354,factura,C0906,2026-07-07,2026-08-21,957710,181965,1139675,,no,
F-005355,factura,C0427,2026-07-07,2026-08-06,376660,71565,448225,,no,
F-005356,factura,C0913,2026-07-07,2026-08-06,1126620,214058,1340678,,no,
F-005357,factura,C0632,2026-07-07,2026-09-05,802090,152397,954487,,no,
F-005358,factura,C0325,2026-07-07,2026-09-05,441900,83961,525861,,no,
F-005359,factura,C0754,2026-07-07,2026-09-05,1022040,194188,1216228,,no,
F-005360,factura,C0451,2026-07-07,2026-08-06,746230,141784,888014,,no,
F-005361,factura,C0956,2026-07-07,2026-08-06,431620,82008,513628,,no,
F-005362,factura,C0004,2026-07-07,2026-08-06,607430,115412,722842,,no,
F-005363,factura,C0993,2026-07-07,2026-08-06,2169800,412262,2582062,,no,
F-005364,factura,C0326,2026-07-07,2026-08-06,2113810,401624,2515434,,no,
F-005365,factura,C1158,2026-07-07,2026-08-06,814070,154673,968743,,no,
F-005366,factura,C0926,2026-07-07,2026-09-05,733150,139298,872448,,no,
F-005367,factura,C0264,2026-07-07,2026-08-06,222540,42283,264823,,no,
F-005368,factura,C1185,2026-07-07,2026-08-06,2771180,526524,3297704,,no,
F-005369,factura,C0593,2026-07-07,2026-09-05,1604570,304868,1909438,,no,
F-005370,factura,C0632,2026-07-07,2026-09-05,1278060,242831,1520891,,no,
F-005371,factura,C1094,2026-07-07,2026-08-06,113490,21563,135053,,no,
F-005372,factura,C1100,2026-07-07,2026-08-06,723630,137490,861120,,no,
F-005373,factura,C0832,2026-07-07,2026-08-06,632600,120194,752794,,no,
F-005374,factura,C1184,2026-07-07,2026-08-06,1209290,229765,1439055,,no,
F-005375,factura,C0370,2026-07-07,2026-08-06,488190,92756,580946,,no,
F-005376,factura,C0253,2026-07-07,2026-08-21,581820,110546,692366,,no,
F-005377,factura,C0042,2026-07-07,2026-08-06,1149480,218401,1367881,,no,
F-005378,factura,C0379,2026-07-07,2026-08-06,377160,71660,448820,,no,
NC-00144,nota_credito,C1080,2026-07-07,,-1237830,-235188,-1473018,F-005221,no,Devolución parcial de mercadería
F-005379,factura,C0354,2026-07-08,2026-08-07,1319900,250781,1570681,,no,
F-005380,factura,C0622,2026-07-08,2026-08-07,369970,70294,440264,,no,
F-005381,factura,C1109,2026-07-08,2026-08-07,128330,24383,152713,,no,
F-005382,factura,C0249,2026-07-08,2026-08-07,266050,50550,316600,,no,Anulada por nota de crédito
F-005383,factura,C0618,2026-07-08,2026-08-07,389350,73976,463326,,no,
F-005384,factura,C0675,2026-07-08,2026-08-07,2151730,408829,2560559,,no,
F-005385,factura,C0770,2026-07-08,2026-08-07,570230,108344,678574,,no,
F-005386,factura,C0370,2026-07-08,2026-08-07,280120,53223,333343,,no,
F-005387,factura,C0140,2026-07-08,2026-08-07,705540,134053,839593,,no,
F-005388,factura,C1101,2026-07-08,2026-08-07,222390,42254,264644,,no,
F-005389,factura,C1149,2026-07-08,2026-08-07,945920,179725,1125645,,no,
F-005390,factura,C0515,2026-07-08,2026-08-07,286740,54481,341221,,no,
F-005391,factura,C0681,2026-07-08,2026-08-07,322040,61188,383228,,no,
F-005392,factura,C0042,2026-07-08,2026-08-07,846480,160831,1007311,,no,
F-005393,factura,C0068,2026-07-08,2026-08-07,2542430,483062,3025492,,no,
F-005394,factura,C0122,2026-07-08,2026-08-07,3637020,691034,4328054,,no,
F-005395,factura,C0902,2026-07-08,2026-08-07,272820,51836,324656,,no,
F-005396,factura,C0249,2026-07-08,2026-08-07,388930,73897,462827,,no,
F-005397,factura,C0227,2026-07-08,2026-08-22,946830,179898,1126728,,no,
F-005398,factura,C0013,2026-07-08,2026-08-07,1596740,303381,1900121,,no,
F-005399,factura,C0031,2026-07-08,2026-08-07,110990,21088,132078,,no,
F-005400,factura,C0475,2026-07-08,2026-08-07,672200,127718,799918,,no,
F-005401,factura,C0643,2026-07-08,2026-08-22,424530,80661,505191,,no,
F-005402,factura,C0679,2026-07-08,2026-08-07,134490,25553,160043,,no,
F-005403,factura,C0538,2026-07-08,2026-08-07,215070,40863,255933,,no,
F-005404,factura,C0545,2026-07-08,2026-08-07,398010,75622,473632,,no,
F-005405,factura,C0917,2026-07-08,2026-08-07,657040,124838,781878,,no,
F-005406,factura,C0313,2026-07-08,2026-08-22,1404130,266785,1670915,,no,
F-005407,factura,C0256,2026-07-08,2026-08-07,832280,158133,990413,,no,
F-005408,factura,C1050,2026-07-08,2026-08-07,1337720,254167,1591887,,no,
NC-00143,nota_credito,C0921,2026-07-08,,-126360,-24008,-150368,F-005174,no,Devolución parcial de mercadería
F-005409,factura,C0274,2026-07-09,2026-08-08,725920,137925,863845,,no,
F-005410,factura,C0519,2026-07-09,2026-08-08,591500,112385,703885,,no,
F-005411,factura,C0681,2026-07-09,2026-08-08,604400,114836,719236,,no,
F-005412,factura,C0418,2026-07-09,2026-08-08,3106080,590155,3696235,,no,
F-005413,factura,C1167,2026-07-09,2026-08-23,91340,17355,108695,,no,
F-005414,factura,C0011,2026-07-09,2026-08-08,626300,118997,745297,,no,
F-005415,factura,C1097,2026-07-09,2026-08-08,426750,81082,507832,,no,
F-005416,factura,C0001,2026-07-09,2026-08-08,444910,84533,529443,,no,
F-005417,factura,C0249,2026-07-09,2026-08-08,594550,112964,707514,,no,
F-005418,factura,C1196,2026-07-09,2026-09-07,426390,81014,507404,,no,
F-005419,factura,C0873,2026-07-09,2026-08-08,613300,116527,729827,,no,
F-005420,factura,C0763,2026-07-09,2026-08-08,517750,98372,616122,,no,
F-005421,factura,C0866,2026-07-09,2026-08-08,184470,35049,219519,,no,
F-005422,factura,C0479,2026-07-09,2026-08-08,715830,136008,851838,,no,
F-005423,factura,C0956,2026-07-09,2026-08-08,935610,177766,1113376,,no,
F-005424,factura,C0190,2026-07-09,2026-09-07,341960,64972,406932,,no,
F-005425,factura,C0958,2026-07-09,2026-09-07,2351180,446724,2797904,,no,
F-005426,factura,C1127,2026-07-09,2026-09-07,1535810,291804,1827614,,no,
F-005427,factura,C1054,2026-07-09,2026-08-08,1036410,196918,1233328,,no,
F-005428,factura,C0906,2026-07-09,2026-08-23,1026400,195016,1221416,,no,
F-005429,factura,C0771,2026-07-09,2026-08-23,540470,102689,643159,,no,
F-005430,factura,C0631,2026-07-09,2026-08-08,1314820,249816,1564636,,no,
F-005431,factura,C0467,2026-07-09,2026-08-08,1853740,352211,2205951,,no,
F-005432,factura,C1054,2026-07-09,2026-08-08,1007040,191338,1198378,,no,
F-005433,factura,C0770,2026-07-09,2026-08-08,334330,63523,397853,,no,
F-005434,factura,C0508,2026-07-09,2026-08-08,511120,97113,608233,,no,
F-005435,factura,C0956,2026-07-09,2026-08-08,834880,158627,993507,,no,
F-005436,factura,C0079,2026-07-09,2026-08-08,1031280,195943,1227223,,no,
F-005437,factura,C0986,2026-07-09,2026-08-08,495900,94221,590121,,no,
F-005438,factura,C0983,2026-07-09,2026-08-08,335260,63699,398959,,no,
F-005439,factura,C0249,2026-07-09,2026-08-08,1873790,356020,2229810,,si,Orden de compra no coincide con lo facturado
NC-00145,nota_credito,C1195,2026-07-09,,-129490,-24603,-154093,F-005225,no,Devolución parcial de mercadería
F-005440,factura,C0163,2026-07-10,2026-08-24,1394660,264985,1659645,,no,
F-005441,factura,C0554,2026-07-10,2026-08-09,1944880,369527,2314407,,no,
F-005442,factura,C0530,2026-07-10,2026-08-09,139310,26469,165779,,no,
F-005443,factura,C0482,2026-07-10,2026-08-09,204050,38770,242820,,no,
F-005444,factura,C0838,2026-07-10,2026-08-09,5540270,1052651,6592921,,no,
F-005445,factura,C0496,2026-07-10,2026-08-09,1194120,226883,1421003,,no,
F-005446,factura,C0138,2026-07-10,2026-08-09,637210,121070,758280,,no,
F-005447,factura,C1045,2026-07-10,2026-08-09,546300,103797,650097,,no,
F-005448,factura,C0507,2026-07-10,2026-08-09,508800,96672,605472,,no,
F-005449,factura,C0771,2026-07-10,2026-08-24,113360,21538,134898,,no,
F-005450,factura,C1110,2026-07-10,2026-08-09,287060,54541,341601,,no,
F-005451,factura,C0934,2026-07-10,2026-08-24,486900,92511,579411,,no,
F-005452,factura,C0643,2026-07-10,2026-08-24,300320,57061,357381,,no,
F-005453,factura,C0647,2026-07-10,2026-08-09,333430,63352,396782,,no,
F-005454,factura,C1040,2026-07-10,2026-08-09,4123810,783524,4907334,,no,
F-005455,factura,C0997,2026-07-10,2026-08-09,435380,82722,518102,,no,
F-005456,factura,C0222,2026-07-10,2026-08-09,665170,126382,791552,,no,
F-005457,factura,C0754,2026-07-10,2026-09-08,646500,122835,769335,,no,
F-005458,factura,C1054,2026-07-10,2026-08-09,853300,162127,1015427,,no,
F-005459,factura,C0969,2026-07-10,2026-08-09,363480,69061,432541,,no,
F-005460,factura,C0163,2026-07-10,2026-08-24,1443940,274349,1718289,,no,
F-005461,factura,C0509,2026-07-10,2026-08-09,759300,144267,903567,,no,
F-005462,factura,C0629,2026-07-10,2026-08-09,190150,36128,226278,,no,
F-005463,factura,C0278,2026-07-10,2026-08-09,488600,92834,581434,,no,
F-005464,factura,C0805,2026-07-10,2026-08-09,463970,88154,552124,,no,
F-005465,factura,C0569,2026-07-10,2026-08-09,447200,84968,532168,,no,
F-005466,factura,C0321,2026-07-10,2026-08-09,800300,152057,952357,,no,
F-005467,factura,C0376,2026-07-10,2026-09-08,884770,168106,1052876,,no,
F-005468,factura,C1054,2026-07-10,2026-08-09,805020,152954,957974,,no,
NC-00138,nota_credito,C1093,2026-07-11,,-150000,-28500,-178500,F-005046,no,Devolución parcial de mercadería
NC-00140,nota_credito,C0936,2026-07-11,,-281240,-53436,-334676,F-005063,no,Devolución parcial de mercadería
NC-00142,nota_credito,C1139,2026-07-11,,-78210,-14860,-93070,F-005118,no,Devolución parcial de mercadería
NC-00149,nota_credito,C0821,2026-07-12,,-169010,-32112,-201122,F-005336,no,Devolución parcial de mercadería
F-005469,factura,C1078,2026-07-13,2026-09-11,1332660,253205,1585865,,no,
F-005470,factura,C0433,2026-07-13,2026-08-12,862710,163915,1026625,,no,
F-005471,factura,C1109,2026-07-13,2026-08-12,763770,145116,908886,,no,
F-005472,factura,C0841,2026-07-13,2026-09-11,2327530,442231,2769761,,no,
F-005473,factura,C0324,2026-07-13,2026-08-12,4327580,822240,5149820,,no,
F-005474,factura,C0139,2026-07-13,2026-08-27,579450,110096,689546,,no,
F-005475,factura,C0992,2026-07-13,2026-08-12,1594370,302930,1897300,,no,
F-005476,factura,C0538,2026-07-13,2026-08-12,1056330,200703,1257033,,no,
F-005477,factura,C0118,2026-07-13,2026-08-12,1066510,202637,1269147,,no,
F-005478,factura,C0140,2026-07-13,2026-08-12,997250,189478,1186728,,no,
F-005479,factura,C1167,2026-07-13,2026-08-27,626910,119113,746023,,no,
F-005480,factura,C0266,2026-07-13,2026-08-12,46490,8833,55323,,no,
F-005481,factura,C1167,2026-07-13,2026-08-27,2793660,530795,3324455,,no,
F-005482,factura,C0805,2026-07-13,2026-08-12,469410,89188,558598,,no,
F-005483,factura,C0324,2026-07-13,2026-08-12,674530,128161,802691,,no,
F-005484,factura,C0443,2026-07-13,2026-08-12,686100,130359,816459,,no,
F-005485,factura,C0942,2026-07-13,2026-08-12,437120,83053,520173,,no,
F-005486,factura,C0508,2026-07-13,2026-08-12,991730,188429,1180159,,no,
F-005487,factura,C0119,2026-07-13,2026-08-12,789820,150066,939886,,no,
F-005488,factura,C0249,2026-07-13,2026-08-12,461290,87645,548935,,no,
F-005489,factura,C1054,2026-07-13,2026-08-12,922140,175207,1097347,,no,
F-005490,factura,C0831,2026-07-13,2026-08-12,796970,151424,948394,,no,
F-005491,factura,C0597,2026-07-13,2026-08-12,1719060,326621,2045681,,no,
F-005492,factura,C0269,2026-07-13,2026-08-12,280050,53210,333260,,no,
F-005493,factura,C0566,2026-07-13,2026-08-12,429640,81632,511272,,no,
F-005494,factura,C0958,2026-07-13,2026-09-11,1461910,277763,1739673,,no,
F-005495,factura,C0125,2026-07-13,2026-08-12,490520,93199,583719,,no,
F-005496,factura,C1196,2026-07-13,2026-09-11,397240,75476,472716,,no,
NC-00153,nota_credito,C0754,2026-07-13,,-119730,-22749,-142479,F-005457,no,Devolución parcial de mercadería
F-005497,factura,C1167,2026-07-14,2026-08-28,1462680,277909,1740589,,no,
F-005498,factura,C0035,2026-07-14,2026-08-13,717560,136336,853896,,no,
F-005499,factura,C0585,2026-07-14,2026-08-13,297520,56529,354049,,no,
F-005500,factura,C0971,2026-07-14,2026-08-13,435930,82827,518757,,no,
F-005501,factura,C0938,2026-07-14,2026-08-13,395430,75132,470562,,no,
F-005502,factura,C0227,2026-07-14,2026-08-28,921700,175123,1096823,,no,
F-005503,factura,C0841,2026-07-14,2026-09-12,240600,45714,286314,,no,
F-005504,factura,C0747,2026-07-14,2026-09-12,642860,122143,765003,,no,
F-005505,factura,C0798,2026-07-14,2026-08-13,617850,117392,735242,,no,
F-005506,factura,C0293,2026-07-14,2026-08-13,246430,46822,293252,,no,
F-005507,factura,C0983,2026-07-14,2026-08-13,1731230,328934,2060164,,no,
F-005508,factura,C0659,2026-07-14,2026-08-13,383650,72894,456544,,no,
F-005509,factura,C0865,2026-07-14,2026-08-13,219640,41732,261372,,no,
F-005510,factura,C1127,2026-07-14,2026-09-12,961490,182683,1144173,,no,
F-005511,factura,C1053,2026-07-14,2026-08-13,507640,96452,604092,,no,
F-005512,factura,C0952,2026-07-14,2026-08-13,673790,128020,801810,,no,
F-005513,factura,C0313,2026-07-14,2026-08-28,188380,35792,224172,,no,
F-005514,factura,C0079,2026-07-14,2026-08-13,930860,176863,1107723,,no,
F-005515,factura,C0677,2026-07-14,2026-08-13,2763140,524997,3288137,,no,
F-005516,factura,C0049,2026-07-14,2026-08-13,176960,33622,210582,,no,
F-005517,factura,C0843,2026-07-14,2026-08-13,645190,122586,767776,,no,
F-005518,factura,C0899,2026-07-14,2026-08-13,259290,49265,308555,,no,
F-005519,factura,C0668,2026-07-14,2026-08-13,4179160,794040,4973200,,no,
F-005520,factura,C1064,2026-07-14,2026-08-13,609030,115716,724746,,no,
F-005521,factura,C0711,2026-07-14,2026-08-13,181980,34576,216556,,no,
F-005522,factura,C0620,2026-07-14,2026-08-13,220820,41956,262776,,no,
F-005523,factura,C0676,2026-07-14,2026-08-13,882890,167749,1050639,,no,
F-005524,factura,C0127,2026-07-14,2026-08-13,163400,31046,194446,,no,
F-005525,factura,C0906,2026-07-14,2026-08-28,167550,31834,199384,,no,
F-005526,factura,C0091,2026-07-14,2026-08-13,489430,92992,582422,,no,
F-005527,factura,C0679,2026-07-14,2026-08-13,540730,102739,643469,,no,
F-005528,factura,C0204,2026-07-14,2026-08-13,658660,125145,783805,,no,
F-005529,factura,C0245,2026-07-14,2026-08-13,341910,64963,406873,,no,
F-005530,factura,C0253,2026-07-14,2026-08-28,1014650,192784,1207434,,no,
F-005531,factura,C0538,2026-07-15,2026-08-14,372280,70733,443013,,no,
F-005532,factura,C0274,2026-07-15,2026-08-14,423010,80372,503382,,no,
F-005533,factura,C0674,2026-07-15,2026-08-14,600960,114182,715142,,no,
F-005534,factura,C0583,2026-07-15,2026-08-14,198020,37624,235644,,no,
F-005535,factura,C0502,2026-07-15,2026-08-14,125770,23896,149666,,no,
F-005536,factura,C1191,2026-07-15,2026-08-14,1358600,258134,1616734,,no,
F-005537,factura,C1196,2026-07-15,2026-09-13,360440,68484,428924,,no,
F-005538,factura,C0664,2026-07-15,2026-08-14,3595670,683177,4278847,,no,
F-005539,factura,C0107,2026-07-15,2026-08-14,3156020,599644,3755664,,no,
F-005540,factura,C0675,2026-07-15,2026-08-14,434590,82572,517162,,no,
F-005541,factura,C1149,2026-07-15,2026-08-14,4233730,804409,5038139,,no,
F-005542,factura,C1106,2026-07-15,2026-08-14,1379750,262152,1641902,,no,
F-005543,factura,C0249,2026-07-15,2026-08-14,388910,73893,462803,,no,
F-005544,factura,C0227,2026-07-15,2026-08-29,82610,15696,98306,,no,
F-005545,factura,C0190,2026-07-15,2026-09-13,1130170,214732,1344902,,no,
F-005546,factura,C0993,2026-07-15,2026-08-14,668230,126964,795194,,no,
F-005547,factura,C0586,2026-07-15,2026-08-29,920290,174855,1095145,,no,
F-005548,factura,C0376,2026-07-15,2026-09-13,542680,103109,645789,,no,
F-005549,factura,C0362,2026-07-15,2026-08-14,261000,49590,310590,,no,
F-005550,factura,C0303,2026-07-15,2026-08-14,463110,87991,551101,,no,
F-005551,factura,C1077,2026-07-15,2026-08-14,1147000,217930,1364930,,no,
F-005552,factura,C0482,2026-07-15,2026-08-14,490830,93258,584088,,no,
F-005553,factura,C0267,2026-07-15,2026-08-14,488460,92807,581267,,no,
F-005554,factura,C0843,2026-07-15,2026-08-14,193270,36721,229991,,no,
F-005555,factura,C0755,2026-07-15,2026-08-14,701030,133196,834226,,no,
F-005556,factura,C0845,2026-07-15,2026-08-14,267750,50872,318622,,no,
F-005557,factura,C0995,2026-07-15,2026-08-14,1358880,258187,1617067,,no,
F-005558,factura,C0140,2026-07-15,2026-08-14,362240,68826,431066,,no,
F-005559,factura,C0004,2026-07-15,2026-08-14,514420,97740,612160,,no,
F-005560,factura,C0075,2026-07-15,2026-08-14,3680420,699280,4379700,,no,
F-005561,factura,C0841,2026-07-15,2026-09-13,509960,96892,606852,,no,
F-005562,factura,C1119,2026-07-15,2026-08-14,458120,87043,545163,,no,
F-005563,factura,C0373,2026-07-15,2026-08-14,1041160,197820,1238980,,no,
NC-00151,nota_credito,C1050,2026-07-15,,-526400,-100016,-626416,F-005408,no,Devolución parcial de mercadería
F-005564,factura,C0882,2026-07-16,2026-08-15,3777430,717712,4495142,,no,
F-005565,factura,C0060,2026-07-16,2026-08-15,1144060,217371,1361431,,no,
F-005566,factura,C0163,2026-07-16,2026-08-30,342530,65081,407611,,no,
F-005567,factura,C0339,2026-07-16,2026-08-15,693580,131780,825360,,no,
F-005568,factura,C1080,2026-07-16,2026-08-15,842920,160155,1003075,,no,
F-005569,factura,C0249,2026-07-16,2026-08-15,1806770,343286,2150056,,no,
F-005570,factura,C0868,2026-07-16,2026-08-15,1515480,287941,1803421,,no,
F-005571,factura,C0738,2026-07-16,2026-08-15,289250,54958,344208,,no,
F-005572,factura,C0688,2026-07-16,2026-08-15,542520,103079,645599,,no,
F-005573,factura,C0747,2026-07-16,2026-09-14,254680,48389,303069,,no,
F-005574,factura,C0312,2026-07-16,2026-08-15,29730,5649,35379,,no,
F-005575,factura,C0194,2026-07-16,2026-08-15,321100,61009,382109,,no,
F-005576,factura,C1078,2026-07-16,2026-09-14,572130,108705,680835,,no,
F-005577,factura,C0677,2026-07-16,2026-08-15,376920,71615,448535,,no,
F-005578,factura,C0248,2026-07-16,2026-09-14,258450,49106,307556,,no,
F-005579,factura,C0485,2026-07-16,2026-08-15,593130,112695,705825,,no,
F-005580,factura,C0104,2026-07-16,2026-08-15,755000,143450,898450,,no,
F-005581,factura,C0567,2026-07-16,2026-08-15,394400,74936,469336,,no,
F-005582,factura,C0502,2026-07-16,2026-08-15,1719250,326658,2045908,,no,
F-005583,factura,C0167,2026-07-16,2026-08-15,600890,114169,715059,,no,
F-005584,factura,C0520,2026-07-16,2026-08-15,285730,54289,340019,,no,
F-005585,factura,C0758,2026-07-16,2026-08-15,233370,44340,277710,,no,
F-005586,factura,C1109,2026-07-16,2026-08-15,483900,91941,575841,,no,
F-005587,factura,C0838,2026-07-16,2026-08-15,1398260,265669,1663929,,no,
F-005588,factura,C0603,2026-07-16,2026-08-15,296870,56405,353275,,no,
F-005589,factura,C0934,2026-07-16,2026-08-30,924220,175602,1099822,,no,
F-005590,factura,C0310,2026-07-16,2026-08-30,618870,117585,736455,,no,
F-005591,factura,C0786,2026-07-16,2026-08-15,2826610,537056,3363666,,no,
F-005592,factura,C0010,2026-07-16,2026-08-15,784030,148966,932996,,no,
F-005593,factura,C0118,2026-07-16,2026-08-15,328210,62360,390570,,no,
F-005594,factura,C0748,2026-07-16,2026-08-15,1034160,196490,1230650,,no,
F-005595,factura,C0228,2026-07-16,2026-09-14,1062380,201852,1264232,,no,
F-005596,factura,C1152,2026-07-17,2026-08-16,1599220,303852,1903072,,no,
F-005597,factura,C0376,2026-07-17,2026-09-15,877960,166812,1044772,,no,
F-005598,factura,C0310,2026-07-17,2026-08-31,1134740,215601,1350341,,no,
F-005599,factura,C0428,2026-07-17,2026-08-31,221790,42140,263930,,no,
F-005600,factura,C0964,2026-07-17,2026-08-16,416680,79169,495849,,no,
F-005601,factura,C0156,2026-07-17,2026-08-16,113640,21592,135232,,no,
F-005602,factura,C0245,2026-07-17,2026-08-16,587530,111631,699161,,no,
F-005603,factura,C0249,2026-07-17,2026-08-16,116580,22150,138730,,no,
F-005604,factura,C0756,2026-07-17,2026-08-16,1912270,363331,2275601,,no,
F-005605,factura,C0760,2026-07-17,2026-08-16,2284210,434000,2718210,,no,
F-005606,factura,C0423,2026-07-17,2026-08-16,736890,140009,876899,,no,
F-005607,factura,C0305,2026-07-17,2026-08-16,196340,37305,233645,,no,
F-005608,factura,C0919,2026-07-17,2026-08-16,889350,168976,1058326,,no,
F-005609,factura,C0046,2026-07-17,2026-08-16,2913830,553628,3467458,,no,
F-005610,factura,C0902,2026-07-17,2026-08-16,963440,183054,1146494,,no,
F-005611,factura,C0248,2026-07-17,2026-09-15,1699190,322846,2022036,,no,
F-005612,factura,C1081,2026-07-17,2026-08-16,446650,84864,531514,,no,
F-005613,factura,C0486,2026-07-17,2026-08-16,327980,62316,390296,,no,
F-005614,factura,C0761,2026-07-17,2026-08-16,622180,118214,740394,,no,
F-005615,factura,C0156,2026-07-17,2026-08-16,140970,26784,167754,,no,
F-005616,factura,C0275,2026-07-17,2026-08-16,4028660,765445,4794105,,no,
F-005617,factura,C0835,2026-07-17,2026-08-16,736300,139897,876197,,no,
F-005618,factura,C0651,2026-07-17,2026-08-16,1317300,250287,1567587,,no,
F-005619,factura,C0934,2026-07-17,2026-08-31,455190,86486,541676,,no,
F-005620,factura,C0668,2026-07-17,2026-08-16,191610,36406,228016,,no,
F-005621,factura,C0677,2026-07-17,2026-08-16,2060230,391444,2451674,,no,
F-005622,factura,C1054,2026-07-17,2026-08-16,267910,50903,318813,,no,
F-005623,factura,C0506,2026-07-17,2026-08-16,870430,165382,1035812,,no,
F-005624,factura,C1078,2026-07-17,2026-09-15,938600,178334,1116934,,no,
F-005625,factura,C0425,2026-07-17,2026-08-16,698600,132734,831334,,no,
F-005626,factura,C0370,2026-07-17,2026-08-16,351510,66787,418297,,no,
NC-00146,nota_credito,C0917,2026-07-17,,-285320,-54211,-339531,F-005233,no,Devolución parcial de mercadería
F-005627,factura,C0109,2026-07-20,2026-08-19,399750,75952,475702,,no,
F-005628,factura,C0838,2026-07-20,2026-08-19,1500270,285051,1785321,,no,
F-005629,factura,C0190,2026-07-20,2026-09-18,564240,107206,671446,,no,
F-005630,factura,C0799,2026-07-20,2026-08-19,674340,128125,802465,,no,
F-005631,factura,C0161,2026-07-20,2026-08-19,662810,125934,788744,,no,
F-005632,factura,C0578,2026-07-20,2026-08-19,993420,188750,1182170,,no,
F-005633,factura,C0449,2026-07-20,2026-08-19,276540,52543,329083,,no,
F-005634,factura,C1167,2026-07-20,2026-09-03,1087150,206558,1293708,,no,
F-005635,factura,C0754,2026-07-20,2026-09-18,389380,73982,463362,,no,
F-005636,factura,C0138,2026-07-20,2026-08-19,400470,76089,476559,,no,
F-005637,factura,C0836,2026-07-20,2026-08-19,1407360,267398,1674758,,no,
F-005638,factura,C0228,2026-07-20,2026-09-18,312700,59413,372113,,no,
F-005639,factura,C0312,2026-07-20,2026-08-19,1405330,267013,1672343,,no,
F-005640,factura,C0430,2026-07-20,2026-08-19,751720,142827,894547,,no,
F-005641,factura,C0941,2026-07-20,2026-08-19,185430,35232,220662,,no,
F-005642,factura,C1138,2026-07-20,2026-08-19,2064940,392339,2457279,,no,
F-005643,factura,C1103,2026-07-20,2026-08-19,888450,168806,1057256,,no,
F-005644,factura,C0211,2026-07-20,2026-08-19,950110,180521,1130631,,no,
F-005645,factura,C0091,2026-07-20,2026-08-19,1551640,294812,1846452,,no,
F-005646,factura,C1004,2026-07-20,2026-08-19,2299970,436994,2736964,,no,
F-005647,factura,C0313,2026-07-20,2026-09-03,814110,154681,968791,,no,
F-005648,factura,C0683,2026-07-20,2026-08-19,1135820,215806,1351626,,no,
F-005649,factura,C1184,2026-07-20,2026-08-19,932830,177238,1110068,,no,
F-005650,factura,C0227,2026-07-20,2026-09-03,526880,100107,626987,,no,
F-005651,factura,C0428,2026-07-20,2026-09-03,195300,37107,232407,,no,
F-005652,factura,C1056,2026-07-20,2026-08-19,823210,156410,979620,,no,
F-005653,factura,C0770,2026-07-20,2026-08-19,2088970,396904,2485874,,no,
F-005654,factura,C1127,2026-07-20,2026-09-18,1105380,210022,1315402,,no,
F-005655,factura,C0754,2026-07-20,2026-09-18,295110,56071,351181,,no,
F-005656,factura,C0325,2026-07-20,2026-09-18,1667850,316892,1984742,,no,
F-005657,factura,C0973,2026-07-20,2026-08-19,541150,102818,643968,,no,
F-005658,factura,C0926,2026-07-20,2026-09-18,130020,24704,154724,,no,
F-005659,factura,C1117,2026-07-20,2026-08-19,1564930,297337,1862267,,no,
F-005660,factura,C1101,2026-07-21,2026-08-20,1256100,238659,1494759,,no,
F-005661,factura,C0675,2026-07-21,2026-08-20,400960,76182,477142,,no,
F-005662,factura,C0452,2026-07-21,2026-08-20,254680,48389,303069,,no,
F-005663,factura,C0682,2026-07-21,2026-08-20,167370,31800,199170,,no,
F-005664,factura,C0955,2026-07-21,2026-08-20,317440,60314,377754,,no,
F-005665,factura,C0262,2026-07-21,2026-08-20,172490,32773,205263,,no,
F-005666,factura,C0140,2026-07-21,2026-08-20,2375300,451307,2826607,,no,
F-005667,factura,C0888,2026-07-21,2026-08-20,676350,128506,804856,,no,
F-005668,factura,C1149,2026-07-21,2026-08-20,440880,83767,524647,,no,
F-005669,factura,C0756,2026-07-21,2026-08-20,1887240,358576,2245816,,no,
F-005670,factura,C0181,2026-07-21,2026-08-20,167910,31903,199813,,no,
F-005671,factura,C0761,2026-07-21,2026-08-20,426470,81029,507499,,no,
F-005672,factura,C0149,2026-07-21,2026-08-20,2356670,447767,2804437,,no,
F-005673,factura,C0325,2026-07-21,2026-09-19,424130,80585,504715,,no,
F-005674,factura,C0046,2026-07-21,2026-08-20,3370170,640332,4010502,,no,
F-005675,factura,C0586,2026-07-21,2026-09-04,892250,169528,1061778,,no,
F-005676,factura,C0354,2026-07-21,2026-08-20,1352900,257051,1609951,,no,
F-005677,factura,C0140,2026-07-21,2026-08-20,1384620,263078,1647698,,no,
F-005678,factura,C0332,2026-07-21,2026-08-20,476540,90543,567083,,no,
F-005679,factura,C0770,2026-07-21,2026-08-20,322050,61190,383240,,no,
F-005680,factura,C0313,2026-07-21,2026-09-04,433940,82449,516389,,no,
F-005681,factura,C0181,2026-07-21,2026-08-20,216100,41059,257159,,no,
F-005682,factura,C0646,2026-07-21,2026-08-20,451460,85777,537237,,no,
F-005683,factura,C0917,2026-07-21,2026-08-20,474250,90108,564358,,no,
F-005684,factura,C1007,2026-07-21,2026-08-20,1838410,349298,2187708,,no,
F-005685,factura,C0563,2026-07-21,2026-08-20,765010,145352,910362,,no,
F-005686,factura,C0843,2026-07-21,2026-08-20,3150640,598622,3749262,,no,
F-005687,factura,C1012,2026-07-21,2026-08-20,84570,16068,100638,,no,
F-007027,factura,C0249,2026-07-21,2026-08-20,815390,154924,970314,F-003395,si,Cliente reclama precio distinto al cotizado
NC-00098,nota_credito,C0249,2026-07-21,,-917430,-174312,-1091742,F-003395,no,Anula factura por error en precio / orden de compra
F-005688,factura,C1196,2026-07-22,2026-09-20,1133710,215405,1349115,,no,
F-005689,factura,C0631,2026-07-22,2026-08-21,384600,73074,457674,,no,
F-005690,factura,C0139,2026-07-22,2026-09-05,1727190,328166,2055356,,no,
F-005691,factura,C0169,2026-07-22,2026-08-21,621730,118129,739859,,no,
F-005692,factura,C0853,2026-07-22,2026-08-21,262410,49858,312268,,no,
F-005693,factura,C1191,2026-07-22,2026-08-21,282320,53641,335961,,no,
F-005694,factura,C0510,2026-07-22,2026-08-21,748940,142299,891239,,no,
F-005695,factura,C0140,2026-07-22,2026-08-21,188990,35908,224898,,no,
F-005696,factura,C0392,2026-07-22,2026-08-21,2862060,543791,3405851,,no,
F-005697,factura,C0447,2026-07-22,2026-08-21,1568740,298061,1866801,,no,
F-005698,factura,C1196,2026-07-22,2026-09-20,2923000,555370,3478370,,no,
F-005699,factura,C0814,2026-07-22,2026-08-21,2686600,510454,3197054,,no,
F-005700,factura,C0149,2026-07-22,2026-08-21,511510,97187,608697,,no,
F-005701,factura,C0376,2026-07-22,2026-09-20,338130,64245,402375,,no,
F-005702,factura,C0069,2026-07-22,2026-08-21,79570,15118,94688,,no,
F-005703,factura,C0771,2026-07-22,2026-09-05,489750,93052,582802,,no,
F-005704,factura,C0797,2026-07-22,2026-08-21,2783360,528838,3312198,,no,
F-005705,factura,C0088,2026-07-22,2026-08-21,349540,66413,415953,,no,
F-005706,factura,C0376,2026-07-22,2026-09-20,573040,108878,681918,,no,
F-005707,factura,C1081,2026-07-22,2026-08-21,434950,82640,517590,,no,
F-005708,factura,C1001,2026-07-22,2026-08-21,914970,173844,1088814,,no,
F-005709,factura,C0677,2026-07-22,2026-08-21,1896490,360333,2256823,,no,
F-005710,factura,C0586,2026-07-22,2026-09-05,197850,37592,235442,,no,
F-005711,factura,C1196,2026-07-22,2026-09-20,230600,43814,274414,,no,
F-005712,factura,C0856,2026-07-22,2026-08-21,2226500,423035,2649535,,no,
F-005713,factura,C1149,2026-07-22,2026-08-21,1218460,231507,1449967,,no,
F-005714,factura,C0116,2026-07-22,2026-08-21,550810,104654,655464,,no,
F-005715,factura,C0248,2026-07-22,2026-09-20,2655950,504630,3160580,,no,
F-005716,factura,C0045,2026-07-22,2026-08-21,227440,43214,270654,,no,
F-005717,factura,C1056,2026-07-22,2026-08-21,1427760,271274,1699034,,no,
F-005718,factura,C0829,2026-07-22,2026-08-21,641820,121946,763766,,no,
F-005719,factura,C0958,2026-07-23,2026-09-21,866910,164713,1031623,,no,
F-005720,factura,C0115,2026-07-23,2026-08-22,472790,89830,562620,,no,
F-005721,factura,C0519,2026-07-23,2026-08-22,644790,122510,767300,,no,
F-005722,factura,C1054,2026-07-23,2026-08-22,959320,182271,1141591,,no,
F-005723,factura,C0414,2026-07-23,2026-08-22,246560,46846,293406,,no,
F-005724,factura,C0603,2026-07-23,2026-08-22,364350,69226,433576,,no,
F-005725,factura,C0031,2026-07-23,2026-08-22,215170,40882,256052,,no,
F-005726,factura,C0249,2026-07-23,2026-08-22,813850,154632,968482,,no,
F-005727,factura,C0554,2026-07-23,2026-08-22,720590,136912,857502,,no,
F-005728,factura,C0468,2026-07-23,2026-09-21,400000,76000,476000,,no,
F-005729,factura,C0844,2026-07-23,2026-08-22,1299880,246977,1546857,,no,
F-005730,factura,C0738,2026-07-23,2026-08-22,292350,55546,347896,,no,
F-005731,factura,C1076,2026-07-23,2026-08-22,388290,73775,462065,,no,
F-005732,factura,C1052,2026-07-23,2026-08-22,1258970,239204,1498174,,no,
F-005733,factura,C0265,2026-07-23,2026-08-22,1417540,269333,1686873,,no,
F-005734,factura,C0029,2026-07-23,2026-08-22,356750,67782,424532,,no,
F-005735,factura,C1050,2026-07-23,2026-08-22,811810,154244,966054,,no,
F-005736,factura,C0370,2026-07-23,2026-08-22,361620,68708,430328,,no,
F-005737,factura,C0381,2026-07-23,2026-08-22,575800,109402,685202,,no,
F-005738,factura,C0191,2026-07-23,2026-08-22,756500,143735,900235,,no,
F-005739,factura,C0827,2026-07-23,2026-08-22,1055660,200575,1256235,,no,
F-005740,factura,C0310,2026-07-23,2026-09-06,869290,165165,1034455,,no,
F-005741,factura,C0218,2026-07-23,2026-08-22,838960,159402,998362,,no,
F-005742,factura,C0603,2026-07-23,2026-08-22,284530,54061,338591,,no,
F-005743,factura,C0917,2026-07-23,2026-08-22,919890,174779,1094669,,no,
F-005744,factura,C0300,2026-07-23,2026-08-22,1047830,199088,1246918,,no,
F-005745,factura,C0856,2026-07-23,2026-08-22,1170020,222304,1392324,,no,
F-005746,factura,C0550,2026-07-23,2026-08-22,379180,72044,451224,,no,
F-005747,factura,C0471,2026-07-23,2026-08-22,1402620,266498,1669118,,no,
F-005748,factura,C0403,2026-07-23,2026-08-22,235060,44661,279721,,no,
F-005749,factura,C0184,2026-07-23,2026-08-22,477700,90763,568463,,no,
F-005750,factura,C0374,2026-07-23,2026-08-22,540890,102769,643659,,no,
F-005751,factura,C1072,2026-07-23,2026-08-22,245600,46664,292264,,no,
F-005752,factura,C0140,2026-07-23,2026-08-22,534350,101526,635876,,no,
F-005753,factura,C1156,2026-07-23,2026-08-22,804980,152946,957926,,no,
F-005754,factura,C0140,2026-07-23,2026-08-22,156490,29733,186223,,no,
F-005755,factura,C0411,2026-07-23,2026-08-22,491700,93423,585123,,no,
F-005756,factura,C0728,2026-07-23,2026-08-22,166490,31633,198123,,no,
F-005757,factura,C1020,2026-07-23,2026-08-22,3452520,655979,4108499,,no,
F-005758,factura,C0181,2026-07-23,2026-08-22,799210,151850,951060,,no,
F-005759,factura,C0180,2026-07-23,2026-08-22,745680,141679,887359,,no,
F-007042,factura,C0249,2026-07-23,2026-08-22,689110,130931,820041,F-005062,no,Reemplaza a F-005062
NC-00139,nota_credito,C0249,2026-07-23,,-796340,-151305,-947645,F-005062,no,Anula factura por error en precio / orden de compra
F-005760,factura,C0658,2026-07-24,2026-08-23,579500,110105,689605,,no,
F-005761,factura,C1167,2026-07-24,2026-09-07,464280,88213,552493,,no,
F-005762,factura,C0199,2026-07-24,2026-08-23,309890,58879,368769,,no,
F-005763,factura,C0475,2026-07-24,2026-08-23,2310130,438925,2749055,,no,
F-005764,factura,C0376,2026-07-24,2026-09-22,1568880,298087,1866967,,no,
F-005765,factura,C0919,2026-07-24,2026-08-23,616660,117165,733825,,no,
F-005766,factura,C0913,2026-07-24,2026-08-23,1026600,195054,1221654,,no,
F-005767,factura,C0586,2026-07-24,2026-09-07,1057890,200999,1258889,,no,
F-005768,factura,C0027,2026-07-24,2026-08-23,5047120,958953,6006073,,no,
F-005769,factura,C0218,2026-07-24,2026-08-23,1556700,295773,1852473,,no,
F-005770,factura,C0074,2026-07-24,2026-08-23,1510330,286963,1797293,,no,
F-005771,factura,C1037,2026-07-24,2026-08-23,798430,151702,950132,,no,
F-005772,factura,C0313,2026-07-24,2026-09-07,547150,103958,651108,,no,
F-005773,factura,C0149,2026-07-24,2026-08-23,2341240,444836,2786076,,no,
F-005774,factura,C0394,2026-07-24,2026-08-23,1305160,247980,1553140,,no,
F-005775,factura,C0123,2026-07-24,2026-08-23,398870,75785,474655,,no,
F-005776,factura,C1185,2026-07-24,2026-08-23,1113610,211586,1325196,,no,
F-005777,factura,C0345,2026-07-24,2026-09-07,1513490,287563,1801053,,no,
F-005778,factura,C1117,2026-07-24,2026-08-23,144840,27520,172360,,no,
F-005779,factura,C0806,2026-07-24,2026-08-23,370320,70361,440681,,no,
F-005780,factura,C0675,2026-07-24,2026-08-23,1035330,196713,1232043,,no,
F-005781,factura,C0567,2026-07-24,2026-08-23,166120,31563,197683,,no,
F-005782,factura,C0816,2026-07-24,2026-08-23,188550,35824,224374,,no,
F-005783,factura,C0813,2026-07-24,2026-08-23,623840,118530,742370,,no,
F-005784,factura,C0019,2026-07-24,2026-08-23,1147690,218061,1365751,,no,
F-005785,factura,C1092,2026-07-24,2026-08-23,1190930,226277,1417207,,no,
F-005786,factura,C0418,2026-07-24,2026-08-23,2746790,521890,3268680,,no,
F-005787,factura,C0393,2026-07-24,2026-08-23,827230,157174,984404,,no,
F-005788,factura,C0477,2026-07-24,2026-08-23,574870,109225,684095,,no,
F-005789,factura,C0811,2026-07-24,2026-08-23,272160,51710,323870,,no,
F-007029,factura,C0249,2026-07-24,2026-08-23,213480,40561,254041,F-003650,no,Reemplaza a F-003650
NC-00106,nota_credito,C0249,2026-07-24,,-246650,-46864,-293514,F-003650,no,Anula factura por error en precio / orden de compra
F-005790,factura,C0109,2026-07-27,2026-08-26,366920,69715,436635,,no,
F-005791,factura,C0897,2026-07-27,2026-08-26,303900,57741,361641,,no,
F-005792,factura,C0755,2026-07-27,2026-08-26,905460,172037,1077497,,no,
F-005793,factura,C0578,2026-07-27,2026-08-26,1781930,338567,2120497,,no,
F-005794,factura,C0069,2026-07-27,2026-08-26,1487770,282676,1770446,,no,
F-005795,factura,C1103,2026-07-27,2026-08-26,1071210,203530,1274740,,no,
F-005796,factura,C0572,2026-07-27,2026-08-26,1493230,283714,1776944,,no,
F-005797,factura,C0468,2026-07-27,2026-09-25,663020,125974,788994,,no,
F-005798,factura,C1054,2026-07-27,2026-08-26,2398980,455806,2854786,,no,
F-005799,factura,C1036,2026-07-27,2026-08-26,1770500,336395,2106895,,no,
F-005800,factura,C0871,2026-07-27,2026-08-26,320770,60946,381716,,no,
F-005801,factura,C1006,2026-07-27,2026-08-26,820360,155868,976228,,no,
F-005802,factura,C0162,2026-07-27,2026-08-26,183950,34950,218900,,no,
F-005803,factura,C0926,2026-07-27,2026-09-25,2142920,407155,2550075,,no,
F-005804,factura,C0368,2026-07-27,2026-08-26,758910,144193,903103,,no,
F-005805,factura,C1056,2026-07-27,2026-08-26,1865920,354525,2220445,,no,
F-005806,factura,C0420,2026-07-27,2026-08-26,581150,110418,691568,,no,
F-005807,factura,C0080,2026-07-27,2026-08-26,143660,27295,170955,,no,
F-005808,factura,C0488,2026-07-27,2026-08-26,5231150,993918,6225068,,no,
F-005809,factura,C0919,2026-07-27,2026-08-26,704410,133838,838248,,no,
F-005810,factura,C0597,2026-07-27,2026-08-26,284950,54140,339090,,no,
F-005811,factura,C0927,2026-07-27,2026-08-26,1586210,301380,1887590,,no,
F-005812,factura,C0050,2026-07-27,2026-08-26,3233040,614278,3847318,,no,
F-005813,factura,C0218,2026-07-27,2026-08-26,539450,102496,641946,,no,
F-005814,factura,C0668,2026-07-27,2026-08-26,585870,111315,697185,,no,
F-005815,factura,C0447,2026-07-27,2026-08-26,767340,145795,913135,,no,
F-007038,factura,C0249,2026-07-27,2026-08-26,1988810,377874,2366684,F-004669,no,Reemplaza a F-004669
NC-00131,nota_credito,C0249,2026-07-27,,-2210540,-420003,-2630543,F-004669,no,Anula factura por error en precio / orden de compra
NC-00152,nota_credito,C0997,2026-07-27,,-127080,-24145,-151225,F-005455,no,Devolución parcial de mercadería
F-005816,factura,C0677,2026-07-28,2026-08-27,1808360,343588,2151948,,no,
F-005817,factura,C0267,2026-07-28,2026-08-27,1196930,227417,1424347,,no,
F-005818,factura,C0758,2026-07-28,2026-08-27,2118140,402447,2520587,,no,
F-005819,factura,C1097,2026-07-28,2026-08-27,508980,96706,605686,,no,
F-005820,factura,C0822,2026-07-28,2026-08-27,436430,82922,519352,,no,
F-005821,factura,C0035,2026-07-28,2026-08-27,2105520,400049,2505569,,no,
F-005822,factura,C1099,2026-07-28,2026-08-27,941460,178877,1120337,,no,
F-005823,factura,C0918,2026-07-28,2026-08-27,721590,137102,858692,,no,
F-005824,factura,C0469,2026-07-28,2026-08-27,1483860,281933,1765793,,no,
F-005825,factura,C1195,2026-07-28,2026-08-27,1440340,273665,1714005,,no,
F-005826,factura,C0855,2026-07-28,2026-08-27,310710,59035,369745,,no,
F-005827,factura,C1000,2026-07-28,2026-08-27,2568790,488070,3056860,,no,
F-005828,factura,C1133,2026-07-28,2026-08-27,611030,116096,727126,,no,
F-005829,factura,C0058,2026-07-28,2026-08-27,3305980,628136,3934116,,no,
F-005830,factura,C0939,2026-07-28,2026-08-27,291960,55472,347432,,no,
F-005831,factura,C0449,2026-07-28,2026-08-27,1093780,207818,1301598,,no,
F-005832,factura,C1057,2026-07-28,2026-08-27,731410,138968,870378,,no,
F-005833,factura,C1071,2026-07-28,2026-08-27,174740,33201,207941,,no,
F-005834,factura,C1004,2026-07-28,2026-08-27,1436610,272956,1709566,,no,
F-005835,factura,C0944,2026-07-28,2026-08-27,182060,34591,216651,,no,
F-005836,factura,C0958,2026-07-28,2026-09-26,671920,127665,799585,,no,
F-005837,factura,C0321,2026-07-28,2026-08-27,2052660,390005,2442665,,no,
F-005838,factura,C0477,2026-07-28,2026-08-27,555260,105499,660759,,no,
F-005839,factura,C0144,2026-07-28,2026-08-27,411780,78238,490018,,no,
F-005840,factura,C1007,2026-07-28,2026-08-27,1609630,305830,1915460,,no,
F-005841,factura,C0764,2026-07-28,2026-08-27,694960,132042,827002,,no,
F-005842,factura,C0738,2026-07-28,2026-08-27,613650,116594,730244,,no,
F-005843,factura,C0270,2026-07-28,2026-08-27,2353050,447080,2800130,,no,
F-005844,factura,C0742,2026-07-28,2026-08-27,333500,63365,396865,,no,
F-005845,factura,C0534,2026-07-28,2026-08-27,587450,111616,699066,,no,
NC-00156,nota_credito,C0156,2026-07-28,,-44450,-8446,-52896,F-005601,no,Devolución parcial de mercadería
NC-00157,nota_credito,C0675,2026-07-28,,-41360,-7858,-49218,F-005661,no,Devolución parcial de mercadería
F-005846,factura,C0917,2026-07-29,2026-08-28,362980,68966,431946,,no,
F-005847,factura,C0843,2026-07-29,2026-08-28,436450,82926,519376,,no,
F-005848,factura,C0004,2026-07-29,2026-08-28,568840,108080,676920,,no,
F-005849,factura,C0245,2026-07-29,2026-08-28,1790240,340146,2130386,,no,
F-005850,factura,C0944,2026-07-29,2026-08-28,301960,57372,359332,,no,
F-005851,factura,C0163,2026-07-29,2026-09-12,277370,52700,330070,,no,
F-005852,factura,C0363,2026-07-29,2026-08-28,723600,137484,861084,,no,
F-005853,factura,C0227,2026-07-29,2026-09-12,1063190,202006,1265196,,no,
F-005854,factura,C0140,2026-07-29,2026-08-28,341220,64832,406052,,no,
F-005855,factura,C1017,2026-07-29,2026-08-28,1023860,194533,1218393,,no,
F-005856,factura,C0093,2026-07-29,2026-08-28,1789550,340014,2129564,,no,
F-005857,factura,C0641,2026-07-29,2026-08-28,1564580,297270,1861850,,no,
F-005858,factura,C0826,2026-07-29,2026-08-28,794440,150944,945384,,no,
F-005859,factura,C0088,2026-07-29,2026-08-28,556980,105826,662806,,no,
F-005860,factura,C0755,2026-07-29,2026-08-28,2400660,456125,2856785,,no,
F-005861,factura,C0376,2026-07-29,2026-09-27,606270,115191,721461,,no,
F-005862,factura,C1012,2026-07-29,2026-08-28,1270650,241424,1512074,,no,
F-005863,factura,C0961,2026-07-29,2026-09-12,2868740,545061,3413801,,no,
F-005864,factura,C0958,2026-07-29,2026-09-27,1168200,221958,1390158,,no,
F-005865,factura,C0468,2026-07-29,2026-09-27,269710,51245,320955,,no,
F-005866,factura,C0996,2026-07-29,2026-08-28,222250,42228,264478,,no,
F-005867,factura,C0754,2026-07-29,2026-09-27,471960,89672,561632,,no,
F-005868,factura,C0430,2026-07-29,2026-08-28,1056380,200712,1257092,,no,
F-005869,factura,C0125,2026-07-29,2026-08-28,854770,162406,1017176,,no,
F-005870,factura,C0104,2026-07-29,2026-08-28,3500520,665099,4165619,,no,
F-005871,factura,C0274,2026-07-29,2026-08-28,848140,161147,1009287,,no,
F-005872,factura,C0323,2026-07-29,2026-08-28,460840,87560,548400,,no,
F-005873,factura,C1109,2026-07-29,2026-08-28,241850,45952,287802,,no,
F-005874,factura,C1078,2026-07-30,2026-09-28,85680,16279,101959,,no,
F-005875,factura,C0269,2026-07-30,2026-08-29,3113150,591498,3704648,,no,
F-005876,factura,C1054,2026-07-30,2026-08-29,227800,43282,271082,,no,
F-005877,factura,C1078,2026-07-30,2026-09-28,987620,187648,1175268,,no,
F-005878,factura,C0731,2026-07-30,2026-08-29,935560,177756,1113316,,no,
F-005879,factura,C1191,2026-07-30,2026-08-29,1633010,310272,1943282,,no,
F-005880,factura,C0271,2026-07-30,2026-08-29,510940,97079,608019,,no,
F-005881,factura,C0109,2026-07-30,2026-08-29,119440,22694,142134,,no,
F-005882,factura,C1032,2026-07-30,2026-08-29,511520,97189,608709,,no,
F-005883,factura,C0589,2026-07-30,2026-08-29,557730,105969,663699,,no,
F-005884,factura,C0379,2026-07-30,2026-08-29,129010,24512,153522,,no,
F-005885,factura,C0081,2026-07-30,2026-08-29,689180,130944,820124,,no,
F-005886,factura,C0102,2026-07-30,2026-08-29,281050,53400,334450,,no,
F-005887,factura,C0139,2026-07-30,2026-09-13,1117080,212245,1329325,,no,
F-005888,factura,C0227,2026-07-30,2026-09-13,545850,103712,649562,,no,
F-005889,factura,C1167,2026-07-30,2026-09-13,3190980,606286,3797266,,no,
F-005890,factura,C0310,2026-07-30,2026-09-13,541460,102877,644337,,no,
F-005891,factura,C0992,2026-07-30,2026-08-29,937790,178180,1115970,,no,
F-005892,factura,C0031,2026-07-30,2026-08-29,560460,106487,666947,,no,
F-005893,factura,C0356,2026-07-30,2026-08-29,181380,34462,215842,,no,
F-005894,factura,C1089,2026-07-30,2026-08-29,564220,107202,671422,,no,
F-005895,factura,C0227,2026-07-30,2026-09-13,1214320,230721,1445041,,no,
F-005896,factura,C0311,2026-07-30,2026-08-29,1075780,204398,1280178,,no,
F-005897,factura,C1000,2026-07-30,2026-08-29,525630,99870,625500,,no,
F-005898,factura,C0156,2026-07-30,2026-08-29,207220,39372,246592,,no,
F-005899,factura,C0079,2026-07-30,2026-08-29,1112960,211462,1324422,,no,
F-005900,factura,C1167,2026-07-30,2026-09-13,929640,176632,1106272,,no,
F-005901,factura,C0475,2026-07-30,2026-08-29,1304970,247944,1552914,,no,
F-005902,factura,C0772,2026-07-30,2026-08-29,533750,101412,635162,,no,
F-005903,factura,C0163,2026-07-30,2026-09-13,172730,32819,205549,,no,
F-005904,factura,C0249,2026-07-30,2026-08-29,1018630,193540,1212170,,no,
F-005905,factura,C0546,2026-07-30,2026-08-29,659770,125356,785126,,no,
F-005906,factura,C0798,2026-07-30,2026-08-29,2023440,384454,2407894,,no,
F-005907,factura,C0315,2026-07-30,2026-08-29,680070,129213,809283,,no,
F-005908,factura,C1078,2026-07-30,2026-09-28,640880,121767,762647,,no,
F-005909,factura,C0947,2026-07-30,2026-08-29,927980,176316,1104296,,no,
F-005910,factura,C0651,2026-07-30,2026-08-29,412260,78329,490589,,no,
F-005911,factura,C0544,2026-07-30,2026-08-29,396670,75367,472037,,no,
F-005912,factura,C0747,2026-07-30,2026-09-28,614550,116764,731314,,no,
F-005913,factura,C0733,2026-07-31,2026-08-30,382220,72622,454842,,no,
F-005914,factura,C0610,2026-07-31,2026-08-30,5176050,983450,6159500,,no,
F-005915,factura,C0944,2026-07-31,2026-08-30,244890,46529,291419,,no,
F-005916,factura,C0257,2026-07-31,2026-08-30,1095640,208172,1303812,,no,
F-005917,factura,C0985,2026-07-31,2026-08-30,706510,134237,840747,,no,
F-005918,factura,C0770,2026-07-31,2026-08-30,514950,97840,612790,,no,
F-005919,factura,C0961,2026-07-31,2026-09-14,627810,119284,747094,,no,
F-005920,factura,C1054,2026-07-31,2026-08-30,359940,68389,428329,,no,
F-005921,factura,C0745,2026-07-31,2026-08-30,761850,144752,906602,,no,
F-005922,factura,C0052,2026-07-31,2026-08-30,697550,132534,830084,,no,
F-005923,factura,C0322,2026-07-31,2026-08-30,4611140,876117,5487257,,no,
F-005924,factura,C1068,2026-07-31,2026-08-30,1275080,242265,1517345,,no,
F-005925,factura,C0754,2026-07-31,2026-09-29,817960,155412,973372,,no,
F-005926,factura,C1078,2026-07-31,2026-09-29,857960,163012,1020972,,no,
F-005927,factura,C0447,2026-07-31,2026-08-30,2358400,448096,2806496,,no,
F-005928,factura,C0605,2026-07-31,2026-08-30,249080,47325,296405,,no,
F-005929,factura,C1054,2026-07-31,2026-08-30,467740,88871,556611,,no,
F-005930,factura,C0926,2026-07-31,2026-09-29,117730,22369,140099,,no,
F-005931,factura,C0428,2026-07-31,2026-09-14,846510,160837,1007347,,no,
F-005932,factura,C0031,2026-07-31,2026-08-30,1067040,202738,1269778,,no,
F-005933,factura,C1076,2026-07-31,2026-08-30,244110,46381,290491,,no,
F-005934,factura,C0956,2026-07-31,2026-08-30,1706450,324226,2030676,,no,
F-005935,factura,C0528,2026-07-31,2026-08-30,304600,57874,362474,,no,
F-005936,factura,C0649,2026-07-31,2026-08-30,411630,78210,489840,,no,
F-005937,factura,C0245,2026-07-31,2026-08-30,595710,113185,708895,,no,
F-005938,factura,C0484,2026-07-31,2026-08-30,1938100,368239,2306339,,no,
F-005939,factura,C0194,2026-07-31,2026-08-30,272480,51771,324251,,no,
F-005940,factura,C0248,2026-07-31,2026-09-29,683420,129850,813270,,no,
F-005941,factura,C1037,2026-07-31,2026-08-30,1006240,191186,1197426,,no,
F-005942,factura,C0414,2026-07-31,2026-08-30,853110,162091,1015201,,no,
F-005943,factura,C0992,2026-07-31,2026-08-30,878690,166951,1045641,,no,
F-005944,factura,C0565,2026-07-31,2026-08-30,995560,189156,1184716,,no,
F-007043,factura,C0249,2026-08-02,2026-09-01,877750,166772,1044522,F-005064,si,Cliente indica que no recibió parte del despacho
NC-00141,nota_credito,C0249,2026-08-02,,-917980,-174416,-1092396,F-005064,no,Anula factura por error en precio / orden de compra
NC-00154,nota_credito,C0140,2026-08-02,,-134680,-25589,-160269,F-005558,no,Devolución parcial de mercadería
NC-00158,nota_credito,C0050,2026-08-02,,-984230,-187004,-1171234,F-005812,no,Devolución parcial de mercadería
F-005945,factura,C1097,2026-08-03,2026-09-02,1191650,226414,1418064,,no,
F-005946,factura,C1000,2026-08-03,2026-09-02,1188510,225817,1414327,,no,
F-005947,factura,C0906,2026-08-03,2026-09-17,1165640,221472,1387112,,no,
F-005948,factura,C1149,2026-08-03,2026-09-02,1031830,196048,1227878,,no,
F-005949,factura,C0771,2026-08-03,2026-09-17,538040,102228,640268,,no,
F-005950,factura,C0590,2026-08-03,2026-10-02,271010,51492,322502,,no,
F-005951,factura,C0799,2026-08-03,2026-09-02,1115380,211922,1327302,,no,
F-005952,factura,C0482,2026-08-03,2026-09-02,318730,60559,379289,,no,
F-005953,factura,C0362,2026-08-03,2026-09-02,295550,56154,351704,,no,
F-005954,factura,C0127,2026-08-03,2026-09-02,655840,124610,780450,,no,
F-005955,factura,C0428,2026-08-03,2026-09-17,1255080,238465,1493545,,no,
F-005956,factura,C0969,2026-08-03,2026-09-02,4361790,828740,5190530,,no,
F-005957,factura,C1141,2026-08-03,2026-09-02,1946600,369854,2316454,,no,
F-005958,factura,C1176,2026-08-03,2026-09-02,2798960,531802,3330762,,no,
F-005959,factura,C0245,2026-08-03,2026-09-02,1500210,285040,1785250,,no,
F-005960,factura,C0677,2026-08-03,2026-09-02,1192630,226600,1419230,,no,
F-005961,factura,C0677,2026-08-03,2026-09-02,6601560,1254296,7855856,,no,
F-005962,factura,C0218,2026-08-03,2026-09-02,308630,58640,367270,,no,
F-007034,factura,C0249,2026-08-03,2026-09-02,1848050,351130,2199180,F-004163,no,Reemplaza a F-004163
F-007035,factura,C0249,2026-08-03,2026-09-02,1570080,298315,1868395,F-004419,no,Anulada por nota de crédito
NC-00119,nota_credito,C0249,2026-08-03,,-2058120,-391043,-2449163,F-004163,no,Anula factura por error en precio / orden de compra
NC-00123,nota_credito,C0249,2026-08-03,,-1604510,-304857,-1909367,F-004419,no,Anula factura por error en precio / orden de compra
F-005963,factura,C0245,2026-08-04,2026-09-03,1033400,196346,1229746,,no,
F-005964,factura,C0575,2026-08-04,2026-09-03,483580,91880,575460,,no,
F-005965,factura,C0958,2026-08-04,2026-10-03,313470,59559,373029,,no,
F-005966,factura,C1034,2026-08-04,2026-09-03,414470,78749,493219,,no,
F-005967,factura,C0007,2026-08-04,2026-09-03,1161030,220596,1381626,,no,
F-005968,factura,C0452,2026-08-04,2026-09-03,909270,172761,1082031,,no,
F-005969,factura,C1196,2026-08-04,2026-10-03,457280,86883,544163,,no,
F-005970,factura,C0692,2026-08-04,2026-09-03,203640,38692,242332,,no,
F-005971,factura,C0320,2026-08-04,2026-09-03,215470,40939,256409,,no,
F-005972,factura,C0451,2026-08-04,2026-09-03,925260,175799,1101059,,no,
F-005973,factura,C0357,2026-08-04,2026-09-03,182260,34629,216889,,no,
F-005974,factura,C0525,2026-08-04,2026-09-03,460870,87565,548435,,no,
F-005975,factura,C0520,2026-08-04,2026-09-03,4326450,822026,5148476,,no,
F-005976,factura,C0607,2026-08-04,2026-09-03,731640,139012,870652,,no,
F-005977,factura,C0554,2026-08-04,2026-09-03,917310,174289,1091599,,no,
F-005978,factura,C0622,2026-08-04,2026-09-03,216770,41186,257956,,no,
F-005979,factura,C0040,2026-08-04,2026-09-03,189770,36056,225826,,no,
F-005980,factura,C0080,2026-08-04,2026-09-03,957480,181921,1139401,,no,
F-005981,factura,C0420,2026-08-04,2026-09-03,404140,76787,480927,,no,
F-005982,factura,C1078,2026-08-04,2026-10-03,1295360,246118,1541478,,no,
F-005983,factura,C0958,2026-08-04,2026-10-03,568020,107924,675944,,no,
F-005984,factura,C0140,2026-08-04,2026-09-03,8714430,1655742,10370172,,no,
F-005985,factura,C0590,2026-08-04,2026-10-03,347160,65960,413120,,no,
F-005986,factura,C0726,2026-08-04,2026-09-03,691560,131396,822956,,no,
F-005987,factura,C0578,2026-08-04,2026-09-03,268360,50988,319348,,no,
F-005988,factura,C0832,2026-08-04,2026-09-03,1253020,238074,1491094,,no,
F-005989,factura,C1199,2026-08-04,2026-09-03,780590,148312,928902,,no,
F-005990,factura,C0140,2026-08-04,2026-09-03,254350,48326,302676,,no,
F-005991,factura,C0620,2026-08-04,2026-09-03,425740,80891,506631,,no,
F-007045,factura,C0249,2026-08-04,2026-09-03,243700,46303,290003,F-005382,no,Reemplaza a F-005382
NC-00150,nota_credito,C0249,2026-08-04,,-266050,-50550,-316600,F-005382,no,Anula factura por error en precio / orden de compra
NC-00155,nota_credito,C0838,2026-08-04,,-441890,-83959,-525849,F-005587,no,Devolución parcial de mercadería
F-005992,factura,C0140,2026-08-05,2026-09-04,886090,168357,1054447,,no,
F-005993,factura,C0832,2026-08-05,2026-09-04,918280,174473,1092753,,no,
F-005994,factura,C0191,2026-08-05,2026-09-04,505230,95994,601224,,no,
F-005995,factura,C0190,2026-08-05,2026-10-04,3774760,717204,4491964,,no,
F-005996,factura,C0702,2026-08-05,2026-09-04,1046420,198820,1245240,,no,
F-005997,factura,C0060,2026-08-05,2026-09-04,1830080,347715,2177795,,no,
F-005998,factura,C0047,2026-08-05,2026-09-04,231450,43976,275426,,no,
F-005999,factura,C0507,2026-08-05,2026-09-04,229850,43672,273522,,no,
F-006000,factura,C0417,2026-08-05,2026-09-04,1072100,203699,1275799,,no,
F-006001,factura,C0646,2026-08-05,2026-09-04,3272170,621712,3893882,,no,
F-006002,factura,C1196,2026-08-05,2026-10-04,330750,62842,393592,,no,
F-006003,factura,C0507,2026-08-05,2026-09-04,832160,158110,990270,,no,
F-006004,factura,C0677,2026-08-05,2026-09-04,276230,52484,328714,,no,
F-006005,factura,C1100,2026-08-05,2026-09-04,417560,79336,496896,,no,
F-006006,factura,C0583,2026-08-05,2026-09-04,865940,164529,1030469,,no,
F-006007,factura,C0947,2026-08-05,2026-09-04,500310,95059,595369,,no,
F-006008,factura,C0651,2026-08-05,2026-09-04,261100,49609,310709,,no,
F-006009,factura,C0756,2026-08-05,2026-09-04,256460,48727,305187,,no,
F-006010,factura,C1117,2026-08-05,2026-09-04,164110,31181,195291,,no,
F-006011,factura,C0001,2026-08-05,2026-09-04,1086360,206408,1292768,,no,
F-006012,factura,C1080,2026-08-05,2026-09-04,1196780,227388,1424168,,no,
F-006013,factura,C0593,2026-08-05,2026-10-04,1191970,226474,1418444,,no,
F-006014,factura,C0731,2026-08-05,2026-09-04,358520,68119,426639,,no,
F-006015,factura,C0529,2026-08-05,2026-09-04,1659190,315246,1974436,,no,
F-006016,factura,C0283,2026-08-05,2026-09-04,1306030,248146,1554176,,no,
F-006017,factura,C0103,2026-08-05,2026-09-04,746320,141801,888121,,no,
F-006018,factura,C1141,2026-08-05,2026-09-04,654490,124353,778843,,no,
F-006019,factura,C0747,2026-08-05,2026-10-04,441430,83872,525302,,no,
F-007032,factura,C0249,2026-08-05,2026-09-04,141250,26838,168088,F-003853,si,Cliente indica que no recibió parte del despacho
NC-00113,nota_credito,C0249,2026-08-05,,-163850,-31132,-194982,F-003853,no,Anula factura por error en precio / orden de compra
F-006020,factura,C0245,2026-08-06,2026-09-05,431760,82034,513794,,no,
F-006021,factura,C0420,2026-08-06,2026-09-05,163390,31044,194434,,no,
F-006022,factura,C1127,2026-08-06,2026-10-05,122730,23319,146049,,no,
F-006023,factura,C0757,2026-08-06,2026-09-05,2259530,429311,2688841,,no,
F-006024,factura,C0614,2026-08-06,2026-09-05,698420,132700,831120,,no,
F-006025,factura,C0586,2026-08-06,2026-09-20,489860,93073,582933,,no,
F-006026,factura,C0944,2026-08-06,2026-09-05,2792250,530528,3322778,,no,
F-006027,factura,C0358,2026-08-06,2026-09-05,1092320,207541,1299861,,no,
F-006028,factura,C0139,2026-08-06,2026-09-20,1985900,377321,2363221,,no,
F-006029,factura,C0799,2026-08-06,2026-09-05,187620,35648,223268,,no,
F-006030,factura,C0370,2026-08-06,2026-09-05,182090,34597,216687,,no,
F-006031,factura,C0363,2026-08-06,2026-09-05,790030,150106,940136,,no,
F-006032,factura,C0534,2026-08-06,2026-09-05,671830,127648,799478,,no,
F-006033,factura,C0266,2026-08-06,2026-09-05,1310460,248987,1559447,,no,
F-006034,factura,C1101,2026-08-06,2026-09-05,130810,24854,155664,,no,
F-006035,factura,C1037,2026-08-06,2026-09-05,846650,160864,1007514,,no,
F-006036,factura,C1196,2026-08-06,2026-10-05,1064030,202166,1266196,,no,
F-006037,factura,C1167,2026-08-06,2026-09-20,1019780,193758,1213538,,no,
F-006038,factura,C0344,2026-08-06,2026-09-05,348300,66177,414477,,no,
F-006039,factura,C0437,2026-08-06,2026-09-05,730190,138736,868926,,no,
F-006040,factura,C0832,2026-08-06,2026-09-05,259270,49261,308531,,no,
F-006041,factura,C0027,2026-08-06,2026-09-05,381480,72481,453961,,no,
F-006042,factura,C1196,2026-08-06,2026-10-05,209360,39778,249138,,no,
F-006043,factura,C0019,2026-08-06,2026-09-05,262820,49936,312756,,no,
F-006044,factura,C0632,2026-08-06,2026-10-05,397680,75559,473239,,no,
F-006045,factura,C0786,2026-08-06,2026-09-05,325600,61864,387464,,no,
F-006046,factura,C1097,2026-08-06,2026-09-05,262790,49930,312720,,no,
F-006047,factura,C0761,2026-08-06,2026-09-05,170500,32395,202895,,no,
F-006048,factura,C0712,2026-08-06,2026-09-05,2315270,439901,2755171,,no,
F-006049,factura,C0324,2026-08-06,2026-09-05,323100,61389,384489,,no,
F-006050,factura,C0701,2026-08-06,2026-09-05,627900,119301,747201,,no,
F-006051,factura,C0915,2026-08-06,2026-09-05,118060,22431,140491,,no,
F-006052,factura,C0620,2026-08-06,2026-09-05,1428710,271455,1700165,,no,
F-006053,factura,C0944,2026-08-06,2026-09-05,551220,104732,655952,,no,
F-006054,factura,C0109,2026-08-06,2026-09-05,338090,64237,402327,,no,
F-006055,factura,C0124,2026-08-07,2026-09-06,1018210,193460,1211670,,no,
F-006056,factura,C0477,2026-08-07,2026-09-06,374860,71223,446083,,no,
F-006057,factura,C0934,2026-08-07,2026-09-21,978950,186000,1164950,,no,
F-006058,factura,C1196,2026-08-07,2026-10-06,1848720,351257,2199977,,no,
F-006059,factura,C0019,2026-08-07,2026-09-06,2435710,462785,2898495,,no,
F-006060,factura,C0293,2026-08-07,2026-09-06,1607740,305471,1913211,,no,
F-006061,factura,C0554,2026-08-07,2026-09-06,3014190,572696,3586886,,no,
F-006062,factura,C0249,2026-08-07,2026-09-06,1355760,257594,1613354,,no,
F-006063,factura,C0035,2026-08-07,2026-09-06,913660,173595,1087255,,no,
F-006064,factura,C0643,2026-08-07,2026-09-21,2215510,420947,2636457,,no,
F-006065,factura,C0770,2026-08-07,2026-09-06,2274440,432144,2706584,,no,
F-006066,factura,C0490,2026-08-07,2026-09-06,724130,137585,861715,,no,
F-006067,factura,C0420,2026-08-07,2026-09-06,1491440,283374,1774814,,no,
F-006068,factura,C1195,2026-08-07,2026-09-06,870320,165361,1035681,,no,
F-006069,factura,C0572,2026-08-07,2026-09-06,220840,41960,262800,,no,
F-006070,factura,C0961,2026-08-07,2026-09-21,1566180,297574,1863754,,no,
F-006071,factura,C0313,2026-08-07,2026-09-21,390990,74288,465278,,no,
F-006072,factura,C1007,2026-08-07,2026-09-06,1432090,272097,1704187,,no,
F-006073,factura,C0997,2026-08-07,2026-09-06,322490,61273,383763,,no,
F-006074,factura,C0295,2026-08-07,2026-09-06,619290,117665,736955,,no,
F-006075,factura,C0772,2026-08-07,2026-09-06,778550,147924,926474,,no,
F-006076,factura,C0806,2026-08-07,2026-09-06,2880420,547280,3427700,,no,
F-006077,factura,C0520,2026-08-07,2026-09-06,718740,136561,855301,,no,
F-006078,factura,C0939,2026-08-07,2026-09-06,466070,88553,554623,,no,
F-006079,factura,C0326,2026-08-07,2026-09-06,1474080,280075,1754155,,no,
F-006080,factura,C0133,2026-08-10,2026-09-09,526660,100065,626725,,no,
F-006081,factura,C0969,2026-08-10,2026-09-09,239610,45526,285136,,no,
F-006082,factura,C0124,2026-08-10,2026-09-09,616370,117110,733480,,no,
F-006083,factura,C0288,2026-08-10,2026-09-09,842260,160029,1002289,,no,
F-006084,factura,C0965,2026-08-10,2026-09-09,705300,134007,839307,,no,
F-006085,factura,C1092,2026-08-10,2026-09-09,1241890,235959,1477849,,no,
F-006086,factura,C0934,2026-08-10,2026-09-24,240540,45703,286243,,no,
F-006087,factura,C1078,2026-08-10,2026-10-09,665560,126456,792016,,no,
F-006088,factura,C0659,2026-08-10,2026-09-09,3797240,721476,4518716,,no,
F-006089,factura,C0944,2026-08-10,2026-09-09,1707340,324395,2031735,,no,
F-006090,factura,C0379,2026-08-10,2026-09-09,1260380,239472,1499852,,no,
F-006091,factura,C0956,2026-08-10,2026-09-09,1052330,199943,1252273,,no,
F-006092,factura,C0805,2026-08-10,2026-09-09,574710,109195,683905,,no,
F-006093,factura,C0677,2026-08-10,2026-09-09,189230,35954,225184,,no,
F-006094,factura,C1196,2026-08-10,2026-10-09,1109780,210858,1320638,,no,
F-006095,factura,C0555,2026-08-10,2026-09-09,108580,20630,129210,,no,
F-006096,factura,C0746,2026-08-10,2026-09-09,593340,112735,706075,,no,
F-006097,factura,C0614,2026-08-10,2026-09-09,767610,145846,913456,,no,
F-006098,factura,C0283,2026-08-10,2026-09-09,538320,102281,640601,,no,
F-006099,factura,C0373,2026-08-10,2026-09-09,4373510,830967,5204477,,no,
F-006100,factura,C1185,2026-08-10,2026-09-09,3313260,629519,3942779,,no,
F-006101,factura,C0457,2026-08-10,2026-09-09,1758930,334197,2093127,,no,
F-006102,factura,C0956,2026-08-11,2026-09-10,590020,112104,702124,,no,
F-006103,factura,C0993,2026-08-11,2026-09-10,685120,130173,815293,,no,
F-006104,factura,C0417,2026-08-11,2026-09-10,402750,76522,479272,,no,
F-006105,factura,C1109,2026-08-11,2026-09-10,2904400,551836,3456236,,no,
F-006106,factura,C0420,2026-08-11,2026-09-10,261750,49732,311482,,no,
F-006107,factura,C0140,2026-08-11,2026-09-10,530850,100862,631712,,no,
F-006108,factura,C0202,2026-08-11,2026-09-10,796590,151352,947942,,no,
F-006109,factura,C0590,2026-08-11,2026-10-10,597750,113572,711322,,no,
F-006110,factura,C0124,2026-08-11,2026-09-10,396670,75367,472037,,no,
F-006111,factura,C0850,2026-08-11,2026-09-10,171560,32596,204156,,no,
F-006112,factura,C0958,2026-08-11,2026-10-10,420340,79865,500205,,no,
F-006113,factura,C0651,2026-08-11,2026-09-10,339260,64459,403719,,no,
F-006114,factura,C1078,2026-08-11,2026-10-10,2800750,532142,3332892,,no,
F-006115,factura,C1152,2026-08-11,2026-09-10,4473920,850045,5323965,,no,
F-006116,factura,C0525,2026-08-11,2026-09-10,701790,133340,835130,,no,
F-006117,factura,C0138,2026-08-11,2026-09-10,237570,45138,282708,,no,
F-006118,factura,C0249,2026-08-11,2026-09-10,1319090,250627,1569717,,no,
F-006119,factura,C0772,2026-08-11,2026-09-10,333420,63350,396770,,no,
F-006120,factura,C0475,2026-08-11,2026-09-10,471030,89496,560526,,no,
F-006121,factura,C0810,2026-08-11,2026-09-10,441940,83969,525909,,no,
F-006122,factura,C0784,2026-08-11,2026-09-10,489730,93049,582779,,no,
F-006123,factura,C0728,2026-08-11,2026-09-10,550310,104559,654869,,no,
F-006124,factura,C0191,2026-08-11,2026-09-10,255560,48556,304116,,no,
F-006125,factura,C0311,2026-08-11,2026-09-10,416820,79196,496016,,no,
F-006126,factura,C0428,2026-08-11,2026-09-25,1652790,314030,1966820,,no,
F-006127,factura,C0998,2026-08-11,2026-09-10,711530,135191,846721,,no,
F-006128,factura,C0806,2026-08-11,2026-09-10,807960,153512,961472,,no,
F-006129,factura,C0763,2026-08-11,2026-09-10,122540,23283,145823,,no,
F-006130,factura,C0797,2026-08-11,2026-09-10,1560080,296415,1856495,,no,
F-006131,factura,C0603,2026-08-11,2026-09-10,422360,80248,502608,,no,
F-006132,factura,C0058,2026-08-11,2026-09-10,1796220,341282,2137502,,no,
F-007036,factura,C0249,2026-08-11,2026-09-10,423720,80507,504227,F-004494,no,Reemplaza a F-004494
NC-00126,nota_credito,C0249,2026-08-11,,-489650,-93034,-582684,F-004494,no,Anula factura por error en precio / orden de compra
F-006133,factura,C0578,2026-08-12,2026-09-11,264460,50247,314707,,no,
F-006134,factura,C0357,2026-08-12,2026-09-11,2264460,430247,2694707,,no,
F-006135,factura,C0417,2026-08-12,2026-09-11,1425650,270874,1696524,,no,
F-006136,factura,C0798,2026-08-12,2026-09-11,3442870,654145,4097015,,no,
F-006137,factura,C0711,2026-08-12,2026-09-11,382740,72721,455461,,no,
F-006138,factura,C0267,2026-08-12,2026-09-11,2315540,439953,2755493,,no,
F-006139,factura,C0061,2026-08-12,2026-09-11,1976850,375602,2352452,,no,
F-006140,factura,C1054,2026-08-12,2026-09-11,808230,153564,961794,,no,
F-006141,factura,C0590,2026-08-12,2026-10-11,691820,131446,823266,,no,
F-006142,factura,C0746,2026-08-12,2026-09-11,392490,74573,467063,,no,
F-006143,factura,C0586,2026-08-12,2026-09-26,318620,60538,379158,,no,
F-006144,factura,C0746,2026-08-12,2026-09-11,512680,97409,610089,,no,
F-006145,factura,C0754,2026-08-12,2026-10-11,342410,65058,407468,,no,
F-006146,factura,C0023,2026-08-12,2026-09-11,3351670,636817,3988487,,no,
F-006147,factura,C0632,2026-08-12,2026-10-11,281180,53424,334604,,no,
F-006148,factura,C0603,2026-08-12,2026-09-11,1053370,200140,1253510,,no,
F-006149,factura,C0140,2026-08-12,2026-09-11,1325040,251758,1576798,,no,
F-006150,factura,C0907,2026-08-12,2026-09-11,1244680,236489,1481169,,no,
F-006151,factura,C0253,2026-08-12,2026-09-26,1335240,253696,1588936,,no,
F-006152,factura,C0080,2026-08-12,2026-09-11,1993720,378807,2372527,,no,
F-006153,factura,C0969,2026-08-12,2026-09-11,654520,124359,778879,,no,
F-006154,factura,C1054,2026-08-12,2026-09-11,1002920,190555,1193475,,no,
F-006155,factura,C0263,2026-08-12,2026-09-11,739360,140478,879838,,no,
F-006156,factura,C0934,2026-08-13,2026-09-27,424360,80628,504988,,no,
F-006157,factura,C1066,2026-08-13,2026-09-12,183150,34798,217948,,no,
F-006158,factura,C0650,2026-08-13,2026-09-12,1161400,220666,1382066,,no,
F-006159,factura,C0625,2026-08-13,2026-09-12,714960,135842,850802,,no,
F-006160,factura,C0923,2026-08-13,2026-09-12,464170,88192,552362,,no,
F-006161,factura,C0140,2026-08-13,2026-09-12,379930,72187,452117,,no,
F-006162,factura,C0079,2026-08-13,2026-09-12,678810,128974,807784,,no,
F-006163,factura,C1191,2026-08-13,2026-09-12,1196560,227346,1423906,,no,
F-006164,factura,C1098,2026-08-13,2026-09-12,630950,119880,750830,,no,
F-006165,factura,C1152,2026-08-13,2026-09-12,317470,60319,377789,,no,
F-006166,factura,C0099,2026-08-13,2026-09-12,784230,149004,933234,,no,
F-006167,factura,C0298,2026-08-13,2026-09-12,1896270,360291,2256561,,no,
F-006168,factura,C1080,2026-08-13,2026-09-12,848460,161207,1009667,,no,
F-006169,factura,C0139,2026-08-13,2026-09-27,867790,164880,1032670,,no,
F-006170,factura,C0530,2026-08-13,2026-09-12,633130,120295,753425,,no,
F-006171,factura,C0376,2026-08-13,2026-10-12,403220,76612,479832,,no,
F-006172,factura,C1075,2026-08-13,2026-09-12,392640,74602,467242,,no,
F-006173,factura,C0627,2026-08-13,2026-09-12,217400,41306,258706,,no,
F-006174,factura,C0313,2026-08-13,2026-09-27,2113690,401601,2515291,,no,
F-006175,factura,C0632,2026-08-13,2026-10-12,1189360,225978,1415338,,no,
F-006176,factura,C0140,2026-08-13,2026-09-12,877610,166746,1044356,,no,
F-006177,factura,C0882,2026-08-13,2026-09-12,1040730,197739,1238469,,no,
F-006178,factura,C0746,2026-08-13,2026-09-12,1077970,204814,1282784,,no,
F-006179,factura,C0722,2026-08-13,2026-09-12,456490,86733,543223,,no,
F-006180,factura,C0515,2026-08-13,2026-09-12,633330,120333,753663,,no,
F-006181,factura,C0317,2026-08-13,2026-09-12,562190,106816,669006,,no,
F-006182,factura,C0102,2026-08-13,2026-09-12,6126310,1163999,7290309,,no,
F-006183,factura,C1141,2026-08-13,2026-09-12,1858210,353060,2211270,,no,
F-006184,factura,C0492,2026-08-13,2026-09-12,939660,178535,1118195,,no,
F-006185,factura,C0593,2026-08-13,2026-10-12,2450370,465570,2915940,,no,
F-006186,factura,C0428,2026-08-13,2026-09-27,2214890,420829,2635719,,no,
F-006187,factura,C0285,2026-08-14,2026-09-13,2428650,461444,2890094,,no,
F-006188,factura,C0407,2026-08-14,2026-09-13,1366850,259702,1626552,,no,
F-006189,factura,C0884,2026-08-14,2026-09-13,1691640,321412,2013052,,no,
F-006190,factura,C0942,2026-08-14,2026-09-13,389520,74009,463529,,no,
F-006191,factura,C0958,2026-08-14,2026-10-13,238090,45237,283327,,no,
F-006192,factura,C0906,2026-08-14,2026-09-28,975300,185307,1160607,,no,
F-006193,factura,C0252,2026-08-14,2026-09-13,3038630,577340,3615970,,no,
F-006194,factura,C0313,2026-08-14,2026-09-28,1383970,262954,1646924,,no,
F-006195,factura,C1128,2026-08-14,2026-09-13,3957960,752012,4709972,,no,
F-006196,factura,C0653,2026-08-14,2026-10-13,2901900,551361,3453261,,no,
F-006197,factura,C0919,2026-08-14,2026-09-13,1025190,194786,1219976,,no,
F-006198,factura,C0719,2026-08-14,2026-09-13,2599700,493943,3093643,,no,
F-006199,factura,C1104,2026-08-14,2026-09-13,3409160,647740,4056900,,no,
F-006200,factura,C1056,2026-08-14,2026-09-13,945770,179696,1125466,,no,
F-006201,factura,C0286,2026-08-14,2026-09-13,849910,161483,1011393,,no,
F-006202,factura,C1078,2026-08-14,2026-10-13,1128340,214385,1342725,,no,
F-006203,factura,C0324,2026-08-14,2026-09-13,146440,27824,174264,,no,
F-006204,factura,C0519,2026-08-14,2026-09-13,1262050,239790,1501840,,no,
F-006205,factura,C1042,2026-08-14,2026-09-13,1794530,340961,2135491,,no,
F-006206,factura,C0360,2026-08-14,2026-09-13,1132020,215084,1347104,,no,
F-006207,factura,C0632,2026-08-17,2026-10-16,184690,35091,219781,,no,
F-006208,factura,C0249,2026-08-17,2026-09-16,2400930,456177,2857107,,no,
F-006209,factura,C0974,2026-08-17,2026-09-16,1401850,266352,1668202,,no,
F-006210,factura,C0742,2026-08-17,2026-09-16,1357550,257934,1615484,,no,
F-006211,factura,C0086,2026-08-17,2026-09-16,1350250,256548,1606798,,no,
F-006212,factura,C0401,2026-08-17,2026-09-16,203800,38722,242522,,no,
F-006213,factura,C1054,2026-08-17,2026-09-16,481620,91508,573128,,no,
F-006214,factura,C0308,2026-08-17,2026-09-16,737970,140214,878184,,no,
F-006215,factura,C0853,2026-08-17,2026-09-16,581890,110559,692449,,no,
F-006216,factura,C0139,2026-08-17,2026-10-01,852410,161958,1014368,,no,
F-006217,factura,C1110,2026-08-17,2026-09-16,1289800,245062,1534862,,no,
F-006218,factura,C0528,2026-08-17,2026-09-16,2369490,450203,2819693,,no,
F-006219,factura,C0590,2026-08-17,2026-10-16,324120,61583,385703,,no,
F-006220,factura,C0677,2026-08-17,2026-09-16,1051750,199832,1251582,,no,
F-006221,factura,C0414,2026-08-17,2026-09-16,1871540,355593,2227133,,no,
F-006222,factura,C0866,2026-08-17,2026-09-16,505740,96091,601831,,no,
F-006223,factura,C0023,2026-08-17,2026-09-16,907790,172480,1080270,,no,
F-006224,factura,C0194,2026-08-17,2026-09-16,1538440,292304,1830744,,no,
F-006225,factura,C0227,2026-08-17,2026-10-01,1068750,203062,1271812,,no,
F-006226,factura,C0755,2026-08-17,2026-09-16,1816450,345126,2161576,,no,
F-006227,factura,C1078,2026-08-17,2026-10-16,1142570,217088,1359658,,no,
F-006228,factura,C0102,2026-08-17,2026-09-16,825340,156815,982155,,no,
F-006229,factura,C1047,2026-08-17,2026-09-16,414520,78759,493279,,no,
F-006230,factura,C0993,2026-08-17,2026-09-16,1290800,245252,1536052,,no,
F-006231,factura,C0122,2026-08-17,2026-09-16,1147400,218006,1365406,,no,
F-007044,factura,C0249,2026-08-17,2026-09-16,209860,39873,249733,F-005278,no,Reemplaza a F-005278
NC-00147,nota_credito,C0249,2026-08-17,,-233980,-44456,-278436,F-005278,no,Anula factura por error en precio / orden de compra
NC-00162,nota_credito,C0357,2026-08-17,,-598310,-113679,-711989,F-006134,no,Devolución parcial de mercadería
F-006232,factura,C0140,2026-08-18,2026-09-17,795760,151194,946954,,no,
F-006233,factura,C0493,2026-08-18,2026-09-17,990860,188263,1179123,,no,
F-006234,factura,C0228,2026-08-18,2026-10-17,1102470,209469,1311939,,no,
F-006235,factura,C0204,2026-08-18,2026-09-17,1565880,297517,1863397,,no,
F-006236,factura,C0845,2026-08-18,2026-09-17,876380,166512,1042892,,no,
F-006237,factura,C0043,2026-08-18,2026-09-17,667160,126760,793920,,no,
F-006238,factura,C1167,2026-08-18,2026-10-02,3079780,585158,3664938,,no,
F-006239,factura,C0529,2026-08-18,2026-09-17,880950,167380,1048330,,no,
F-006240,factura,C0586,2026-08-18,2026-10-02,3541600,672904,4214504,,no,
F-006241,factura,C0323,2026-08-18,2026-09-17,877370,166700,1044070,,no,
F-006242,factura,C0133,2026-08-18,2026-09-17,1123290,213425,1336715,,no,
F-006243,factura,C0690,2026-08-18,2026-09-17,1018440,193504,1211944,,no,
F-006244,factura,C0379,2026-08-18,2026-09-17,1369230,260154,1629384,,no,
F-006245,factura,C0748,2026-08-18,2026-09-17,813340,154535,967875,,no,
F-006246,factura,C0653,2026-08-18,2026-10-17,1228980,233506,1462486,,no,
F-006247,factura,C0249,2026-08-18,2026-09-17,3872600,735794,4608394,,no,
F-006248,factura,C0550,2026-08-18,2026-09-17,2633610,500386,3133996,,no,
F-006249,factura,C0332,2026-08-18,2026-09-17,2648160,503150,3151310,,no,
F-006250,factura,C0261,2026-08-18,2026-09-17,388960,73902,462862,,no,
F-006251,factura,C0934,2026-08-18,2026-10-02,442720,84117,526837,,no,
F-006252,factura,C0020,2026-08-18,2026-09-17,1354560,257366,1611926,,no,
NC-00159,nota_credito,C0799,2026-08-18,,-73360,-13938,-87298,F-006029,no,Devolución parcial de mercadería
NC-00160,nota_credito,C0659,2026-08-18,,-1466720,-278677,-1745397,F-006088,no,Devolución parcial de mercadería
F-006253,factura,C0735,2026-08-19,2026-09-18,761770,144736,906506,,no,
F-006254,factura,C0016,2026-08-19,2026-09-18,688140,130747,818887,,no,
F-006255,factura,C0620,2026-08-19,2026-09-18,3124250,593608,3717858,,no,
F-006256,factura,C1178,2026-08-19,2026-09-18,1108950,210700,1319650,,no,
F-006257,factura,C1054,2026-08-19,2026-09-18,982770,186726,1169496,,no,
F-006258,factura,C0253,2026-08-19,2026-10-03,648990,123308,772298,,no,
F-006259,factura,C0632,2026-08-19,2026-10-18,784290,149015,933305,,no,
F-006260,factura,C0211,2026-08-19,2026-09-18,650800,123652,774452,,no,
F-006261,factura,C0290,2026-08-19,2026-09-18,2005020,380954,2385974,,no,
F-006262,factura,C1102,2026-08-19,2026-09-18,594820,113016,707836,,no,
F-006263,factura,C1199,2026-08-19,2026-09-18,180210,34240,214450,,no,
F-006264,factura,C0266,2026-08-19,2026-09-18,1138850,216382,1355232,,no,
F-006265,factura,C0248,2026-08-19,2026-10-18,869240,165156,1034396,,no,
F-006266,factura,C0446,2026-08-19,2026-09-18,680280,129253,809533,,no,
F-006267,factura,C0524,2026-08-19,2026-09-18,2253810,428224,2682034,,no,
F-006268,factura,C0139,2026-08-19,2026-10-03,122040,23188,145228,,no,
F-006269,factura,C0186,2026-08-19,2026-09-18,3835780,728798,4564578,,no,
F-006270,factura,C0506,2026-08-19,2026-09-18,2527220,480172,3007392,,no,
F-006271,factura,C0253,2026-08-19,2026-10-03,657660,124955,782615,,no,
F-006272,factura,C1034,2026-08-19,2026-09-18,757860,143993,901853,,no,
F-006273,factura,C0917,2026-08-19,2026-09-18,1627240,309176,1936416,,no,
F-006274,factura,C0642,2026-08-19,2026-09-18,1662540,315883,1978423,,no,
F-006275,factura,C0507,2026-08-19,2026-09-18,654600,124374,778974,,no,
F-006276,factura,C1007,2026-08-19,2026-09-18,298180,56654,354834,,no,
F-006277,factura,C0275,2026-08-20,2026-09-19,898200,170658,1068858,,no,
F-006278,factura,C0046,2026-08-20,2026-09-19,510860,97063,607923,,no,
F-006279,factura,C0754,2026-08-20,2026-10-19,742520,141079,883599,,no,
F-006280,factura,C0882,2026-08-20,2026-09-19,267040,50738,317778,,no,
F-006281,factura,C0249,2026-08-20,2026-09-19,1025000,194750,1219750,,no,
F-006282,factura,C0958,2026-08-20,2026-10-19,315120,59873,374993,,no,
F-006283,factura,C0926,2026-08-20,2026-10-19,2214290,420715,2635005,,no,
F-006284,factura,C0482,2026-08-20,2026-09-19,872320,165741,1038061,,no,
F-006285,factura,C0108,2026-08-20,2026-09-19,594240,112906,707146,,no,
F-006286,factura,C0310,2026-08-20,2026-10-04,2376030,451446,2827476,,no,
F-006287,factura,C0201,2026-08-20,2026-09-19,411270,78141,489411,,no,
F-006288,factura,C1158,2026-08-20,2026-09-19,516250,98088,614338,,no,
F-006289,factura,C0993,2026-08-20,2026-09-19,217310,41289,258599,,no,
F-006290,factura,C0124,2026-08-20,2026-09-19,2676710,508575,3185285,,no,
F-006291,factura,C0620,2026-08-20,2026-09-19,4200800,798152,4998952,,no,
F-006292,factura,C0293,2026-08-20,2026-09-19,246130,46765,292895,,no,
F-006293,factura,C0047,2026-08-20,2026-09-19,488880,92887,581767,,no,
F-006294,factura,C0356,2026-08-20,2026-09-19,992860,188643,1181503,,no,
F-006295,factura,C0163,2026-08-20,2026-10-04,621530,118091,739621,,no,
F-006296,factura,C0249,2026-08-20,2026-09-19,915700,173983,1089683,,no,
F-006297,factura,C0363,2026-08-20,2026-09-19,854620,162378,1016998,,no,
F-006298,factura,C0481,2026-08-20,2026-09-19,1300860,247163,1548023,,no,
F-006299,factura,C0554,2026-08-20,2026-09-19,435270,82701,517971,,no,
F-006300,factura,C0631,2026-08-20,2026-09-19,1095390,208124,1303514,,no,
F-006301,factura,C0420,2026-08-20,2026-09-19,384460,73047,457507,,no,
F-006302,factura,C0593,2026-08-20,2026-10-19,675360,128318,803678,,no,
F-006303,factura,C0494,2026-08-20,2026-09-19,234000,44460,278460,,no,
F-006304,factura,C1167,2026-08-20,2026-10-04,679320,129071,808391,,no,
F-006305,factura,C0106,2026-08-20,2026-09-19,593800,112822,706622,,no,
F-006306,factura,C0467,2026-08-21,2026-09-20,633010,120272,753282,,no,
F-006307,factura,C1031,2026-08-21,2026-09-20,1008150,191548,1199698,,no,
F-006308,factura,C0133,2026-08-21,2026-09-20,568130,107945,676075,,no,
F-006309,factura,C0319,2026-08-21,2026-09-20,852240,161926,1014166,,no,
F-006310,factura,C0632,2026-08-21,2026-10-20,1526040,289948,1815988,,no,
F-006311,factura,C1005,2026-08-21,2026-09-20,533690,101401,635091,,no,
F-006312,factura,C0671,2026-08-21,2026-09-20,788650,149844,938494,,no,
F-006313,factura,C0586,2026-08-21,2026-10-05,1707620,324448,2032068,,no,
F-006314,factura,C1162,2026-08-21,2026-09-20,564790,107310,672100,,no,
F-006315,factura,C0149,2026-08-21,2026-09-20,255370,48520,303890,,no,
F-006316,factura,C0944,2026-08-21,2026-09-20,1079090,205027,1284117,,no,
F-006317,factura,C0163,2026-08-21,2026-10-05,1980180,376234,2356414,,no,
F-006318,factura,C0885,2026-08-21,2026-09-20,1761760,334734,2096494,,no,
F-006319,factura,C0643,2026-08-21,2026-10-05,1113240,211516,1324756,,no,
F-006320,factura,C0293,2026-08-21,2026-09-20,96320,18301,114621,,no,
F-006321,factura,C0643,2026-08-21,2026-10-05,377800,71782,449582,,no,
F-006322,factura,C1073,2026-08-21,2026-09-20,393610,74786,468396,,no,
F-006323,factura,C0563,2026-08-21,2026-09-20,651280,123743,775023,,no,
F-006324,factura,C0011,2026-08-21,2026-09-20,2425160,460780,2885940,,no,
F-006325,factura,C0086,2026-08-21,2026-09-20,264700,50293,314993,,no,
F-006326,factura,C0755,2026-08-21,2026-09-20,3777440,717714,4495154,,no,
F-006327,factura,C0801,2026-08-21,2026-09-20,462750,87922,550672,,no,
F-006328,factura,C0469,2026-08-21,2026-09-20,340190,64636,404826,,no,
F-006329,factura,C0266,2026-08-21,2026-09-20,1235470,234739,1470209,,no,
F-006330,factura,C0848,2026-08-21,2026-09-20,1316170,250072,1566242,,no,
F-006331,factura,C0325,2026-08-21,2026-10-20,1056800,200792,1257592,,no,
F-006332,factura,C0119,2026-08-21,2026-09-20,339500,64505,404005,,no,
F-006333,factura,C0482,2026-08-21,2026-09-20,938860,178383,1117243,,no,
F-006334,factura,C0643,2026-08-21,2026-10-05,274840,52220,327060,,no,
NC-00164,nota_credito,C0204,2026-08-21,,-473100,-89889,-562989,F-006235,no,Devolución parcial de mercadería
NC-00165,nota_credito,C0845,2026-08-23,,-110460,-20987,-131447,F-006236,no,Devolución parcial de mercadería
F-006335,factura,C0139,2026-08-24,2026-10-08,713760,135614,849374,,no,
F-006336,factura,C1184,2026-08-24,2026-09-23,466680,88669,555349,,no,
F-006337,factura,C1141,2026-08-24,2026-09-23,509600,96824,606424,,no,
F-006338,factura,C1076,2026-08-24,2026-09-23,1688780,320868,2009648,,no,
F-006339,factura,C1078,2026-08-24,2026-10-23,941210,178830,1120040,,no,
F-006340,factura,C0617,2026-08-24,2026-09-23,608140,115547,723687,,no,
F-006341,factura,C0593,2026-08-24,2026-10-23,784830,149118,933948,,no,
F-006342,factura,C0993,2026-08-24,2026-09-23,5865730,1114489,6980219,,no,
F-006343,factura,C0310,2026-08-24,2026-10-08,2664770,506306,3171076,,no,
F-006344,factura,C1040,2026-08-24,2026-09-23,3252160,617910,3870070,,no,
F-006345,factura,C0242,2026-08-24,2026-09-23,247270,46981,294251,,no,
F-006346,factura,C1071,2026-08-24,2026-09-23,890060,169111,1059171,,no,
F-006347,factura,C0643,2026-08-24,2026-10-08,599650,113934,713584,,no,
F-006348,factura,C1031,2026-08-24,2026-09-23,1551920,294865,1846785,,no,
F-006349,factura,C0590,2026-08-24,2026-10-23,2344950,445540,2790490,,no,
F-006350,factura,C0733,2026-08-24,2026-09-23,1304160,247790,1551950,,no,
F-006351,factura,C1108,2026-08-24,2026-09-23,499800,94962,594762,,no,
F-006352,factura,C0495,2026-08-24,2026-09-23,591920,112465,704385,,no,
F-006353,factura,C0249,2026-08-24,2026-09-23,1650170,313532,1963702,,no,
F-006354,factura,C0139,2026-08-24,2026-10-08,1786890,339509,2126399,,no,
F-006355,factura,C0698,2026-08-24,2026-09-23,1124320,213621,1337941,,no,
F-006356,factura,C0737,2026-08-24,2026-09-23,1114330,211723,1326053,,no,
F-006357,factura,C0747,2026-08-24,2026-10-23,1045520,198649,1244169,,no,
NC-00167,nota_credito,C0119,2026-08-24,,-85350,-16216,-101566,F-006332,no,Devolución parcial de mercadería
F-006358,factura,C0651,2026-08-25,2026-09-24,2263620,430088,2693708,,no,
F-006359,factura,C0980,2026-08-25,2026-09-24,5347480,1016021,6363501,,no,
F-006360,factura,C0221,2026-08-25,2026-09-24,1134880,215627,1350507,,no,
F-006361,factura,C0475,2026-08-25,2026-09-24,1058160,201050,1259210,,no,
F-006362,factura,C0760,2026-08-25,2026-09-24,1799010,341812,2140822,,no,
F-006363,factura,C1195,2026-08-25,2026-09-24,4179130,794035,4973165,,no,
F-006364,factura,C0190,2026-08-25,2026-10-24,1236580,234950,1471530,,no,
F-006365,factura,C0530,2026-08-25,2026-09-24,2064250,392208,2456458,,no,
F-006366,factura,C1086,2026-08-25,2026-09-24,2269960,431292,2701252,,no,
F-006367,factura,C0866,2026-08-25,2026-09-24,1100330,209063,1309393,,no,
F-006368,factura,C0741,2026-08-25,2026-09-24,351090,66707,417797,,no,
F-006369,factura,C0276,2026-08-25,2026-09-24,1087510,206627,1294137,,no,
F-006370,factura,C0227,2026-08-25,2026-10-09,3045940,578729,3624669,,no,
F-006371,factura,C0428,2026-08-25,2026-10-09,3647400,693006,4340406,,no,
F-007037,factura,C0249,2026-08-25,2026-09-24,649750,123452,773202,F-004661,no,Reemplaza a F-004661
NC-00130,nota_credito,C0249,2026-08-25,,-728220,-138362,-866582,F-004661,no,Anula factura por error en precio / orden de compra
NC-00163,nota_credito,C0530,2026-08-25,,-229850,-43672,-273522,F-006170,no,Devolución parcial de mercadería
F-006372,factura,C0934,2026-08-26,2026-10-10,2653410,504148,3157558,,no,
F-006373,factura,C0605,2026-08-26,2026-09-25,724000,137560,861560,,no,
F-006374,factura,C1078,2026-08-26,2026-10-25,1718630,326540,2045170,,no,
F-006375,factura,C0682,2026-08-26,2026-09-25,1345780,255698,1601478,,no,
F-006376,factura,C0772,2026-08-26,2026-09-25,1469950,279290,1749240,,no,
F-006377,factura,C0958,2026-08-26,2026-10-25,2058980,391206,2450186,,no,
F-006378,factura,C0477,2026-08-26,2026-09-25,1628590,309432,1938022,,no,
F-006379,factura,C1149,2026-08-26,2026-09-25,962140,182807,1144947,,no,
F-006380,factura,C1195,2026-08-26,2026-09-25,2094330,397923,2492253,,no,
F-006381,factura,C0688,2026-08-26,2026-09-25,2617140,497257,3114397,,no,
F-006382,factura,C0249,2026-08-26,2026-09-25,690210,131140,821350,,no,
F-006383,factura,C0940,2026-08-26,2026-09-25,1073750,204012,1277762,,no,
F-006384,factura,C0356,2026-08-26,2026-09-25,261230,49634,310864,,no,
F-006385,factura,C0677,2026-08-26,2026-09-25,1715110,325871,2040981,,no,
F-006386,factura,C0134,2026-08-26,2026-09-25,2860770,543546,3404316,,no,
F-006387,factura,C0977,2026-08-26,2026-09-25,875260,166299,1041559,,no,
F-006388,factura,C1158,2026-08-26,2026-09-25,1196430,227322,1423752,,no,
F-006389,factura,C0139,2026-08-26,2026-10-10,901620,171308,1072928,,no,
F-006390,factura,C0882,2026-08-26,2026-09-25,790950,150280,941230,,no,
F-006391,factura,C1054,2026-08-26,2026-09-25,1294770,246006,1540776,,no,
F-006392,factura,C0140,2026-08-26,2026-09-25,574190,109096,683286,,no,
F-006393,factura,C0274,2026-08-26,2026-09-25,890810,169254,1060064,,no,
F-006394,factura,C0457,2026-08-26,2026-09-25,521500,99085,620585,,no,
F-006395,factura,C1019,2026-08-26,2026-09-25,1722640,327302,2049942,,no,
F-006396,factura,C1037,2026-08-27,2026-09-26,688480,130811,819291,,no,
F-006397,factura,C1056,2026-08-27,2026-09-26,152170,28912,181082,,no,
F-006398,factura,C0140,2026-08-27,2026-09-26,383690,72901,456591,,no,
F-006399,factura,C0440,2026-08-27,2026-09-26,639760,121554,761314,,no,
F-006400,factura,C0764,2026-08-27,2026-09-26,510470,96989,607459,,no,
F-006401,factura,C1100,2026-08-27,2026-09-26,521760,99134,620894,,no,
F-006402,factura,C0258,2026-08-27,2026-09-26,1744510,331457,2075967,,no,
F-006403,factura,C0722,2026-08-27,2026-09-26,3782100,718599,4500699,,no,
F-006404,factura,C0181,2026-08-27,2026-09-26,528560,100426,628986,,no,
F-006405,factura,C0912,2026-08-27,2026-09-26,235870,44815,280685,,no,
F-006406,factura,C0163,2026-08-27,2026-10-11,562920,106955,669875,,no,
F-006407,factura,C1200,2026-08-27,2026-09-26,793320,150731,944051,,no,
F-006408,factura,C0139,2026-08-27,2026-10-11,650780,123648,774428,,no,
F-006409,factura,C0811,2026-08-27,2026-09-26,1106940,210319,1317259,,no,
F-006410,factura,C0942,2026-08-27,2026-09-26,3985130,757175,4742305,,no,
F-006411,factura,C0280,2026-08-27,2026-09-26,172480,32771,205251,,no,
F-006412,factura,C0275,2026-08-27,2026-09-26,452660,86005,538665,,no,
F-006413,factura,C0712,2026-08-27,2026-09-26,2330210,442740,2772950,,no,
F-006414,factura,C0754,2026-08-27,2026-10-26,447270,84981,532251,,no,
F-006415,factura,C0853,2026-08-27,2026-09-26,1277160,242660,1519820,,no,
F-006416,factura,C0681,2026-08-27,2026-09-26,1124980,213746,1338726,,no,
F-006417,factura,C0216,2026-08-27,2026-09-26,1826760,347084,2173844,,no,
F-006418,factura,C1103,2026-08-27,2026-09-26,3138400,596296,3734696,,no,
F-006419,factura,C0202,2026-08-27,2026-09-26,886480,168431,1054911,,no,
F-006420,factura,C0672,2026-08-27,2026-09-26,168030,31926,199956,,no,
F-006421,factura,C1100,2026-08-27,2026-09-26,387790,73680,461470,,no,
F-006422,factura,C1097,2026-08-27,2026-09-26,3903540,741673,4645213,,no,
F-006423,factura,C0202,2026-08-27,2026-09-26,219080,41625,260705,,no,
F-006424,factura,C0538,2026-08-28,2026-09-27,3902570,741488,4644058,,no,
F-006425,factura,C1195,2026-08-28,2026-09-27,2666890,506709,3173599,,no,
F-006426,factura,C0956,2026-08-28,2026-09-27,1232300,234137,1466437,,no,
F-006427,factura,C0771,2026-08-28,2026-10-12,866760,164684,1031444,,no,
F-006428,factura,C0507,2026-08-28,2026-09-27,1436100,272859,1708959,,no,
F-006429,factura,C1031,2026-08-28,2026-09-27,629480,119601,749081,,no,
F-006430,factura,C0928,2026-08-28,2026-09-27,911580,173200,1084780,,no,
F-006431,factura,C0688,2026-08-28,2026-09-27,322890,61349,384239,,no,
F-006432,factura,C1199,2026-08-28,2026-09-27,260900,49571,310471,,no,
F-006433,factura,C0274,2026-08-28,2026-09-27,6789860,1290073,8079933,,no,
F-006434,factura,C0760,2026-08-28,2026-09-27,1105220,209992,1315212,,no,
F-006435,factura,C0354,2026-08-28,2026-09-27,1236810,234994,1471804,,no,
F-006436,factura,C0538,2026-08-28,2026-09-27,1025310,194809,1220119,,no,
F-006437,factura,C0376,2026-08-28,2026-10-27,541920,102965,644885,,no,
F-006438,factura,C0376,2026-08-28,2026-10-27,821960,156172,978132,,no,
F-006439,factura,C0428,2026-08-28,2026-10-12,1130360,214768,1345128,,no,
F-006440,factura,C0086,2026-08-28,2026-09-27,897870,170595,1068465,,no,
F-006441,factura,C0058,2026-08-28,2026-09-27,575700,109383,685083,,no,
F-006442,factura,C0863,2026-08-28,2026-09-27,1542150,293008,1835158,,no,
F-006443,factura,C0339,2026-08-28,2026-09-27,1221740,232131,1453871,,no,
F-006444,factura,C0031,2026-08-28,2026-09-27,1438950,273400,1712350,,no,
F-006445,factura,C0125,2026-08-28,2026-09-27,1847110,350951,2198061,,no,
F-006446,factura,C0228,2026-08-28,2026-10-27,916830,174198,1091028,,no,
F-006447,factura,C0069,2026-08-28,2026-09-27,918030,174426,1092456,,no,
F-007049,factura,C0249,2026-08-28,2026-09-27,366400,69616,436016,F-007020,si,Orden de compra no coincide con lo facturado
NC-00180,nota_credito,C0249,2026-08-28,,-415030,-78856,-493886,F-007020,no,Anula factura por error en precio / orden de compra
F-007050,factura,C0249,2026-08-30,2026-09-29,1491940,283469,1775409,F-007035,no,Reemplaza a F-007035
NC-00161,nota_credito,C0311,2026-08-30,,-138560,-26326,-164886,F-006125,no,Devolución parcial de mercadería
NC-00181,nota_credito,C0249,2026-08-30,,-1570080,-298315,-1868395,F-007035,no,Anula factura por error en precio / orden de compra
F-006448,factura,C0643,2026-08-31,2026-10-15,424230,80604,504834,,no,
F-006449,factura,C0490,2026-08-31,2026-09-30,816610,155156,971766,,no,
F-006450,factura,C0468,2026-08-31,2026-10-30,109610,20826,130436,,no,
F-006451,factura,C0040,2026-08-31,2026-09-30,356570,67748,424318,,no,
F-006452,factura,C0631,2026-08-31,2026-09-30,772220,146722,918942,,no,
F-006453,factura,C0567,2026-08-31,2026-09-30,639550,121514,761064,,no,
F-006454,factura,C0379,2026-08-31,2026-09-30,363940,69149,433089,,no,
F-006455,factura,C0773,2026-08-31,2026-09-30,543390,103244,646634,,no,
F-006456,factura,C0482,2026-08-31,2026-09-30,734330,139523,873853,,no,
F-006457,factura,C0677,2026-08-31,2026-09-30,556120,105663,661783,,no,
F-006458,factura,C1078,2026-08-31,2026-10-30,1115740,211991,1327731,,no,
F-006459,factura,C0417,2026-08-31,2026-09-30,723020,137374,860394,,no,
F-006460,factura,C0468,2026-08-31,2026-10-30,843420,160250,1003670,,no,
F-006461,factura,C1055,2026-08-31,2026-09-30,2206830,419298,2626128,,no,
F-006462,factura,C0401,2026-08-31,2026-09-30,1086240,206386,1292626,,no,
F-006463,factura,C0516,2026-08-31,2026-09-30,2255740,428591,2684331,,no,
F-006464,factura,C0964,2026-08-31,2026-09-30,327320,62191,389511,,no,
F-006465,factura,C0701,2026-08-31,2026-09-30,156730,29779,186509,,no,
F-006466,factura,C1117,2026-08-31,2026-09-30,500820,95156,595976,,no,
F-006467,factura,C0560,2026-08-31,2026-09-30,467780,88878,556658,,no,
F-006468,factura,C0575,2026-08-31,2026-09-30,1800820,342156,2142976,,no,
F-006469,factura,C0060,2026-08-31,2026-09-30,226880,43107,269987,,no,
F-006470,factura,C0233,2026-08-31,2026-09-30,526030,99946,625976,,no,
F-006471,factura,C0643,2026-08-31,2026-10-15,774810,147214,922024,,no,
F-006472,factura,C0227,2026-08-31,2026-10-15,607010,115332,722342,,no,
F-006473,factura,C0530,2026-08-31,2026-09-30,488450,92806,581256,,no,
F-006474,factura,C0310,2026-08-31,2026-10-15,746450,141826,888276,,no,
F-006475,factura,C0031,2026-08-31,2026-09-30,1328420,252400,1580820,,no,
F-006476,factura,C0566,2026-08-31,2026-09-30,1914220,363702,2277922,,no,
F-006477,factura,C0764,2026-08-31,2026-09-30,575200,109288,684488,,no,
F-006478,factura,C0376,2026-08-31,2026-10-30,291720,55427,347147,,no,
F-006479,factura,C0941,2026-08-31,2026-09-30,1912360,363348,2275708,,no,
F-006480,factura,C0184,2026-08-31,2026-09-30,236600,44954,281554,,no,
F-006481,factura,C0139,2026-08-31,2026-10-15,2347090,445947,2793037,,no,
F-006482,factura,C1119,2026-08-31,2026-09-30,1642170,312012,1954182,,no,
F-006483,factura,C1101,2026-08-31,2026-09-30,1844540,350463,2195003,,no,
F-006484,factura,C0477,2026-08-31,2026-09-30,969500,184205,1153705,,no,
F-006485,factura,C0496,2026-08-31,2026-09-30,103390,19644,123034,,no,
F-006486,factura,C1042,2026-08-31,2026-09-30,244000,46360,290360,,no,
F-006487,factura,C1167,2026-09-01,2026-10-16,357520,67929,425449,,no,
F-006488,factura,C0711,2026-09-01,2026-10-01,808700,153653,962353,,no,
F-006489,factura,C0726,2026-09-01,2026-10-01,971000,184490,1155490,,no,
F-006490,factura,C0218,2026-09-01,2026-10-01,213870,40635,254505,,no,
F-006491,factura,C0227,2026-09-01,2026-10-16,337780,64178,401958,,no,
F-006492,factura,C0677,2026-09-01,2026-10-01,587650,111654,699304,,no,
F-006493,factura,C0854,2026-09-01,2026-10-01,1694700,321993,2016693,,no,
F-006494,factura,C0245,2026-09-01,2026-10-01,410740,78041,488781,,no,
F-006495,factura,C0585,2026-09-01,2026-10-01,880870,167365,1048235,,no,
F-006496,factura,C0398,2026-09-01,2026-10-01,957910,182003,1139913,,no,
F-006497,factura,C0515,2026-09-01,2026-10-01,644640,122482,767122,,no,
F-006498,factura,C0249,2026-09-01,2026-10-01,975410,185328,1160738,,no,
F-006499,factura,C0179,2026-09-01,2026-10-01,268410,50998,319408,,no,
F-006500,factura,C0354,2026-09-01,2026-10-01,465830,88508,554338,,no,
F-006501,factura,C1056,2026-09-01,2026-10-01,2479800,471162,2950962,,no,
F-006502,factura,C0973,2026-09-01,2026-10-01,2623480,498461,3121941,,no,
F-006503,factura,C0140,2026-09-01,2026-10-01,1545000,293550,1838550,,no,
F-006504,factura,C0137,2026-09-01,2026-10-01,1898380,360692,2259072,,no,
F-006505,factura,C0590,2026-09-01,2026-10-31,182680,34709,217389,,no,
F-006506,factura,C0308,2026-09-01,2026-10-01,368520,70019,438539,,no,
F-006507,factura,C0997,2026-09-01,2026-10-01,613740,116611,730351,,no,
F-006508,factura,C0586,2026-09-01,2026-10-16,5436870,1033005,6469875,,no,
F-006509,factura,C1048,2026-09-01,2026-10-01,612760,116424,729184,,no,
F-006510,factura,C0140,2026-09-01,2026-10-01,1428480,271411,1699891,,no,
F-006511,factura,C1167,2026-09-01,2026-10-16,1065440,202434,1267874,,no,
F-006512,factura,C0934,2026-09-01,2026-10-16,1046640,198862,1245502,,no,
F-006513,factura,C0882,2026-09-01,2026-10-01,772490,146773,919263,,no,
F-006514,factura,C1127,2026-09-01,2026-10-31,301390,57264,358654,,no,
F-006515,factura,C0606,2026-09-02,2026-10-02,360920,68575,429495,,no,
F-006516,factura,C1078,2026-09-02,2026-11-01,1476480,280531,1757011,,no,
F-006517,factura,C0482,2026-09-02,2026-10-02,1495410,284128,1779538,,no,
F-006518,factura,C0311,2026-09-02,2026-10-02,196390,37314,233704,,no,
F-006519,factura,C1163,2026-09-02,2026-10-02,2609870,495875,3105745,,no,
F-006520,factura,C0265,2026-09-02,2026-10-02,114710,21795,136505,,no,
F-006521,factura,C0019,2026-09-02,2026-10-02,1919160,364640,2283800,,no,
F-006522,factura,C1040,2026-09-02,2026-10-02,505130,95975,601105,,no,
F-006523,factura,C1152,2026-09-02,2026-10-02,1475150,280278,1755428,,no,
F-006524,factura,C0806,2026-09-02,2026-10-02,1261760,239734,1501494,,no,
F-006525,factura,C0477,2026-09-02,2026-10-02,814370,154730,969100,,no,
F-006526,factura,C0644,2026-09-02,2026-10-02,1203490,228663,1432153,,no,
F-006527,factura,C1009,2026-09-02,2026-10-02,782860,148743,931603,,no,
F-006528,factura,C1078,2026-09-02,2026-11-01,1485150,282178,1767328,,no,
F-006529,factura,C0140,2026-09-02,2026-10-02,4819020,915614,5734634,,no,
F-006530,factura,C1056,2026-09-02,2026-10-02,286900,54511,341411,,no,
F-006531,factura,C0745,2026-09-02,2026-10-02,65470,12439,77909,,no,
F-006532,factura,C0047,2026-09-02,2026-10-02,601590,114302,715892,,no,
F-006533,factura,C0140,2026-09-02,2026-10-02,569570,108218,677788,,no,
F-006534,factura,C0064,2026-09-02,2026-10-02,620210,117840,738050,,no,
F-006535,factura,C1141,2026-09-02,2026-10-02,399800,75962,475762,,no,
F-006536,factura,C0507,2026-09-02,2026-10-02,1685900,320321,2006221,,no,
F-006537,factura,C0848,2026-09-02,2026-10-02,277840,52790,330630,,no,
F-006538,factura,C0003,2026-09-02,2026-10-02,1203190,228606,1431796,,no,
F-006539,factura,C0958,2026-09-02,2026-11-01,1398120,265643,1663763,,no,
F-006540,factura,C0580,2026-09-02,2026-10-02,1080610,205316,1285926,,no,
F-006541,factura,C1103,2026-09-02,2026-10-02,1238710,235355,1474065,,no,
F-006542,factura,C0530,2026-09-03,2026-10-03,730810,138854,869664,,no,
F-006543,factura,C0907,2026-09-03,2026-10-03,907330,172393,1079723,,no,
F-006544,factura,C0512,2026-09-03,2026-10-03,277020,52634,329654,,no,
F-006545,factura,C0627,2026-09-03,2026-10-03,359770,68356,428126,,no,
F-006546,factura,C0524,2026-09-03,2026-10-03,710670,135027,845697,,no,
F-006547,factura,C0632,2026-09-03,2026-11-02,1122530,213281,1335811,,no,
F-006548,factura,C0940,2026-09-03,2026-10-03,897790,170580,1068370,,no,
F-006549,factura,C0969,2026-09-03,2026-10-03,378360,71888,450248,,no,
F-006550,factura,C1020,2026-09-03,2026-10-03,617480,117321,734801,,no,
F-006551,factura,C0248,2026-09-03,2026-11-02,2500810,475154,2975964,,no,
F-006552,factura,C0538,2026-09-03,2026-10-03,1153210,219110,1372320,,no,
F-006553,factura,C1007,2026-09-03,2026-10-03,655150,124478,779628,,no,
F-006554,factura,C1128,2026-09-03,2026-10-03,328400,62396,390796,,no,
F-006555,factura,C0643,2026-09-03,2026-10-18,421660,80115,501775,,no,
F-006556,factura,C0590,2026-09-03,2026-11-02,750070,142513,892583,,no,
F-006557,factura,C0928,2026-09-03,2026-10-03,930440,176784,1107224,,no,
F-006558,factura,C1196,2026-09-03,2026-11-02,1173030,222876,1395906,,no,
F-006559,factura,C0507,2026-09-03,2026-10-03,1017690,193361,1211051,,no,
F-006560,factura,C0201,2026-09-03,2026-10-03,554860,105423,660283,,no,
F-006561,factura,C1012,2026-09-03,2026-10-03,495720,94187,589907,,no,
F-006562,factura,C0843,2026-09-03,2026-10-03,3837160,729060,4566220,,no,
F-006563,factura,C0184,2026-09-03,2026-10-03,478050,90830,568880,,no,
F-006564,factura,C0358,2026-09-03,2026-10-03,265480,50441,315921,,no,
F-006565,factura,C0653,2026-09-03,2026-11-02,201120,38213,239333,,no,
F-006566,factura,C0882,2026-09-03,2026-10-03,562470,106869,669339,,no,
F-006567,factura,C0947,2026-09-03,2026-10-03,1582700,300713,1883413,,no,
F-006568,factura,C0191,2026-09-03,2026-10-03,470660,89425,560085,,no,
F-006569,factura,C0249,2026-09-03,2026-10-03,2433070,462283,2895353,,si,Cliente indica que no recibió parte del despacho
F-006570,factura,C0868,2026-09-04,2026-10-04,3059110,581231,3640341,,no,
F-006571,factura,C1195,2026-09-04,2026-10-04,622270,118231,740501,,no,
F-006572,factura,C0651,2026-09-04,2026-10-04,303450,57656,361106,,no,
F-006573,factura,C0803,2026-09-04,2026-10-04,1421490,270083,1691573,,no,
F-006574,factura,C0901,2026-09-04,2026-10-04,657120,124853,781973,,no,
F-006575,factura,C0919,2026-09-04,2026-10-04,1066210,202580,1268790,,no,
F-006576,factura,C0031,2026-09-04,2026-10-04,926630,176060,1102690,,no,
F-006577,factura,C0163,2026-09-04,2026-10-19,783490,148863,932353,,no,
F-006578,factura,C0249,2026-09-04,2026-10-04,1656010,314642,1970652,,si,Cliente reclama precio distinto al cotizado
F-006579,factura,C0301,2026-09-04,2026-11-03,1705980,324136,2030116,,no,
F-006580,factura,C1086,2026-09-04,2026-10-04,478760,90964,569724,,no,
F-006581,factura,C0857,2026-09-04,2026-10-04,347540,66033,413573,,no,
F-006582,factura,C0181,2026-09-04,2026-10-04,98500,18715,117215,,no,
F-006583,factura,C0507,2026-09-04,2026-10-04,551380,104762,656142,,no,
F-006584,factura,C0266,2026-09-04,2026-10-04,303290,57625,360915,,no,
F-006585,factura,C1006,2026-09-04,2026-10-04,1017110,193251,1210361,,no,
F-006586,factura,C1099,2026-09-04,2026-10-04,555940,105629,661569,,no,
F-006587,factura,C0199,2026-09-04,2026-10-04,606320,115201,721521,,no,
F-006588,factura,C0492,2026-09-04,2026-10-04,1392600,264594,1657194,,no,
F-006589,factura,C1149,2026-09-04,2026-10-04,999410,189888,1189298,,no,
F-006590,factura,C0772,2026-09-04,2026-10-04,662490,125873,788363,,no,
F-006591,factura,C1056,2026-09-04,2026-10-04,2803150,532598,3335748,,no,
F-006592,factura,C0400,2026-09-04,2026-10-04,1312750,249422,1562172,,no,
F-006593,factura,C0248,2026-09-04,2026-11-03,521480,99081,620561,,no,
F-006594,factura,C0822,2026-09-04,2026-10-04,540420,102680,643100,,no,
F-006595,factura,C0177,2026-09-04,2026-10-04,1366570,259648,1626218,,no,
F-006596,factura,C1025,2026-09-04,2026-10-04,855460,162537,1017997,,no,
F-006597,factura,C0919,2026-09-04,2026-10-04,296610,56356,352966,,no,
F-006598,factura,C0325,2026-09-04,2026-11-03,1487910,282703,1770613,,no,
F-006599,factura,C0593,2026-09-04,2026-11-03,1988520,377819,2366339,,no,
F-006600,factura,C0961,2026-09-04,2026-10-19,1871450,355576,2227026,,no,
F-006601,factura,C1119,2026-09-04,2026-10-04,2498780,474768,2973548,,no,
F-007040,factura,C0249,2026-09-05,2026-10-05,1047980,199116,1247096,F-004838,si,Orden de compra no coincide con lo facturado
NC-00135,nota_credito,C0249,2026-09-05,,-1096050,-208250,-1304300,F-004838,no,Anula factura por error en precio / orden de compra
F-006602,factura,C0227,2026-09-07,2026-10-22,1231770,234036,1465806,,no,
F-006603,factura,C0918,2026-09-07,2026-10-07,593880,112837,706717,,no,
F-006604,factura,C1097,2026-09-07,2026-10-07,1143940,217349,1361289,,no,
F-006605,factura,C0249,2026-09-07,2026-10-07,534150,101488,635638,,no,
F-006606,factura,C0549,2026-09-07,2026-10-07,1657500,314925,1972425,,no,
F-006607,factura,C0190,2026-09-07,2026-11-06,1561560,296696,1858256,,no,
F-006608,factura,C0573,2026-09-07,2026-10-07,190210,36140,226350,,no,
F-006609,factura,C0761,2026-09-07,2026-10-07,231170,43922,275092,,no,
F-006610,factura,C0031,2026-09-07,2026-10-07,3584290,681015,4265305,,no,
F-006611,factura,C0761,2026-09-07,2026-10-07,1487790,282680,1770470,,no,
F-006612,factura,C0758,2026-09-07,2026-10-07,257080,48845,305925,,no,
F-006613,factura,C0534,2026-09-07,2026-10-07,200940,38179,239119,,no,
F-006614,factura,C1078,2026-09-07,2026-11-06,833400,158346,991746,,no,
F-006615,factura,C0171,2026-09-07,2026-10-07,283000,53770,336770,,no,
F-006616,factura,C0076,2026-09-07,2026-10-07,547810,104084,651894,,no,
F-006617,factura,C0593,2026-09-07,2026-11-06,679570,129118,808688,,no,
F-006618,factura,C0632,2026-09-07,2026-11-06,656510,124737,781247,,no,
F-006619,factura,C0293,2026-09-07,2026-10-07,1738050,330230,2068280,,no,
F-006620,factura,C1158,2026-09-07,2026-10-07,3062830,581938,3644768,,no,
F-006621,factura,C0275,2026-09-07,2026-10-07,481140,91417,572557,,no,
F-006622,factura,C0301,2026-09-07,2026-11-06,285650,54274,339924,,no,
F-006623,factura,C0984,2026-09-07,2026-10-07,963300,183027,1146327,,no,
F-006624,factura,C1102,2026-09-07,2026-10-07,2603140,494597,3097737,,no,
F-006625,factura,C0642,2026-09-07,2026-10-07,511180,97124,608304,,no,
F-006626,factura,C0031,2026-09-07,2026-10-07,1393510,264767,1658277,,no,
F-006627,factura,C0395,2026-09-07,2026-10-07,361250,68638,429888,,no,
NC-00166,nota_credito,C0735,2026-09-07,,-288240,-54766,-343006,F-006253,no,Devolución parcial de mercadería
F-006628,factura,C0227,2026-09-08,2026-10-23,2661670,505717,3167387,,no,
F-006629,factura,C0140,2026-09-08,2026-10-08,1498820,284776,1783596,,no,
F-006630,factura,C0649,2026-09-08,2026-10-08,1050920,199675,1250595,,no,
F-006631,factura,C0688,2026-09-08,2026-10-08,1626060,308951,1935011,,no,
F-006632,factura,C0713,2026-09-08,2026-10-08,3784350,719026,4503376,,no,
F-006633,factura,C0200,2026-09-08,2026-10-08,1880800,357352,2238152,,no,
F-006634,factura,C0854,2026-09-08,2026-10-08,1564440,297244,1861684,,no,
F-006635,factura,C0266,2026-09-08,2026-10-08,2117400,402306,2519706,,no,
F-006636,factura,C1141,2026-09-08,2026-10-08,1119580,212720,1332300,,no,
F-006637,factura,C0249,2026-09-08,2026-10-08,1472000,279680,1751680,,no,
F-006638,factura,C0028,2026-09-08,2026-10-08,859160,163240,1022400,,no,
F-006639,factura,C0676,2026-09-08,2026-10-08,367480,69821,437301,,no,
F-006640,factura,C0245,2026-09-08,2026-10-08,1671350,317556,1988906,,no,
F-006641,factura,C0754,2026-09-08,2026-11-07,1676500,318535,1995035,,no,
F-006642,factura,C0249,2026-09-08,2026-10-08,1009240,191756,1200996,,no,
F-006643,factura,C0507,2026-09-08,2026-10-08,2909620,552828,3462448,,no,
F-006644,factura,C0225,2026-09-08,2026-10-08,713250,135518,848768,,no,
F-006645,factura,C0507,2026-09-08,2026-10-08,307970,58514,366484,,no,
F-006646,factura,C0176,2026-09-08,2026-10-08,727360,138198,865558,,no,
F-006647,factura,C0376,2026-09-08,2026-11-07,370320,70361,440681,,no,
F-006648,factura,C0234,2026-09-08,2026-10-08,1664950,316340,1981290,,no,
F-006649,factura,C0992,2026-09-08,2026-10-08,696080,132255,828335,,no,
F-006650,factura,C0874,2026-09-08,2026-10-08,2793000,530670,3323670,,no,
F-006651,factura,C0376,2026-09-09,2026-11-08,703420,133650,837070,,no,
F-006652,factura,C0356,2026-09-09,2026-10-09,207980,39516,247496,,no,
F-006653,factura,C0037,2026-09-09,2026-10-09,1920170,364832,2285002,,no,
F-006654,factura,C0796,2026-09-09,2026-10-09,1180370,224270,1404640,,no,
F-006655,factura,C0745,2026-09-09,2026-10-09,279700,53143,332843,,no,
F-006656,factura,C0786,2026-09-09,2026-10-09,631380,119962,751342,,no,
F-006657,factura,C1127,2026-09-09,2026-11-08,448780,85268,534048,,no,
F-006658,factura,C0565,2026-09-09,2026-10-09,1453510,276167,1729677,,no,
F-006659,factura,C1077,2026-09-09,2026-10-09,628220,119362,747582,,no,
F-006660,factura,C0520,2026-09-09,2026-10-09,797910,151603,949513,,no,
F-006661,factura,C0572,2026-09-09,2026-10-09,726950,138120,865070,,no,
F-006662,factura,C0755,2026-09-09,2026-10-09,258810,49174,307984,,no,
F-006663,factura,C0249,2026-09-09,2026-10-09,2603280,494623,3097903,,no,
F-006664,factura,C0249,2026-09-09,2026-10-09,1436660,272965,1709625,,no,
F-006665,factura,C0614,2026-09-09,2026-10-09,465120,88373,553493,,no,
F-006666,factura,C0109,2026-09-09,2026-10-09,986040,187348,1173388,,no,
F-006667,factura,C0255,2026-09-09,2026-10-09,1843650,350294,2193944,,no,
F-006668,factura,C0958,2026-09-09,2026-11-08,884310,168019,1052329,,no,
F-006669,factura,C0554,2026-09-09,2026-10-09,2938380,558292,3496672,,no,
F-006670,factura,C0035,2026-09-09,2026-10-09,8729740,1658651,10388391,,no,
F-006671,factura,C0091,2026-09-09,2026-10-09,764570,145268,909838,,no,
F-006672,factura,C1100,2026-09-09,2026-10-09,530690,100831,631521,,no,
NC-00168,nota_credito,C1078,2026-09-09,,-449210,-85350,-534560,F-006374,no,Devolución parcial de mercadería
NC-00170,nota_credito,C0311,2026-09-09,,-34910,-6633,-41543,F-006518,no,Devolución parcial de mercadería
F-006673,factura,C0992,2026-09-10,2026-10-10,2534290,481515,3015805,,no,
F-006674,factura,C0352,2026-09-10,2026-10-10,1733090,329287,2062377,,no,
F-006675,factura,C0536,2026-09-10,2026-10-10,636780,120988,757768,,no,
F-006676,factura,C0274,2026-09-10,2026-10-10,1375770,261396,1637166,,no,
F-006677,factura,C1103,2026-09-10,2026-10-10,528360,100388,628748,,no,
F-006678,factura,C0151,2026-09-10,2026-10-10,2406110,457161,2863271,,no,
F-006679,factura,C1147,2026-09-10,2026-10-10,2358280,448073,2806353,,no,
F-006680,factura,C0986,2026-09-10,2026-10-10,1025030,194756,1219786,,no,
F-006681,factura,C0843,2026-09-10,2026-10-10,4478360,850888,5329248,,no,
F-006682,factura,C0939,2026-09-10,2026-10-10,4001820,760346,4762166,,no,
F-006683,factura,C0376,2026-09-10,2026-11-09,1333960,253452,1587412,,no,
F-006684,factura,C0319,2026-09-10,2026-10-10,1860490,353493,2213983,,no,
F-006685,factura,C0440,2026-09-10,2026-10-10,739090,140427,879517,,no,
F-006686,factura,C0227,2026-09-10,2026-10-25,951880,180857,1132737,,no,
F-006687,factura,C0909,2026-09-10,2026-10-10,499590,94922,594512,,no,
F-006688,factura,C0566,2026-09-10,2026-10-10,807160,153360,960520,,no,
F-006689,factura,C1078,2026-09-10,2026-11-09,1088630,206840,1295470,,no,
F-006690,factura,C1068,2026-09-10,2026-10-10,313530,59571,373101,,no,
F-006691,factura,C0191,2026-09-10,2026-10-10,1877390,356704,2234094,,no,
F-006692,factura,C0249,2026-09-10,2026-10-10,2680850,509362,3190212,,no,
F-006693,factura,C0482,2026-09-10,2026-10-10,1175970,223434,1399404,,no,
F-006694,factura,C0151,2026-09-10,2026-10-10,136780,25988,162768,,no,
F-006695,factura,C0090,2026-09-11,2026-10-11,265160,50380,315540,,no,
F-006696,factura,C0961,2026-09-11,2026-10-26,363150,68998,432148,,no,
F-006697,factura,C0958,2026-09-11,2026-11-10,387890,73699,461589,,no,
F-006698,factura,C0580,2026-09-11,2026-10-11,1994540,378963,2373503,,no,
F-006699,factura,C0882,2026-09-11,2026-10-11,319240,60656,379896,,no,
F-006700,factura,C0058,2026-09-11,2026-10-11,326790,62090,388880,,no,
F-006701,factura,C0345,2026-09-11,2026-10-26,282190,53616,335806,,no,
F-006702,factura,C0797,2026-09-11,2026-10-11,6260990,1189588,7450578,,no,
F-006703,factura,C0249,2026-09-11,2026-10-11,617630,117350,734980,,no,
F-006704,factura,C0530,2026-09-11,2026-10-11,1057410,200908,1258318,,no,
F-006705,factura,C1116,2026-09-11,2026-10-11,277880,52797,330677,,no,
F-006706,factura,C1001,2026-09-11,2026-10-11,1490820,283256,1774076,,no,
F-006707,factura,C0657,2026-09-11,2026-10-11,167460,31817,199277,,no,
F-006708,factura,C0677,2026-09-11,2026-10-11,316230,60084,376314,,no,
F-006709,factura,C1078,2026-09-11,2026-11-10,385510,73247,458757,,no,
F-006710,factura,C1054,2026-09-11,2026-10-11,824490,156653,981143,,no,
F-006711,factura,C0138,2026-09-11,2026-10-11,366940,69719,436659,,no,
F-006712,factura,C0554,2026-09-11,2026-10-11,2342260,445029,2787289,,no,
F-006713,factura,C0227,2026-09-11,2026-10-26,1035100,196669,1231769,,no,
F-006714,factura,C0127,2026-09-11,2026-10-11,398610,75736,474346,,no,
F-006715,factura,C0315,2026-09-11,2026-10-11,1537270,292081,1829351,,no,
F-006716,factura,C0737,2026-09-11,2026-10-11,505250,95998,601248,,no,
F-006717,factura,C0958,2026-09-11,2026-11-10,431520,81989,513509,,no,
F-006718,factura,C1097,2026-09-11,2026-10-11,1417040,269238,1686278,,no,
F-006719,factura,C0502,2026-09-11,2026-10-11,97260,18479,115739,,no,
F-006720,factura,C0501,2026-09-11,2026-10-11,1245790,236700,1482490,,no,
F-006721,factura,C0190,2026-09-11,2026-11-10,391190,74326,465516,,no,
F-006722,factura,C0228,2026-09-11,2026-11-10,390720,74237,464957,,no,
F-006723,factura,C0140,2026-09-11,2026-10-11,3314900,629831,3944731,,no,
F-006724,factura,C1178,2026-09-11,2026-10-11,452460,85967,538427,,no,
F-006725,factura,C0163,2026-09-11,2026-10-26,1486830,282498,1769328,,no,
NC-00172,nota_credito,C0201,2026-09-12,,-155080,-29465,-184545,F-006560,no,Devolución parcial de mercadería
F-006726,factura,C0039,2026-09-14,2026-10-14,986780,187488,1174268,,no,
F-006727,factura,C0047,2026-09-14,2026-10-14,2236180,424874,2661054,,no,
F-006728,factura,C0119,2026-09-14,2026-10-14,1418410,269498,1687908,,no,
F-006729,factura,C0971,2026-09-14,2026-10-14,2041620,387908,2429528,,no,
F-006730,factura,C0177,2026-09-14,2026-10-14,391140,74317,465457,,no,
F-006731,factura,C0218,2026-09-14,2026-10-14,715550,135954,851504,,no,
F-006732,factura,C0688,2026-09-14,2026-10-14,376650,71564,448214,,no,
F-006733,factura,C1155,2026-09-14,2026-10-14,841670,159917,1001587,,no,
F-006734,factura,C0675,2026-09-14,2026-10-14,904520,171859,1076379,,no,
F-006735,factura,C0883,2026-09-14,2026-10-14,1497740,284571,1782311,,no,
F-006736,factura,C0227,2026-09-14,2026-10-29,1987510,377627,2365137,,no,
F-006737,factura,C1097,2026-09-14,2026-10-14,1205950,229130,1435080,,no,
F-006738,factura,C0083,2026-09-14,2026-10-14,349220,66352,415572,,no,
F-006739,factura,C0310,2026-09-14,2026-10-29,235590,44762,280352,,no,
F-006740,factura,C0531,2026-09-14,2026-10-14,1053490,200163,1253653,,no,
F-006741,factura,C0249,2026-09-14,2026-10-14,2308290,438575,2746865,,si,Orden de compra no coincide con lo facturado
F-006742,factura,C0783,2026-09-14,2026-10-14,681310,129449,810759,,no,
F-006743,factura,C0804,2026-09-14,2026-10-14,204780,38908,243688,,no,
F-006744,factura,C0248,2026-09-14,2026-11-13,3683610,699886,4383496,,no,
F-006745,factura,C0015,2026-09-14,2026-10-14,1028000,195320,1223320,,no,
F-006746,factura,C0119,2026-09-14,2026-10-14,796920,151415,948335,,no,
F-006747,factura,C0001,2026-09-14,2026-10-14,273000,51870,324870,,no,
F-006748,factura,C1086,2026-09-14,2026-10-14,704030,133766,837796,,no,
F-006749,factura,C0747,2026-09-14,2026-11-13,1203940,228749,1432689,,no,
F-006750,factura,C0177,2026-09-14,2026-10-14,1039260,197459,1236719,,no,
F-006751,factura,C0139,2026-09-14,2026-10-29,403400,76646,480046,,no,
F-006752,factura,C0993,2026-09-14,2026-10-14,663940,126149,790089,,no,
F-006753,factura,C0984,2026-09-14,2026-10-14,424550,80664,505214,,no,
F-006754,factura,C1109,2026-09-14,2026-10-14,2631140,499917,3131057,,no,
F-006755,factura,C0191,2026-09-14,2026-10-14,1421890,270159,1692049,,no,
F-006756,factura,C0632,2026-09-14,2026-11-13,456860,86803,543663,,no,
F-006757,factura,C0156,2026-09-14,2026-10-14,272890,51849,324739,,no,
F-006758,factura,C0742,2026-09-15,2026-10-15,613750,116612,730362,,no,
F-006759,factura,C0191,2026-09-15,2026-10-15,586760,111484,698244,,no,
F-006760,factura,C0249,2026-09-15,2026-10-15,1213030,230476,1443506,,si,Orden de compra no coincide con lo facturado
F-006761,factura,C0986,2026-09-15,2026-10-15,471260,89539,560799,,no,
F-006762,factura,C0275,2026-09-15,2026-10-15,270710,51435,322145,,no,
F-006763,factura,C0140,2026-09-15,2026-10-15,1209520,229809,1439329,,no,
F-006764,factura,C0373,2026-09-15,2026-10-15,836530,158941,995471,,no,
F-006765,factura,C1120,2026-09-15,2026-10-15,822490,156273,978763,,no,
F-006766,factura,C0829,2026-09-15,2026-10-15,1383370,262840,1646210,,no,
F-006767,factura,C0677,2026-09-15,2026-10-15,1546920,293915,1840835,,no,
F-006768,factura,C1028,2026-09-15,2026-10-15,801610,152306,953916,,no,
F-006769,factura,C0778,2026-09-15,2026-10-15,371400,70566,441966,,no,
F-006770,factura,C0984,2026-09-15,2026-10-15,547060,103941,651001,,no,
F-006771,factura,C0772,2026-09-15,2026-10-15,1455920,276625,1732545,,no,
F-006772,factura,C1054,2026-09-15,2026-10-15,1016930,193217,1210147,,no,
F-006773,factura,C0748,2026-09-15,2026-10-15,587350,111596,698946,,no,
F-006774,factura,C0293,2026-09-15,2026-10-15,486830,92498,579328,,no,
F-006775,factura,C0058,2026-09-15,2026-10-15,1494700,283993,1778693,,no,
F-006776,factura,C0140,2026-09-15,2026-10-15,763640,145092,908732,,no,
F-006777,factura,C0618,2026-09-15,2026-10-15,1665020,316354,1981374,,no,
F-006778,factura,C1167,2026-09-15,2026-10-30,1842520,350079,2192599,,no,
F-006779,factura,C0926,2026-09-15,2026-11-14,709920,134885,844805,,no,
F-006780,factura,C0940,2026-09-15,2026-10-15,1949130,370335,2319465,,no,
F-006781,factura,C0783,2026-09-15,2026-10-15,1018560,193526,1212086,,no,
F-006782,factura,C1083,2026-09-15,2026-10-15,1129610,214626,1344236,,no,
F-006783,factura,C0896,2026-09-15,2026-10-15,158290,30075,188365,,no,
F-006784,factura,C0280,2026-09-15,2026-10-15,419340,79675,499015,,no,
F-006785,factura,C0593,2026-09-15,2026-11-14,437930,83207,521137,,no,
F-006786,factura,C0474,2026-09-15,2026-10-15,706620,134258,840878,,no,
F-006787,factura,C0201,2026-09-15,2026-10-15,999150,189838,1188988,,no,
F-006788,factura,C0249,2026-09-15,2026-10-15,1032380,196152,1228532,,si,Cliente reclama precio distinto al cotizado
F-006789,factura,C0311,2026-09-15,2026-10-15,1145980,217736,1363716,,no,
F-006790,factura,C0216,2026-09-15,2026-10-15,527140,100157,627297,,no,
NC-00169,nota_credito,C1042,2026-09-15,,-62310,-11839,-74149,F-006486,no,Devolución parcial de mercadería
F-006791,factura,C0109,2026-09-16,2026-10-16,626980,119126,746106,,no,
F-006792,factura,C1167,2026-09-16,2026-10-31,2134930,405637,2540567,,no,
F-006793,factura,C1127,2026-09-16,2026-11-15,731090,138907,869997,,no,
F-006794,factura,C0771,2026-09-16,2026-10-31,688800,130872,819672,,no,
F-006795,factura,C0806,2026-09-16,2026-10-16,700060,133011,833071,,no,
F-006796,factura,C1117,2026-09-16,2026-10-16,950660,180625,1131285,,no,
F-006797,factura,C0761,2026-09-16,2026-10-16,2063790,392120,2455910,,no,
F-006798,factura,C0958,2026-09-16,2026-11-15,1813140,344497,2157637,,no,
F-006799,factura,C0554,2026-09-16,2026-10-16,873580,165980,1039560,,no,
F-006800,factura,C0249,2026-09-16,2026-10-16,2074230,394104,2468334,,no,
F-006801,factura,C1009,2026-09-16,2026-10-16,1137820,216186,1354006,,no,
F-006802,factura,C0809,2026-09-16,2026-10-16,1721120,327013,2048133,,no,
F-006803,factura,C0313,2026-09-16,2026-10-31,380210,72240,452450,,no,
F-006804,factura,C0747,2026-09-16,2026-11-15,3478210,660860,4139070,,no,
F-006805,factura,C0992,2026-09-16,2026-10-16,1032360,196148,1228508,,no,
F-006806,factura,C0301,2026-09-16,2026-11-15,96040,18248,114288,,no,
F-006807,factura,C0934,2026-09-16,2026-10-31,3265130,620375,3885505,,no,
F-006808,factura,C0118,2026-09-16,2026-10-16,869120,165133,1034253,,no,
F-006809,factura,C0749,2026-09-16,2026-10-16,630830,119858,750688,,no,
F-006810,factura,C1199,2026-09-16,2026-10-16,533190,101306,634496,,no,
F-006811,factura,C1056,2026-09-16,2026-10-16,1230330,233763,1464093,,no,
F-006812,factura,C1064,2026-09-16,2026-10-16,425270,80801,506071,,no,
F-006813,factura,C0805,2026-09-16,2026-10-16,545610,103666,649276,,no,
F-006814,factura,C0549,2026-09-16,2026-10-16,556200,105678,661878,,no,
F-006815,factura,C0799,2026-09-16,2026-10-16,685150,130178,815328,,no,
F-006816,factura,C0617,2026-09-17,2026-10-17,1180780,224348,1405128,,no,
F-006817,factura,C1070,2026-09-17,2026-10-17,2045410,388628,2434038,,no,
F-006818,factura,C0270,2026-09-17,2026-10-17,737530,140131,877661,,no,
F-006819,factura,C0961,2026-09-17,2026-11-01,3291960,625472,3917432,,no,
F-006820,factura,C0822,2026-09-17,2026-10-17,365960,69532,435492,,no,
F-006821,factura,C0310,2026-09-17,2026-11-01,318050,60430,378480,,no,
F-006822,factura,C0501,2026-09-17,2026-10-17,297090,56447,353537,,no,
F-006823,factura,C0109,2026-09-17,2026-10-17,271430,51572,323002,,no,
F-006824,factura,C0714,2026-09-17,2026-10-17,1332360,253148,1585508,,no,
F-006825,factura,C1078,2026-09-17,2026-11-16,465560,88456,554016,,no,
F-006826,factura,C0149,2026-09-17,2026-10-17,329410,62588,391998,,no,
F-006827,factura,C0167,2026-09-17,2026-10-17,1379260,262059,1641319,,no,
F-006828,factura,C0566,2026-09-17,2026-10-17,1967710,373865,2341575,,no,
F-006829,factura,C0310,2026-09-17,2026-11-01,2359370,448280,2807650,,no,
F-006830,factura,C0308,2026-09-17,2026-10-17,2050200,389538,2439738,,no,
F-006831,factura,C0758,2026-09-17,2026-10-17,488330,92783,581113,,no,
F-006832,factura,C0482,2026-09-17,2026-10-17,1269450,241196,1510646,,no,
F-006833,factura,C1034,2026-09-17,2026-10-17,1514680,287789,1802469,,no,
F-006834,factura,C0507,2026-09-17,2026-10-17,696150,132268,828418,,no,
F-006835,factura,C0742,2026-09-17,2026-10-17,1161270,220641,1381911,,no,
F-006836,factura,C0468,2026-09-17,2026-11-16,373970,71054,445024,,no,
F-006837,factura,C0275,2026-09-17,2026-10-17,616090,117057,733147,,no,
F-006838,factura,C0562,2026-09-17,2026-10-17,1370450,260386,1630836,,no,
F-006839,factura,C0853,2026-09-17,2026-10-17,3399890,645979,4045869,,no,
F-006840,factura,C1149,2026-09-17,2026-10-17,2557070,485843,3042913,,no,
F-006841,factura,C0228,2026-09-18,2026-11-17,1835590,348762,2184352,,no,
F-006842,factura,C0632,2026-09-18,2026-11-17,1123540,213473,1337013,,no,
F-006843,factura,C0956,2026-09-18,2026-10-18,1072130,203705,1275835,,no,
F-006844,factura,C1054,2026-09-18,2026-10-18,346950,65920,412870,,no,
F-006845,factura,C0917,2026-09-18,2026-10-18,1320910,250973,1571883,,no,
F-006846,factura,C1078,2026-09-18,2026-11-17,399850,75972,475822,,no,
F-006847,factura,C0726,2026-09-18,2026-10-18,522190,99216,621406,,no,
F-006848,factura,C1020,2026-09-18,2026-10-18,296660,56365,353025,,no,
F-006849,factura,C0493,2026-09-18,2026-10-18,780270,148251,928521,,no,
F-006850,factura,C1047,2026-09-18,2026-10-18,2072370,393750,2466120,,no,
F-006851,factura,C1078,2026-09-18,2026-11-17,1060220,201442,1261662,,no,
F-006852,factura,C0813,2026-09-18,2026-10-18,621050,118000,739050,,no,
F-006853,factura,C0507,2026-09-18,2026-10-18,965060,183361,1148421,,no,
F-006854,factura,C0310,2026-09-18,2026-11-02,960800,182552,1143352,,no,
F-006855,factura,C0362,2026-09-18,2026-10-18,932370,177150,1109520,,no,
F-006856,factura,C0167,2026-09-18,2026-10-18,1019160,193640,1212800,,no,
F-006857,factura,C0067,2026-09-18,2026-10-18,384860,73123,457983,,no,
F-006858,factura,C0488,2026-09-18,2026-10-18,963050,182980,1146030,,no,
F-006859,factura,C0060,2026-09-18,2026-10-18,217170,41262,258432,,no,
F-006860,factura,C1077,2026-09-18,2026-10-18,1401600,266304,1667904,,no,
F-006861,factura,C0770,2026-09-18,2026-10-18,366010,69542,435552,,no,
F-006862,factura,C1032,2026-09-18,2026-10-18,2268670,431047,2699717,,no,
F-006863,factura,C0520,2026-09-18,2026-10-18,125050,23760,148810,,no,
F-006864,factura,C0249,2026-09-18,2026-10-18,3375880,641417,4017297,,no,
F-006865,factura,C0313,2026-09-18,2026-11-02,238290,45275,283565,,no,
F-006866,factura,C1052,2026-09-18,2026-10-18,338640,64342,402982,,no,
F-006867,factura,C0156,2026-09-18,2026-10-18,1123400,213446,1336846,,no,
F-006868,factura,C0832,2026-09-18,2026-10-18,1450760,275644,1726404,,no,
F-006869,factura,C0249,2026-09-18,2026-10-18,704980,133946,838926,,no,
F-006870,factura,C0392,2026-09-18,2026-10-18,1806160,343170,2149330,,no,
F-007041,factura,C0249,2026-09-18,2026-10-18,4578430,869902,5448332,F-004897,no,Reemplaza a F-004897
NC-00136,nota_credito,C0249,2026-09-18,,-4942050,-938990,-5881040,F-004897,no,Anula factura por error en precio / orden de compra
NC-00175,nota_credito,C0986,2026-09-18,,-407990,-77518,-485508,F-006680,no,Devolución parcial de mercadería
NC-00174,nota_credito,C0274,2026-09-19,,-224210,-42600,-266810,F-006676,no,Devolución parcial de mercadería
NC-00173,nota_credito,C0649,2026-09-20,,-186400,-35416,-221816,F-006630,no,Devolución parcial de mercadería
F-006871,factura,C0590,2026-09-21,2026-11-20,1549790,294460,1844250,,no,
F-006872,factura,C1080,2026-09-21,2026-10-21,914280,173713,1087993,,no,
F-006873,factura,C0468,2026-09-21,2026-11-20,828300,157377,985677,,no,
F-006874,factura,C0761,2026-09-21,2026-10-21,168750,32062,200812,,no,
F-006875,factura,C1012,2026-09-21,2026-10-21,712380,135352,847732,,no,
F-006876,factura,C0747,2026-09-21,2026-11-20,1107290,210385,1317675,,no,
F-006877,factura,C0249,2026-09-21,2026-10-21,1106800,210292,1317092,,no,
F-006878,factura,C0156,2026-09-21,2026-10-21,6611620,1256208,7867828,,no,
F-006879,factura,C0701,2026-09-21,2026-10-21,1151320,218751,1370071,,no,
F-006880,factura,C0871,2026-09-21,2026-10-21,1522350,289246,1811596,,no,
F-006881,factura,C0934,2026-09-21,2026-11-05,2335230,443694,2778924,,no,
F-006882,factura,C0829,2026-09-21,2026-10-21,1417000,269230,1686230,,no,
F-006883,factura,C0004,2026-09-21,2026-10-21,858390,163094,1021484,,no,
F-006884,factura,C0939,2026-09-21,2026-10-21,861730,163729,1025459,,no,
F-006885,factura,C0726,2026-09-21,2026-10-21,694630,131980,826610,,no,
F-006886,factura,C1195,2026-09-21,2026-10-21,1311940,249269,1561209,,no,
F-006887,factura,C0928,2026-09-21,2026-10-21,802430,152462,954892,,no,
F-006888,factura,C0507,2026-09-21,2026-10-21,1516020,288044,1804064,,no,
F-006889,factura,C0799,2026-09-21,2026-10-21,410190,77936,488126,,no,
F-006890,factura,C0742,2026-09-21,2026-10-21,1034190,196496,1230686,,no,
F-006891,factura,C0376,2026-09-21,2026-11-20,3182910,604753,3787663,,no,
NC-00171,nota_credito,C0940,2026-09-21,,-295740,-56191,-351931,F-006548,no,Devolución parcial de mercadería
F-006892,factura,C0919,2026-09-22,2026-10-22,1814590,344772,2159362,,no,
F-006893,factura,C0918,2026-09-22,2026-10-22,240760,45744,286504,,no,
F-006894,factura,C0024,2026-09-22,2026-10-22,819920,155785,975705,,no,
F-006895,factura,C0973,2026-09-22,2026-10-22,863120,163993,1027113,,no,
F-006896,factura,C0516,2026-09-22,2026-10-22,1302850,247542,1550392,,no,
F-006897,factura,C0828,2026-09-22,2026-10-22,388780,73868,462648,,no,
F-006898,factura,C0301,2026-09-22,2026-11-21,183920,34945,218865,,no,
F-006899,factura,C0934,2026-09-22,2026-11-06,1017350,193296,1210646,,no,
F-006900,factura,C1191,2026-09-22,2026-10-22,1351650,256814,1608464,,no,
F-006901,factura,C0275,2026-09-22,2026-10-22,1986050,377350,2363400,,no,
F-006902,factura,C0956,2026-09-22,2026-10-22,665870,126515,792385,,no,
F-006903,factura,C0726,2026-09-22,2026-10-22,1649920,313485,1963405,,no,
F-006904,factura,C0301,2026-09-22,2026-11-21,1308400,248596,1556996,,no,
F-006905,factura,C0318,2026-09-22,2026-10-22,2555140,485477,3040617,,no,
F-006906,factura,C0882,2026-09-22,2026-10-22,848630,161240,1009870,,no,
F-006907,factura,C0311,2026-09-22,2026-10-22,222300,42237,264537,,no,
F-006908,factura,C0069,2026-09-22,2026-10-22,840340,159665,1000005,,no,
F-006909,factura,C1062,2026-09-22,2026-10-22,952130,180905,1133035,,no,
F-006910,factura,C0691,2026-09-22,2026-10-22,1342780,255128,1597908,,no,
F-006911,factura,C0926,2026-09-22,2026-11-21,260290,49455,309745,,no,
F-006912,factura,C0726,2026-09-22,2026-10-22,691110,131311,822421,,no,
F-006913,factura,C0622,2026-09-22,2026-10-22,1776540,337543,2114083,,no,
F-006914,factura,C0934,2026-09-22,2026-11-06,816210,155080,971290,,no,
F-006915,factura,C0047,2026-09-22,2026-10-22,694610,131976,826586,,no,
F-006916,factura,C0340,2026-09-22,2026-10-22,4076520,774539,4851059,,no,
F-006917,factura,C0754,2026-09-22,2026-11-21,376880,71607,448487,,no,
F-006918,factura,C1138,2026-09-22,2026-10-22,2379060,452021,2831081,,no,
F-006919,factura,C0459,2026-09-22,2026-10-22,2008090,381537,2389627,,no,
F-006920,factura,C0039,2026-09-23,2026-10-23,887500,168625,1056125,,no,
F-006921,factura,C0761,2026-09-23,2026-10-23,315510,59947,375457,,no,
F-006922,factura,C0455,2026-09-23,2026-10-23,577420,109710,687130,,no,
F-006923,factura,C0227,2026-09-23,2026-11-07,1406760,267284,1674044,,no,
F-006924,factura,C0028,2026-09-23,2026-10-23,2145210,407590,2552800,,no,
F-006925,factura,C1101,2026-09-23,2026-10-23,415990,79038,495028,,no,
F-006926,factura,C0655,2026-09-23,2026-10-23,355900,67621,423521,,no,
F-006927,factura,C0767,2026-09-23,2026-10-23,4078090,774837,4852927,,no,
F-006928,factura,C0944,2026-09-23,2026-10-23,849610,161426,1011036,,no,
F-006929,factura,C0754,2026-09-23,2026-11-22,921290,175045,1096335,,no,
F-006930,factura,C0485,2026-09-23,2026-10-23,473940,90049,563989,,no,
F-006931,factura,C0754,2026-09-23,2026-11-22,1017160,193260,1210420,,no,
F-006932,factura,C0274,2026-09-23,2026-10-23,3376770,641586,4018356,,no,
F-006933,factura,C0662,2026-09-23,2026-10-23,1049520,199409,1248929,,no,
F-006934,factura,C0245,2026-09-23,2026-10-23,2007340,381395,2388735,,no,
F-006935,factura,C1099,2026-09-23,2026-10-23,876370,166510,1042880,,no,
F-006936,factura,C0612,2026-09-23,2026-10-23,376890,71609,448499,,no,
F-006937,factura,C0253,2026-09-23,2026-11-07,495720,94187,589907,,no,
F-006938,factura,C0758,2026-09-23,2026-10-23,350150,66528,416678,,no,
F-006939,factura,C0139,2026-09-23,2026-11-07,1019250,193658,1212908,,no,
F-006940,factura,C0507,2026-09-23,2026-10-23,2279490,433103,2712593,,no,
F-006941,factura,C1056,2026-09-23,2026-10-23,973990,185058,1159048,,no,
F-006942,factura,C0934,2026-09-23,2026-11-07,669390,127184,796574,,no,
F-006943,factura,C0838,2026-09-23,2026-10-23,455270,86501,541771,,no,
F-006944,factura,C0560,2026-09-23,2026-10-23,1137920,216205,1354125,,no,
F-006945,factura,C0525,2026-09-23,2026-10-23,318010,60422,378432,,no,
F-006946,factura,C0019,2026-09-23,2026-10-23,345610,65666,411276,,no,
F-006947,factura,C0722,2026-09-23,2026-10-23,1759400,334286,2093686,,no,
NC-00176,nota_credito,C0809,2026-09-23,,-625350,-118816,-744166,F-006802,no,Devolución parcial de mercadería
F-006948,factura,C0799,2026-09-24,2026-10-24,1095040,208058,1303098,,no,
F-006949,factura,C0643,2026-09-24,2026-11-08,795150,151078,946228,,no,
F-006950,factura,C1000,2026-09-24,2026-10-24,924920,175735,1100655,,no,
F-006951,factura,C0917,2026-09-24,2026-10-24,856660,162765,1019425,,no,
F-006952,factura,C0102,2026-09-24,2026-10-24,1203690,228701,1432391,,no,
F-006953,factura,C0376,2026-09-24,2026-11-23,3568480,678011,4246491,,no,
F-006954,factura,C0631,2026-09-24,2026-10-24,338240,64266,402506,,no,
F-006955,factura,C0969,2026-09-24,2026-10-24,2212330,420343,2632673,,no,
F-006956,factura,C0843,2026-09-24,2026-10-24,660720,125537,786257,,no,
F-006957,factura,C0651,2026-09-24,2026-10-24,2449520,465409,2914929,,no,
F-006958,factura,C0977,2026-09-24,2026-10-24,679370,129080,808450,,no,
F-006959,factura,C0508,2026-09-24,2026-10-24,1234130,234485,1468615,,no,
F-006960,factura,C0083,2026-09-24,2026-10-24,781210,148430,929640,,no,
F-006961,factura,C1059,2026-09-24,2026-10-24,222170,42212,264382,,no,
F-006962,factura,C0632,2026-09-24,2026-11-23,3565640,677472,4243112,,no,
F-006963,factura,C0977,2026-09-24,2026-10-24,417260,79279,496539,,no,
F-006964,factura,C0457,2026-09-24,2026-10-24,948630,180240,1128870,,no,
F-006965,factura,C0691,2026-09-24,2026-10-24,382210,72620,454830,,no,
F-006966,factura,C0373,2026-09-24,2026-10-24,304390,57834,362224,,no,
F-006967,factura,C0482,2026-09-24,2026-10-24,752920,143055,895975,,no,
F-006968,factura,C0185,2026-09-24,2026-10-24,551760,104834,656594,,no,
F-006969,factura,C0906,2026-09-24,2026-11-08,348230,66164,414394,,no,
F-006970,factura,C0310,2026-09-24,2026-11-08,862270,163831,1026101,,no,
F-006971,factura,C0325,2026-09-24,2026-11-23,271070,51503,322573,,no,
F-006972,factura,C0394,2026-09-24,2026-10-24,980730,186339,1167069,,no,
F-006973,factura,C0507,2026-09-24,2026-10-24,801160,152220,953380,,no,
F-006974,factura,C0677,2026-09-24,2026-10-24,121950,23170,145120,,no,
F-006975,factura,C0806,2026-09-24,2026-10-24,583720,110907,694627,,no,
F-006976,factura,C0799,2026-09-24,2026-10-24,1290320,245161,1535481,,no,
F-006977,factura,C0450,2026-09-25,2026-10-25,710560,135006,845566,,no,
F-006978,factura,C0784,2026-09-25,2026-10-25,763120,144993,908113,,no,
F-006979,factura,C0677,2026-09-25,2026-10-25,618270,117471,735741,,no,
F-006980,factura,C0771,2026-09-25,2026-11-09,254870,48425,303295,,no,
F-006981,factura,C0551,2026-09-25,2026-10-25,1773360,336938,2110298,,no,
F-006982,factura,C0293,2026-09-25,2026-10-25,398080,75635,473715,,no,
F-006983,factura,C0581,2026-09-25,2026-10-25,1313250,249518,1562768,,no,
F-006984,factura,C0440,2026-09-25,2026-10-25,1591160,302320,1893480,,no,
F-006985,factura,C0841,2026-09-25,2026-11-24,1019670,193737,1213407,,no,
F-006986,factura,C0211,2026-09-25,2026-10-25,361770,68736,430506,,no,
F-006987,factura,C0593,2026-09-25,2026-11-24,479000,91010,570010,,no,
F-006988,factura,C1158,2026-09-25,2026-10-25,73910,14043,87953,,no,
F-006989,factura,C0632,2026-09-25,2026-11-24,573290,108925,682215,,no,
F-006990,factura,C0256,2026-09-25,2026-10-25,1196000,227240,1423240,,no,
F-006991,factura,C1121,2026-09-25,2026-10-25,520390,98874,619264,,no,
F-006992,factura,C0267,2026-09-25,2026-10-25,392490,74573,467063,,no,
F-006993,factura,C0917,2026-09-25,2026-10-25,495900,94221,590121,,no,
F-006994,factura,C0140,2026-09-25,2026-10-25,1663810,316124,1979934,,no,
F-006995,factura,C1045,2026-09-25,2026-10-25,602500,114475,716975,,no,
F-006996,factura,C0227,2026-09-25,2026-11-09,2781950,528570,3310520,,no,
F-006997,factura,C0461,2026-09-25,2026-10-25,398610,75736,474346,,no,
F-006998,factura,C1167,2026-09-25,2026-11-09,748720,142257,890977,,no,
F-006999,factura,C0680,2026-09-25,2026-10-25,444900,84531,529431,,no,
F-007000,factura,C0292,2026-09-25,2026-10-25,3308210,628560,3936770,,no,
F-007001,factura,C0001,2026-09-25,2026-10-25,726570,138048,864618,,no,
F-007002,factura,C0012,2026-09-25,2026-10-25,3453120,656093,4109213,,no,
F-007003,factura,C0303,2026-09-25,2026-10-25,449650,85434,535084,,no,
