id_pago,id_cliente,fecha_pago,monto,medio_pago,facturas_referencia
P-000001,C0495,2025-10-27,367912,cheque,F-000042
P-000002,C1153,2025-10-27,218294,transferencia,F-000044
P-000003,C1050,2025-10-27,1113209,transferencia,F-000093
P-000004,C0580,2025-10-28,652703,transferencia,F-000049
P-000005,C1155,2025-10-29,425401,transferencia,F-000004
P-000006,C0550,2025-10-29,1295470,transferencia,F-000080
P-000007,C0901,2025-10-30,973777,transferencia,F-000018
P-000008,C0946,2025-10-30,482676,transferencia,F-000083
P-000009,C0935,2025-10-30,1113971,transferencia,F-000084
P-000010,C0882,2025-10-30,71245,transferencia,F-000046
P-000011,C0651,2025-10-31,218091,cheque,F-000001
P-000012,C0049,2025-10-31,401482,transferencia,F-000013
P-000013,C0352,2025-10-31,416952,transferencia,F-000022
P-000014,C0691,2025-10-31,273319,transferencia,F-000033
P-000015,C0651,2025-10-31,556230,transferencia,F-000011
P-000016,C0004,2025-10-31,214200,depósito,F-000054
P-000017,C0726,2025-10-31,1454834,transferencia,F-000069
P-000018,C0398,2025-11-03,1101952,transferencia,F-000007
P-000019,C0761,2025-11-03,269714,depósito,F-000036
P-000020,C0726,2025-11-03,1117196,cheque,F-000043
P-000021,C0948,2025-11-03,363128,transferencia,F-000057
P-000022,C0718,2025-11-03,1770565,transferencia,F-000058
P-000023,C0219,2025-11-03,260872,depósito,F-000059
P-000024,C0394,2025-11-03,201657,cheque,F-000061
P-000025,C0683,2025-11-03,227000,depósito,F-000068
P-000026,C0031,2025-11-03,683000,transferencia,F-000077
P-000027,C1100,2025-11-03,3184154,transferencia,F-000090
P-000028,C0181,2025-11-03,1598717,transferencia,F-000139
P-000029,C0184,2025-11-03,552160,transferencia,F-000002
P-000030,C0420,2025-11-03,629117,transferencia,F-000037
P-000031,C1149,2025-11-03,317421,transferencia,F-000053
P-000032,C0631,2025-11-03,1146708,transferencia,F-000064
P-000033,C0722,2025-11-03,1250630,cheque,F-000110
P-000034,C1158,2025-11-04,251697,transferencia,F-000031
P-000035,C1097,2025-11-04,464933,transferencia,F-000095
P-000036,C0770,2025-11-04,1132951,transferencia,F-000105
P-000037,C1120,2025-11-04,103161,transferencia,F-000144
P-000038,C0156,2025-11-04,796705,transferencia,F-000097
P-000039,C0990,2025-11-05,1411935,transferencia,F-000060
P-000040,C1059,2025-11-05,807000,transferencia,F-000075
P-000041,C0388,2025-11-05,4698037,depósito,F-000079
P-000042,C0249,2025-11-05,1260067,transferencia,F-000082
P-000043,C0651,2025-11-05,791981,transferencia,F-000140
P-000044,C0501,2025-11-05,1814548,depósito,F-000141
P-000045,C0761,2025-11-05,920263,transferencia,F-000150
P-000046,C1007,2025-11-05,698566,transferencia,F-000163
P-000047,C0822,2025-11-05,632556,transferencia,F-000189
P-000048,C0354,2025-11-06,194494,transferencia,F-000092
P-000049,C0323,2025-11-06,342863,depósito,F-000108
P-000050,C0249,2025-11-06,476428,cheque,F-000135
P-000051,C0184,2025-11-06,276175,transferencia,F-000145
P-000052,C0936,2025-11-06,193530,transferencia,F-000147
P-000053,C0427,2025-11-06,248282,cheque,F-000154
P-000054,C1184,2025-11-06,3153952,transferencia,F-000188
P-000055,C0323,2025-11-06,977906,cheque,F-000091
P-000056,C0090,2025-11-07,354000,transferencia,F-000071
P-000057,C0447,2025-11-07,305259,transferencia,F-000128
P-000058,C0941,2025-11-07,612814,transferencia,F-000138
P-000059,C0530,2025-11-07,1231900,transferencia,F-000146
P-000060,C0722,2025-11-07,1235839,transferencia,F-000174
P-000061,C1149,2025-11-07,316778,transferencia,F-000193
P-000062,C0944,2025-11-07,1067585,transferencia,F-000117
P-000063,C0060,2025-11-07,1253058,transferencia,F-000237
P-000064,C0099,2025-11-10,198766,depósito,F-000008
P-000065,C0023,2025-11-10,136000,transferencia,F-000016
P-000066,C1199,2025-11-10,726102,transferencia,F-000023
P-000067,C0023,2025-11-10,193000,transferencia,F-000030
P-000068,C0315,2025-11-10,1196676,transferencia,F-000096
P-000069,C0102,2025-11-10,3176503,transferencia,F-000118
P-000070,C0249,2025-11-10,368519,depósito,F-000132
P-000071,C0612,2025-11-10,375088,transferencia,F-000152
P-000072,C0783,2025-11-10,457020,cheque,F-000155
P-000073,C0944,2025-11-10,876923,transferencia,F-000157
P-000074,C0064,2025-11-10,2302507,transferencia,F-000161
P-000075,C0503,2025-11-10,579673,transferencia,F-000175
P-000076,C1093,2025-11-10,304128,transferencia,F-000176
P-000077,C0388,2025-11-10,1351471,transferencia,F-000181
P-000078,C1141,2025-11-10,934721,transferencia,F-000202
P-000079,C0536,2025-11-10,371934,cheque,F-000212
P-000080,C0286,2025-11-10,358868,transferencia,F-000220
P-000081,C0738,2025-11-10,931330,transferencia,F-000226
P-000082,C0691,2025-11-10,429352,transferencia,F-000234
P-000083,C0993,2025-11-10,731255,transferencia,F-000131
P-000084,C1080,2025-11-10,1207826,transferencia,F-000248
P-000085,C0783,2025-11-10,2255228,transferencia,F-000290
P-000086,C0452,2025-11-11,777724,transferencia,F-000021
P-000087,C0770,2025-11-11,4144318,transferencia,F-000213
P-000088,C0554,2025-11-11,988319,transferencia,F-000231
P-000089,C0156,2025-11-11,3314602,cheque,F-000177
P-000090,C0394,2025-11-12,439515,transferencia,F-000196
P-000091,C0585,2025-11-12,2364054,depósito,F-000197
P-000092,C0691,2025-11-12,1981255,transferencia,F-000205
P-000093,C0585,2025-11-12,2071945,depósito,F-000219
P-000094,C0266,2025-11-12,2777555,transferencia,F-000223
P-000095,C0286,2025-11-12,554124,transferencia,F-000238
P-000096,C1024,2025-11-12,546924,transferencia,F-000279
P-000097,C0263,2025-11-12,1425513,transferencia,F-000292
P-000098,C0291,2025-11-12,331617,transferencia,F-000298
P-000099,C0507,2025-11-12,777463,transferencia,F-000005
P-000100,C0677,2025-11-12,957890,transferencia,F-000050
P-000101,C0944,2025-11-12,1284188,transferencia,F-000277
P-000102,C0387,2025-11-13,603616,cheque,F-000006
P-000103,C0618,2025-11-13,1456465,cheque,F-000113
P-000104,C0044,2025-11-13,397448,transferencia,F-000203
P-000105,C0682,2025-11-13,784829,transferencia,F-000218
P-000106,C0180,2025-11-13,430982,transferencia,F-000245
P-000107,C1080,2025-11-13,732386,transferencia,F-000278
P-000108,C0701,2025-11-13,100722,transferencia,F-000307
P-000109,C0701,2025-11-13,549482,transferencia,F-000306
P-000110,C1039,2025-11-14,618000,depósito,F-000066
P-000111,C0249,2025-11-14,1628194,transferencia,F-000088
P-000112,C0461,2025-11-14,259000,transferencia,F-000255
P-000113,C0009,2025-11-14,399935,transferencia,F-000262
P-000114,C0990,2025-11-14,1387778,transferencia,F-000268
P-000115,C0137,2025-11-14,486234,transferencia,F-000271
P-000116,C1141,2025-11-14,804083,transferencia,F-000289
P-000117,C0268,2025-11-14,1229246,transferencia,F-000301
P-000118,C0934,2025-11-14,698732,transferencia,F-000024
P-000119,C1195,2025-11-14,934519,transferencia,F-000116
P-000120,C0746,2025-11-14,763111,transferencia,F-000240
P-000121,C0283,2025-11-17,1798530,transferencia,F-000015
P-000122,C0771,2025-11-17,188948,transferencia,F-000035
P-000123,C0683,2025-11-17,543000,transferencia,F-000068
P-000124,C1059,2025-11-17,846576,transferencia,F-000075
P-000125,C0090,2025-11-17,192000,depósito,F-000078
P-000126,C0519,2025-11-17,363259,transferencia,F-000098
P-000127,C1145,2025-11-17,747546,transferencia,F-000106
P-000128,C0102,2025-11-17,1221547,depósito,F-000127
P-000129,C0249,2025-11-17,1038965,transferencia,F-000198
P-000130,C0776,2025-11-17,1717432,transferencia,F-000210
P-000131,C1024,2025-11-17,1261995,depósito,F-000217
P-000132,C1031,2025-11-17,178952,transferencia,F-000224
P-000133,C0028,2025-11-17,1728975,transferencia,F-000232
P-000134,C0829,2025-11-17,748641,transferencia,F-000235
P-000135,C0986,2025-11-17,90488,transferencia,F-000256
P-000136,C1082,2025-11-17,938565,transferencia,F-000281
P-000137,C0352,2025-11-17,1321019,transferencia,F-000310
P-000138,C0003,2025-11-17,2770284,transferencia,F-000311
P-000139,C0064,2025-11-17,192982,transferencia,F-000332
P-000140,C0281,2025-11-17,345719,transferencia,F-000345
P-000141,C0249,2025-11-17,1214419,transferencia,F-000360
P-000142,C1097,2025-11-17,1414922,cheque,F-000415
P-000143,C0675,2025-11-17,1846987,cheque,F-000443
P-000144,C1009,2025-11-17,659200,transferencia,F-000446
P-000145,C0677,2025-11-17,1337310,transferencia,F-000032
P-000146,C0140,2025-11-17,673778,cheque,F-000047
P-000147,C0520,2025-11-17,393533,transferencia,F-000282
P-000148,C0163,2025-11-18,451177,cheque,F-000012
P-000149,C0090,2025-11-18,464446,transferencia,F-000071
P-000150,C0442,2025-11-18,603009,transferencia,F-000085
P-000151,C1199,2025-11-18,314803,transferencia,F-000111
P-000152,C0677,2025-11-18,1904381,transferencia,F-000114
P-000153,C0490,2025-11-18,578126,depósito,F-000123
P-000154,C0086,2025-11-18,573628,transferencia,F-000168
P-000155,C1110,2025-11-18,268631,transferencia,F-000252
P-000156,C0122,2025-11-18,2807555,transferencia,F-000321
P-000157,C0440,2025-11-18,1094740,transferencia,F-000367
P-000158,C0296,2025-11-18,2926912,transferencia,F-000390
P-000159,C0631,2025-11-18,148560,transferencia,F-000402
P-000160,C0501,2025-11-18,50730,transferencia,F-000405
P-000161,C0708,2025-11-18,1042940,transferencia,F-000410
P-000162,C0060,2025-11-18,979061,transferencia,F-000272
P-000163,C0909,2025-11-19,1025530,transferencia,F-000230
P-000164,C1109,2025-11-19,2621475,depósito,F-000285
P-000165,C0993,2025-11-19,284767,transferencia,F-000324
P-000166,C0866,2025-11-19,328738,depósito,F-000340
P-000167,C1025,2025-11-19,780735,cheque,F-000344
P-000168,C1042,2025-11-19,532346,cheque,F-000383
P-000169,C0732,2025-11-19,128770,transferencia,F-000398
P-000170,C0180,2025-11-19,298488,transferencia,F-000449
P-000171,C0418,2025-11-19,515068,transferencia,F-000148
P-000172,C0266,2025-11-19,605805,depósito,F-000316
P-000173,C0742,2025-11-19,1396406,depósito,F-000320
P-000174,C0647,2025-11-20,790350,transferencia,F-000070
P-000175,C0848,2025-11-20,1231186,depósito,F-000073
P-000176,C0213,2025-11-20,1022103,depósito,F-000086
P-000177,C0829,2025-11-20,1971592,transferencia,F-000125
P-000178,C0186,2025-11-20,492000,transferencia,F-000274
P-000179,C1184,2025-11-20,155652,transferencia,F-000317
P-000180,C0726,2025-11-20,3637961,transferencia,F-000347
P-000181,C0264,2025-11-20,330499,transferencia,F-000361
P-000182,C0379,2025-11-20,1416040,transferencia,F-000362
P-000183,C0457,2025-11-20,329237,transferencia,F-000363
P-000184,C0953,2025-11-20,185271,transferencia,F-000387
P-000185,C0818,2025-11-20,669756,transferencia,F-000422
P-000186,C0686,2025-11-20,1816571,transferencia,F-000436
P-000187,C0620,2025-11-20,287385,transferencia,F-000028
P-000188,C1141,2025-11-20,1484072,transferencia,"F-000299, F-000419"
P-000189,C0457,2025-11-20,528134,transferencia,F-000372
P-000190,C1158,2025-11-20,678824,transferencia,F-000376
P-000191,C0057,2025-11-21,310602,transferencia,F-000051
P-000192,C0226,2025-11-21,503322,transferencia,F-000056
P-000193,C0549,2025-11-21,491660,transferencia,F-000062
P-000194,C1128,2025-11-21,1155918,transferencia,F-000182
P-000195,C0075,2025-11-21,942000,transferencia,F-000251
P-000196,C1039,2025-11-21,225000,depósito,F-000270
P-000197,C1157,2025-11-21,179226,transferencia,F-000280
P-000198,C0748,2025-11-21,644000,transferencia,F-000357
P-000199,C0731,2025-11-21,643124,transferencia,F-000380
P-000200,C1105,2025-11-21,492850,transferencia,F-000401
P-000201,C0405,2025-11-21,396020,transferencia,F-000494
P-000202,C0771,2025-11-21,835392,transferencia,"F-000048, F-000143"
P-000203,C0449,2025-11-21,1195176,depósito,F-000063
P-000204,C0345,2025-11-21,116346,transferencia,F-000129
P-000205,C0507,2025-11-21,4938512,transferencia,"F-000156, F-000158"
P-000206,C0934,2025-11-21,1042285,transferencia,F-000164
P-000207,C0631,2025-11-21,598975,transferencia,F-000354
P-000208,C0339,2025-11-21,4792249,transferencia,F-000386
P-000209,C1053,2025-11-24,629498,transferencia,F-000019
P-000210,C0023,2025-11-24,138000,transferencia,F-000030
P-000211,C0474,2025-11-24,507618,depósito,F-000109
P-000212,C0934,2025-11-24,8685441,cheque,F-000120
P-000213,C0459,2025-11-24,2365898,transferencia,F-000171
P-000214,C0755,2025-11-24,1584890,transferencia,F-000184
P-000215,C0428,2025-11-24,777260,transferencia,F-000187
P-000216,C0058,2025-11-24,230812,transferencia,F-000227
P-000217,C0413,2025-11-24,262323,transferencia,F-000243
P-000218,C0928,2025-11-24,979000,transferencia,F-000293
P-000219,C0842,2025-11-24,808795,transferencia,F-000294
P-000220,C0417,2025-11-24,1527603,transferencia,F-000308
P-000221,C0528,2025-11-24,282328,transferencia,F-000312
P-000222,C0530,2025-11-24,1037442,transferencia,F-000336
P-000223,C0683,2025-11-24,217000,cheque,F-000348
P-000224,C0249,2025-11-24,951524,transferencia,F-000366
P-000225,C0818,2025-11-24,903591,transferencia,F-000369
P-000226,C0177,2025-11-24,198980,depósito,F-000391
P-000227,C0249,2025-11-24,1513180,transferencia,F-000396
P-000228,C1106,2025-11-24,1242312,transferencia,F-000407
P-000229,C0564,2025-11-24,694710,transferencia,F-000409
P-000230,C0810,2025-11-24,518733,transferencia,F-000438
P-000231,C0675,2025-11-24,753865,transferencia,F-000452
P-000232,C0092,2025-11-24,486246,transferencia,F-000456
P-000233,C0651,2025-11-24,2024559,transferencia,F-000458
P-000234,C0843,2025-11-24,438943,transferencia,F-000468
P-000235,C0805,2025-11-24,840164,depósito,F-000470
P-000236,C0032,2025-11-24,1148576,cheque,F-000498
P-000237,C1012,2025-11-24,375231,transferencia,F-000511
P-000238,C0993,2025-11-24,918989,transferencia,F-000512
P-000239,C0055,2025-11-24,1025982,transferencia,F-000517
P-000240,C0651,2025-11-24,224244,cheque,F-000533
P-000241,C0410,2025-11-24,714654,transferencia,F-000535
P-000242,C0140,2025-11-24,164613,transferencia,F-000087
P-000243,C1101,2025-11-24,381728,transferencia,F-000389
P-000244,C0004,2025-11-24,855170,depósito,F-000426
P-000245,C0379,2025-11-24,2866984,transferencia,"F-000427, F-000571"
P-000246,C1191,2025-11-24,1002789,cheque,F-000460
P-000247,C1012,2025-11-24,191673,transferencia,F-000464
P-000248,C0323,2025-11-24,687070,transferencia,F-000551
P-000249,C0747,2025-11-25,1327017,depósito,F-000067
P-000250,C0319,2025-11-25,1819819,cheque,F-000099
P-000251,C0755,2025-11-25,734539,transferencia,F-000102
P-000252,C1179,2025-11-25,1029231,transferencia,F-000104
P-000253,C0834,2025-11-25,1585604,transferencia,F-000130
P-000254,C0058,2025-11-25,335758,transferencia,F-000134
P-000255,C0755,2025-11-25,876935,transferencia,F-000149
P-000256,C0007,2025-11-25,1693548,transferencia,F-000185
P-000257,C1036,2025-11-25,254000,depósito,F-000258
P-000258,C1032,2025-11-25,892024,transferencia,F-000488
P-000259,C0109,2025-11-25,1185799,transferencia,F-000562
P-000260,C0763,2025-11-25,278996,cheque,F-000566
P-000261,C0819,2025-11-25,688546,transferencia,F-000582
P-000262,C1054,2025-11-25,1384327,transferencia,"F-000167, F-000170, F-000291"
P-000263,C0194,2025-11-25,697864,transferencia,F-000393
P-000264,C0151,2025-11-26,2486088,transferencia,F-000009
P-000265,C0052,2025-11-26,768312,transferencia,F-000101
P-000266,C0274,2025-11-26,288730,transferencia,F-000206
P-000267,C0485,2025-11-26,996185,depósito,F-000300
P-000268,C0226,2025-11-26,296215,cheque,F-000338
P-000269,C0913,2025-11-26,235703,transferencia,F-000406
P-000270,C0554,2025-11-26,602997,transferencia,F-000431
P-000271,C1076,2025-11-26,525123,transferencia,F-000469
P-000272,C0492,2025-11-26,3300037,transferencia,F-000497
P-000273,C1141,2025-11-26,1537242,transferencia,F-000523
P-000274,C0642,2025-11-26,1142745,transferencia,F-000549
P-000275,C0783,2025-11-26,360427,transferencia,F-000553
P-000276,C0248,2025-11-26,339257,transferencia,F-000034
P-000277,C0163,2025-11-26,94379,transferencia,F-000228
P-000278,C0308,2025-11-26,216116,transferencia,F-000425
P-000279,C0683,2025-11-27,580936,transferencia,F-000068
P-000280,C0253,2025-11-27,722032,cheque,F-000159
P-000281,C0672,2025-11-27,1699689,depósito,F-000180
P-000282,C0807,2025-11-27,698554,transferencia,F-000194
P-000283,C0111,2025-11-27,2047919,cheque,F-000265
P-000284,C0023,2025-11-27,242000,depósito,F-000276
P-000285,C0373,2025-11-27,127000,cheque,F-000295
P-000286,C0102,2025-11-27,177286,transferencia,F-000329
P-000287,C1144,2025-11-27,747094,transferencia,F-000394
P-000288,C0525,2025-11-27,141289,depósito,F-000455
P-000289,C0528,2025-11-27,2897210,transferencia,F-000500
P-000290,C0276,2025-11-27,993531,cheque,F-000525
P-000291,C0075,2025-11-27,108000,transferencia,F-000550
P-000292,C0507,2025-11-27,953690,depósito,F-000151
P-000293,C0345,2025-11-27,1825198,transferencia,"F-000208, F-000214"
P-000294,C0919,2025-11-27,225993,transferencia,F-000459
P-000295,C0651,2025-11-27,1991929,transferencia,"F-000484, F-000504"
P-000296,C0156,2025-11-27,502942,transferencia,F-000570
P-000297,C0611,2025-11-28,770775,transferencia,F-000242
P-000298,C0519,2025-11-28,247687,transferencia,F-000261
P-000299,C0015,2025-11-28,817982,transferencia,F-000315
P-000300,C0985,2025-11-28,209000,transferencia,F-000385
P-000301,C0395,2025-11-28,2111298,transferencia,F-000445
P-000302,C0318,2025-11-28,487376,transferencia,F-000474
P-000303,C0665,2025-11-28,1116220,transferencia,F-000501
P-000304,C0194,2025-11-28,871949,transferencia,F-000503
P-000305,C0745,2025-11-28,546888,cheque,F-000506
P-000306,C0903,2025-11-28,510236,transferencia,F-000520
P-000307,C1173,2025-11-28,203835,transferencia,F-000529
P-000308,C0144,2025-11-28,135470,transferencia,F-000563
P-000309,C0806,2025-11-28,1747384,transferencia,F-000089
P-000310,C1195,2025-11-28,2428957,transferencia,F-000216
P-000311,C0525,2025-11-28,457246,depósito,F-000495
P-000312,C0761,2025-11-28,988200,depósito,"F-000516, F-000561"
P-000313,C1089,2025-12-01,213664,transferencia,F-000052
P-000314,C0248,2025-12-01,427769,transferencia,F-000055
P-000315,C0138,2025-12-01,569320,transferencia,F-000192
P-000316,C0507,2025-12-01,625357,transferencia,F-000195
P-000317,C0167,2025-12-01,688760,depósito,F-000204
P-000318,C0274,2025-12-01,683453,depósito,F-000215
P-000319,C0906,2025-12-01,1135000,transferencia,F-000225
P-000320,C0461,2025-12-01,205000,cheque,F-000255
P-000321,C0614,2025-12-01,298535,transferencia,F-000269
P-000322,C0186,2025-12-01,342678,transferencia,F-000274
P-000323,C0874,2025-12-01,416560,transferencia,F-000304
P-000324,C0035,2025-12-01,287000,transferencia,F-000342
P-000325,C1000,2025-12-01,155021,transferencia,F-000351
P-000326,C0015,2025-12-01,795658,transferencia,F-000421
P-000327,C0125,2025-12-01,924023,transferencia,F-000435
P-000328,C0204,2025-12-01,555682,cheque,F-000463
P-000329,C0999,2025-12-01,328928,transferencia,F-000466
P-000330,C0812,2025-12-01,211701,transferencia,F-000471
P-000331,C1116,2025-12-01,595762,transferencia,F-000519
P-000332,C0249,2025-12-01,418666,transferencia,F-000521
P-000333,C0177,2025-12-01,289277,transferencia,F-000536
P-000334,C0060,2025-12-01,206072,transferencia,F-000541
P-000335,C0778,2025-12-01,3008546,transferencia,F-000545
P-000336,C0194,2025-12-01,389582,transferencia,F-000558
P-000337,C1141,2025-12-01,455056,transferencia,F-000568
P-000338,C1188,2025-12-01,1226807,transferencia,F-000569
P-000339,C0308,2025-12-01,887109,cheque,F-000578
P-000340,C0712,2025-12-01,330808,depósito,F-000583
P-000341,C0957,2025-12-01,619907,transferencia,F-000593
P-000342,C0775,2025-12-01,454000,transferencia,F-000642
P-000343,C0676,2025-12-01,756364,cheque,F-000649
P-000344,C0455,2025-12-01,604020,transferencia,F-000650
P-000345,C0912,2025-12-01,476095,transferencia,F-000696
P-000346,C0712,2025-12-01,254934,transferencia,F-000728
P-000347,C0382,2025-12-01,774107,transferencia,F-000179
P-000348,C0771,2025-12-01,417143,transferencia,F-000254
P-000349,C0934,2025-12-01,1314058,transferencia,F-000287
P-000350,C0742,2025-12-01,1499079,transferencia,F-000641
P-000351,C0944,2025-12-01,440526,cheque,F-000659
P-000352,C1039,2025-12-02,316257,transferencia,F-000066
P-000353,C0090,2025-12-02,451326,transferencia,F-000078
P-000354,C0232,2025-12-02,1500078,transferencia,F-000222
P-000355,C0127,2025-12-02,2142821,transferencia,F-000239
P-000356,C0507,2025-12-02,1058862,depósito,F-000253
P-000357,C0507,2025-12-02,575472,transferencia,F-000377
P-000358,C0031,2025-12-02,2481000,transferencia,F-000450
P-000359,C0075,2025-12-02,1539000,transferencia,F-000451
P-000360,C0104,2025-12-02,742881,transferencia,F-000585
P-000361,C0596,2025-12-02,935554,transferencia,F-000686
P-000362,C0770,2025-12-02,611862,transferencia,F-000546
P-000363,C0119,2025-12-02,2302507,transferencia,F-000580
P-000364,C0525,2025-12-02,4128384,transferencia,F-000631
P-000365,C0177,2025-12-02,979715,transferencia,F-000656
P-000366,C0701,2025-12-02,3009796,depósito,F-000662
P-000367,C1158,2025-12-02,992793,transferencia,F-000707
P-000368,C0124,2025-12-03,708276,transferencia,F-000003
P-000369,C0344,2025-12-03,2017800,transferencia,F-000041
P-000370,C0947,2025-12-03,911766,cheque,F-000200
P-000371,C0048,2025-12-03,1070215,depósito,F-000236
P-000372,C0124,2025-12-03,1612117,transferencia,F-000481
P-000373,C1109,2025-12-03,874448,transferencia,F-000502
P-000374,C1146,2025-12-03,1248738,transferencia,F-000645
P-000375,C0912,2025-12-03,527622,transferencia,F-000694
P-000376,C0677,2025-12-03,493053,transferencia,F-000257
P-000377,C1100,2025-12-03,940469,transferencia,F-000485
P-000378,C0379,2025-12-03,1806836,transferencia,"F-000678, F-000698"
P-000379,C0023,2025-12-04,710744,transferencia,F-000016
P-000380,C0354,2025-12-04,1047331,transferencia,F-000027
P-000381,C0643,2025-12-04,375338,transferencia,F-000029
P-000382,C0586,2025-12-04,1759617,transferencia,F-000039
P-000383,C1115,2025-12-04,491720,transferencia,F-000337
P-000384,C0099,2025-12-04,541557,transferencia,F-000382
P-000385,C0832,2025-12-04,804357,depósito,F-000392
P-000386,C0421,2025-12-04,689284,transferencia,F-000404
P-000387,C0354,2025-12-04,1148766,transferencia,F-000408
P-000388,C0515,2025-12-04,181451,transferencia,F-000537
P-000389,C0123,2025-12-04,98972,depósito,F-000544
P-000390,C0755,2025-12-04,389963,transferencia,F-000564
P-000391,C0249,2025-12-04,759030,transferencia,F-000610
P-000392,C0455,2025-12-04,3611507,transferencia,F-000716
P-000393,C0319,2025-12-04,399864,transferencia,F-000264
P-000394,C0799,2025-12-04,290241,transferencia,F-000629
P-000395,C1190,2025-12-05,1341130,transferencia,F-000249
P-000396,C1036,2025-12-05,421206,cheque,F-000258
P-000397,C1162,2025-12-05,1610653,transferencia,F-000305
P-000398,C0671,2025-12-05,396806,transferencia,F-000309
P-000399,C0677,2025-12-05,426306,transferencia,F-000384
P-000400,C1039,2025-12-05,157544,transferencia,F-000534
P-000401,C0249,2025-12-05,718367,transferencia,F-000555
P-000402,C0430,2025-12-05,378051,transferencia,F-000612
P-000403,C0719,2025-12-05,455342,transferencia,F-000658
P-000404,C0712,2025-12-05,1799732,cheque,F-000660
P-000405,C0980,2025-12-05,294025,transferencia,F-000661
P-000406,C0180,2025-12-05,458804,transferencia,F-000706
P-000407,C0980,2025-12-05,289753,cheque,F-000708
P-000408,C1097,2025-12-05,897248,transferencia,F-000713
P-000409,C0746,2025-12-05,947395,transferencia,F-000782
P-000410,C0643,2025-12-05,649193,cheque,F-000045
P-000411,C0632,2025-12-05,1710423,cheque,F-000133
P-000412,C0245,2025-12-05,265608,transferencia,F-000288
P-000413,C0449,2025-12-05,430744,transferencia,F-000303
P-000414,C0469,2025-12-05,310483,transferencia,F-000414
P-000415,C0578,2025-12-08,331415,transferencia,F-000065
P-000416,C0227,2025-12-08,866927,depósito,F-000081
P-000417,C0906,2025-12-08,252000,transferencia,F-000121
P-000418,C0841,2025-12-08,376195,transferencia,F-000124
P-000419,C1039,2025-12-08,105927,transferencia,F-000270
P-000420,C0753,2025-12-08,305247,transferencia,F-000296
P-000421,C0123,2025-12-08,451736,transferencia,F-000334
P-000422,C0283,2025-12-08,371090,cheque,F-000343
P-000423,C0683,2025-12-08,188000,transferencia,F-000348
P-000424,C0677,2025-12-08,317076,transferencia,F-000355
P-000425,C1060,2025-12-08,159710,cheque,F-000359
P-000426,C0368,2025-12-08,358357,transferencia,F-000388
P-000427,C0140,2025-12-08,400018,transferencia,F-000413
P-000428,C0274,2025-12-08,1553045,transferencia,F-000417
P-000429,C0544,2025-12-08,1430273,transferencia,F-000420
P-000430,C0489,2025-12-08,58000,transferencia,F-000423
P-000431,C0459,2025-12-08,907649,transferencia,F-000429
P-000432,C0917,2025-12-08,2852037,transferencia,F-000432
P-000433,C0758,2025-12-08,521886,transferencia,F-000434
P-000434,C0892,2025-12-08,229000,transferencia,F-000441
P-000435,C1031,2025-12-08,2325914,transferencia,F-000480
P-000436,C0417,2025-12-08,1127454,transferencia,F-000507
P-000437,C0915,2025-12-08,2210032,transferencia,F-000514
P-000438,C0035,2025-12-08,1518000,transferencia,F-000596
P-000439,C0403,2025-12-08,122951,transferencia,F-000608
P-000440,C0015,2025-12-08,287909,depósito,F-000620
P-000441,C0804,2025-12-08,1538896,transferencia,F-000627
P-000442,C0712,2025-12-08,877851,transferencia,F-000635
P-000443,C0249,2025-12-08,543794,transferencia,F-000640
P-000444,C0714,2025-12-08,475893,transferencia,F-000668
P-000445,C1155,2025-12-08,638780,transferencia,F-000672
P-000446,C1141,2025-12-08,460494,depósito,F-000679
P-000447,C0986,2025-12-08,1001004,transferencia,F-000682
P-000448,C0640,2025-12-08,2065566,transferencia,F-000691
P-000449,C0555,2025-12-08,1078699,transferencia,F-000700
P-000450,C0352,2025-12-08,829323,transferencia,F-000712
P-000451,C0323,2025-12-08,1549773,transferencia,F-000719
P-000452,C0749,2025-12-08,198123,transferencia,F-000723
P-000453,C0031,2025-12-08,255000,transferencia,F-000730
P-000454,C0731,2025-12-08,1165498,transferencia,F-000745
P-000455,C1081,2025-12-08,460946,transferencia,F-000805
P-000456,C0051,2025-12-08,1764889,transferencia,F-000810
P-000457,C0949,2025-12-08,91416,transferencia,F-000827
P-000458,C0455,2025-12-08,247568,transferencia,F-000828
P-000459,C1158,2025-12-08,1735258,cheque,F-000838
P-000460,C0643,2025-12-08,1152788,transferencia,"F-000025, F-000162"
P-000461,C0677,2025-12-08,133149,transferencia,F-000322
P-000462,C0163,2025-12-08,377932,transferencia,F-000323
P-000463,C0140,2025-12-08,1173304,cheque,F-000327
P-000464,C1054,2025-12-08,496028,transferencia,F-000333
P-000465,C0620,2025-12-08,164898,transferencia,F-000353
P-000466,C0382,2025-12-08,1739387,depósito,F-000416
P-000467,C1117,2025-12-08,410014,transferencia,F-000465
P-000468,C0770,2025-12-08,466409,transferencia,F-000652
P-000469,C1077,2025-12-08,546270,depósito,F-000671
P-000470,C0520,2025-12-08,1002872,transferencia,F-000683
P-000471,C1100,2025-12-08,387155,transferencia,F-000721
P-000472,C1191,2025-12-08,1471804,transferencia,F-000814
P-000473,C0228,2025-12-09,269000,depósito,F-000166
P-000474,C0040,2025-12-09,1177529,transferencia,F-000178
P-000475,C0023,2025-12-09,169000,transferencia,F-000276
P-000476,C0215,2025-12-09,521244,transferencia,F-000326
P-000477,C0748,2025-12-09,1486000,transferencia,F-000357
P-000478,C0198,2025-12-09,342149,cheque,F-000442
P-000479,C0615,2025-12-09,534334,transferencia,F-000447
P-000480,C0496,2025-12-09,372922,transferencia,F-000554
P-000481,C0172,2025-12-09,474941,cheque,F-000667
P-000482,C0651,2025-12-09,528086,transferencia,F-000669
P-000483,C0258,2025-12-09,781913,transferencia,F-000680
P-000484,C0433,2025-12-09,3832050,depósito,F-000703
P-000485,C0405,2025-12-09,1037692,depósito,F-000740
P-000486,C0682,2025-12-09,1747182,cheque,F-000753
P-000487,C0733,2025-12-09,100888,transferencia,F-000818
P-000488,C0882,2025-12-09,723282,transferencia,F-000653
P-000489,C1080,2025-12-09,131840,transferencia,F-000738
P-000490,C0919,2025-12-09,446690,transferencia,F-000819
P-000491,C0261,2025-12-10,479463,transferencia,F-000040
P-000492,C0075,2025-12-10,315000,transferencia,F-000251
P-000493,C1195,2025-12-10,827169,transferencia,F-000318
P-000494,C0985,2025-12-10,132780,transferencia,F-000385
P-000495,C0344,2025-12-10,956677,transferencia,F-000528
P-000496,C0942,2025-12-10,263335,transferencia,F-000591
P-000497,C0058,2025-12-10,568023,transferencia,F-000600
P-000498,C1156,2025-12-10,1532387,cheque,F-000637
P-000499,C1100,2025-12-10,253399,transferencia,F-000754
P-000500,C0771,2025-12-10,802262,transferencia,F-000489
P-000501,C1099,2025-12-10,970647,depósito,"F-000733, F-000763"
P-000502,C0177,2025-12-10,1392657,transferencia,F-000743
P-000503,C0376,2025-12-11,333747,transferencia,F-000201
P-000504,C0253,2025-12-11,780045,depósito,F-000365
P-000505,C0967,2025-12-11,1398916,transferencia,F-000496
P-000506,C0490,2025-12-11,282351,transferencia,F-000509
P-000507,C0370,2025-12-11,485818,transferencia,F-000643
P-000508,C0249,2025-12-11,1522962,transferencia,F-000692
P-000509,C0606,2025-12-11,1373236,depósito,F-000711
P-000510,C0636,2025-12-11,356000,transferencia,F-000714
P-000511,C0086,2025-12-11,1707781,transferencia,F-000718
P-000512,C0528,2025-12-11,449642,transferencia,F-000772
P-000513,C0676,2025-12-11,135958,depósito,F-000781
P-000514,C1042,2025-12-11,553862,transferencia,F-000783
P-000515,C0734,2025-12-11,267000,transferencia,F-000784
P-000516,C0276,2025-12-11,576341,transferencia,F-000790
P-000517,C0592,2025-12-11,161364,transferencia,F-000808
P-000518,C0748,2025-12-11,219000,transferencia,F-000847
P-000519,C1195,2025-12-11,386536,transferencia,F-000331
P-000520,C0603,2025-12-11,545091,transferencia,F-000412
P-000521,C0631,2025-12-11,243617,transferencia,F-000766
P-000522,C1158,2025-12-11,752413,transferencia,F-000785
P-000523,C0227,2025-12-12,924499,transferencia,F-000153
P-000524,C0928,2025-12-12,646000,transferencia,F-000293
P-000525,C1169,2025-12-12,385072,transferencia,F-000358
P-000526,C0459,2025-12-12,611624,cheque,F-000411
P-000527,C0075,2025-12-12,873000,transferencia,F-000451
P-000528,C1054,2025-12-12,796300,transferencia,F-000477
P-000529,C0772,2025-12-12,1239873,transferencia,F-000486
P-000530,C0548,2025-12-12,312434,depósito,F-000565
P-000531,C0589,2025-12-12,134000,transferencia,F-000574
P-000532,C0419,2025-12-12,510010,transferencia,F-000685
P-000533,C0265,2025-12-12,142812,depósito,F-000848
P-000534,C0245,2025-12-12,999779,cheque,"F-000350, F-000371"
P-000535,C0772,2025-12-12,1538218,transferencia,F-000395
P-000536,C0194,2025-12-12,407527,transferencia,F-000799
P-000537,C0554,2025-12-12,1843857,transferencia,"F-000821, F-000906"
P-000538,C1141,2025-12-12,1101131,transferencia,F-000957
P-000539,C0023,2025-12-15,57678,transferencia,F-000030
P-000540,C0301,2025-12-15,259932,transferencia,F-000160
P-000541,C0906,2025-12-15,958000,transferencia,F-000225
P-000542,C0211,2025-12-15,358357,transferencia,F-000266
P-000543,C0632,2025-12-15,1082222,transferencia,F-000275
P-000544,C0915,2025-12-15,505798,transferencia,F-000339
P-000545,C0906,2025-12-15,66000,transferencia,F-000418
P-000546,C0786,2025-12-15,252280,transferencia,F-000453
P-000547,C0508,2025-12-15,488078,depósito,F-000454
P-000548,C0138,2025-12-15,2476402,transferencia,F-000475
P-000549,C0140,2025-12-15,468289,transferencia,F-000505
P-000550,C0140,2025-12-15,391224,transferencia,F-000524
P-000551,C0537,2025-12-15,84121,transferencia,F-000543
P-000552,C0507,2025-12-15,1506135,transferencia,F-000576
P-000553,C0772,2025-12-15,1516869,cheque,F-000581
P-000554,C0007,2025-12-15,618943,transferencia,F-000595
P-000555,C0578,2025-12-15,432672,depósito,F-000613
P-000556,C0226,2025-12-15,489637,transferencia,F-000630
P-000557,C0102,2025-12-15,118024,transferencia,F-000646
P-000558,C1179,2025-12-15,538927,cheque,F-000664
P-000559,C0249,2025-12-15,720616,transferencia,F-000675
P-000560,C1166,2025-12-15,184000,transferencia,F-000702
P-000561,C0550,2025-12-15,155081,transferencia,F-000736
P-000562,C0440,2025-12-15,3139482,transferencia,F-000774
P-000563,C0566,2025-12-15,118000,transferencia,F-000777
P-000564,C1036,2025-12-15,541000,transferencia,F-000779
P-000565,C1157,2025-12-15,409134,cheque,F-000789
P-000566,C0738,2025-12-15,1041666,transferencia,F-000797
P-000567,C0405,2025-12-15,1125716,depósito,F-000835
P-000568,C0708,2025-12-15,1420289,transferencia,F-000844
P-000569,C0377,2025-12-15,1906463,transferencia,F-000849
P-000570,C0219,2025-12-15,1196819,transferencia,F-000853
P-000571,C1016,2025-12-15,487186,transferencia,F-000878
P-000572,C0770,2025-12-15,69436,cheque,F-000893
P-000573,C0728,2025-12-15,539106,transferencia,F-000894
P-000574,C0899,2025-12-15,652382,transferencia,F-000919
P-000575,C0049,2025-12-15,527610,cheque,F-000923
P-000576,C0617,2025-12-15,678752,transferencia,F-000966
P-000577,C0958,2025-12-15,529728,transferencia,F-000010
P-000578,C0747,2025-12-15,352038,transferencia,F-000267
P-000579,C0507,2025-12-15,293906,transferencia,F-000547
P-000580,C1195,2025-12-15,562346,depósito,F-000552
P-000581,C0283,2025-12-15,815436,transferencia,F-000557
P-000582,C0245,2025-12-15,813758,transferencia,F-000572
P-000583,C1012,2025-12-15,1005729,transferencia,"F-000761, F-000883"
P-000584,C0799,2025-12-15,1220952,transferencia,F-000802
P-000585,C0631,2025-12-15,1286509,transferencia,F-000823
P-000586,C0726,2025-12-15,1241099,transferencia,F-000926
P-000587,C0919,2025-12-15,350479,transferencia,F-000943
P-000588,C1167,2025-12-16,826729,transferencia,F-000211
P-000589,C1167,2025-12-16,818256,depósito,F-000286
P-000590,C0603,2025-12-16,722949,transferencia,F-000490
P-000591,C0873,2025-12-16,540236,transferencia,F-000590
P-000592,C0848,2025-12-16,142443,transferencia,F-000594
P-000593,C0292,2025-12-16,571998,transferencia,F-000690
P-000594,C0578,2025-12-16,1297160,transferencia,F-000767
P-000595,C0315,2025-12-16,1694167,transferencia,F-000822
P-000596,C0940,2025-12-16,325358,depósito,F-000826
P-000597,C0783,2025-12-16,650978,transferencia,F-000903
P-000598,C0700,2025-12-16,1254653,transferencia,F-000959
P-000599,C0980,2025-12-16,1052710,transferencia,F-000995
P-000600,C0248,2025-12-16,1521355,transferencia,"F-000319, F-000437"
P-000601,C0772,2025-12-16,1105712,transferencia,F-000483
P-000602,C0843,2025-12-16,456900,transferencia,F-000991
P-000603,C0926,2025-12-17,558000,depósito,F-000136
P-000604,C0593,2025-12-17,48000,transferencia,F-000229
P-000605,C0228,2025-12-17,85000,transferencia,F-000259
P-000606,C0373,2025-12-17,45000,depósito,F-000295
P-000607,C0035,2025-12-17,624683,transferencia,F-000342
P-000608,C1179,2025-12-17,1074903,transferencia,F-000370
P-000609,C0075,2025-12-17,229000,cheque,F-000550
P-000610,C0874,2025-12-17,1719003,cheque,F-000560
P-000611,C0770,2025-12-17,905519,depósito,F-000792
P-000612,C0561,2025-12-17,4872598,transferencia,F-000845
P-000613,C0268,2025-12-17,1259734,transferencia,F-000871
P-000614,C0340,2025-12-17,861524,transferencia,F-000875
P-000615,C0525,2025-12-17,184878,depósito,F-000897
P-000616,C0273,2025-12-17,410955,transferencia,F-000914
P-000617,C0031,2025-12-17,78000,transferencia,F-000927
P-000618,C0617,2025-12-17,1195498,transferencia,F-000953
P-000619,C1163,2025-12-17,1549154,transferencia,F-000974
P-000620,C0140,2025-12-17,997089,transferencia,"F-000400, F-000439"
P-000621,C0603,2025-12-17,3182393,transferencia,"F-000462, F-000492, F-000531"
P-000622,C1191,2025-12-17,311161,depósito,F-000892
P-000623,C0139,2025-12-18,1291067,cheque,F-000191
P-000624,C0174,2025-12-18,1162130,depósito,F-000510
P-000625,C0387,2025-12-18,744547,cheque,F-000704
P-000626,C1157,2025-12-18,487091,transferencia,F-000709
P-000627,C0419,2025-12-18,1869050,cheque,F-000710
P-000628,C0419,2025-12-18,355001,transferencia,F-000870
P-000629,C0031,2025-12-18,193000,cheque,F-000885
P-000630,C0110,2025-12-18,463814,transferencia,F-000895
P-000631,C0398,2025-12-18,274783,depósito,F-000913
P-000632,C0790,2025-12-18,485734,transferencia,F-000936
P-000633,C0082,2025-12-18,1001242,cheque,F-001085
P-000634,C1196,2025-12-18,1656611,cheque,F-000142
P-000635,C0586,2025-12-18,1143126,transferencia,F-000314
P-000636,C1167,2025-12-18,289099,transferencia,F-000378
P-000637,C0163,2025-12-18,2405883,transferencia,"F-000592, F-000609"
P-000638,C0651,2025-12-18,2371052,transferencia,"F-000873, F-000942"
P-000639,C0376,2025-12-19,213653,depósito,F-000328
P-000640,C0683,2025-12-19,177588,transferencia,F-000348
P-000641,C0376,2025-12-19,846066,transferencia,F-000374
P-000642,C0841,2025-12-19,1898609,transferencia,F-000428
P-000643,C0012,2025-12-19,206548,transferencia,F-000527
P-000644,C0356,2025-12-19,979763,transferencia,F-000567
P-000645,C0163,2025-12-19,1267255,transferencia,F-000589
P-000646,C0956,2025-12-19,541081,transferencia,F-000618
P-000647,C0140,2025-12-19,359678,transferencia,F-000625
P-000648,C0186,2025-12-19,2003000,transferencia,F-000666
P-000649,C0274,2025-12-19,42197,transferencia,F-000673
P-000650,C0211,2025-12-19,345195,transferencia,F-000801
P-000651,C0869,2025-12-19,702160,transferencia,F-000889
P-000652,C1175,2025-12-19,363807,transferencia,F-000941
P-000653,C0761,2025-12-19,1294244,transferencia,F-000952
P-000654,C0405,2025-12-19,527468,transferencia,F-000961
P-000655,C1050,2025-12-19,778891,cheque,F-000996
P-000656,C0964,2025-12-19,236072,cheque,F-001023
P-000657,C0227,2025-12-19,3229553,transferencia,"F-000233, F-000260"
P-000658,C0376,2025-12-19,944122,transferencia,F-000346
P-000659,C0274,2025-12-19,2136157,transferencia,F-000638
P-000660,C0457,2025-12-19,549304,depósito,F-000864
P-000661,C0850,2025-12-19,594881,transferencia,F-000985
P-000662,C0515,2025-12-22,1309309,transferencia,F-000165
P-000663,C0468,2025-12-22,598165,transferencia,F-000169
P-000664,C0871,2025-12-22,1056030,transferencia,F-000186
P-000665,C0228,2025-12-22,666000,depósito,F-000297
P-000666,C0275,2025-12-22,1444922,transferencia,F-000349
P-000667,C0796,2025-12-22,1235351,cheque,F-000444
P-000668,C0960,2025-12-22,3277355,transferencia,F-000461
P-000669,C1060,2025-12-22,309971,transferencia,F-000542
P-000670,C0906,2025-12-22,260039,depósito,F-000556
P-000671,C0777,2025-12-22,165160,transferencia,F-000621
P-000672,C0917,2025-12-22,2369123,depósito,F-000628
P-000673,C1056,2025-12-22,3100224,transferencia,F-000633
P-000674,C0868,2025-12-22,314993,transferencia,F-000639
P-000675,C0775,2025-12-22,195954,transferencia,F-000642
P-000676,C0216,2025-12-22,1094407,transferencia,F-000654
P-000677,C0519,2025-12-22,698625,transferencia,F-000699
P-000678,C0915,2025-12-22,1889672,transferencia,F-000701
P-000679,C0636,2025-12-22,191590,transferencia,F-000714
P-000680,C1003,2025-12-22,702600,transferencia,F-000717
P-000681,C0031,2025-12-22,268802,cheque,F-000730
P-000682,C0124,2025-12-22,52812,transferencia,F-000731
P-000683,C0659,2025-12-22,288000,depósito,F-000739
P-000684,C0063,2025-12-22,268000,transferencia,F-000741
P-000685,C0956,2025-12-22,373815,transferencia,F-000755
P-000686,C0736,2025-12-22,270820,transferencia,F-000791
P-000687,C0894,2025-12-22,204000,transferencia,F-000794
P-000688,C0193,2025-12-22,270832,transferencia,F-000804
P-000689,C0507,2025-12-22,234418,transferencia,F-000811
P-000690,C0659,2025-12-22,214212,transferencia,F-000857
P-000691,C0339,2025-12-22,445084,transferencia,F-000891
P-000692,C0783,2025-12-22,605829,transferencia,F-000904
P-000693,C0764,2025-12-22,2093472,cheque,F-000911
P-000694,C0660,2025-12-22,237786,transferencia,F-000917
P-000695,C0655,2025-12-22,759767,transferencia,F-000934
P-000696,C0249,2025-12-22,450427,transferencia,F-000935
P-000697,C0400,2025-12-22,742274,transferencia,F-000947
P-000698,C0655,2025-12-22,297500,transferencia,F-000978
P-000699,C0156,2025-12-22,1227794,transferencia,F-000982
P-000700,C0177,2025-12-22,499431,transferencia,F-001000
P-000701,C0326,2025-12-22,1651780,transferencia,F-001045
P-000702,C0122,2025-12-22,616777,transferencia,F-001066
P-000703,C0054,2025-12-22,1877630,cheque,F-001069
P-000704,C1167,2025-12-22,186283,cheque,F-000373
P-000705,C0248,2025-12-22,398828,transferencia,F-000397
P-000706,C0140,2025-12-22,444239,transferencia,F-000522
P-000707,C0382,2025-12-22,1145411,transferencia,F-000586
P-000708,C1195,2025-12-22,308008,transferencia,F-000607
P-000709,C0313,2025-12-22,348860,transferencia,F-000737
P-000710,C1054,2025-12-22,1884793,cheque,F-000762
P-000711,C0177,2025-12-22,374624,transferencia,F-000963
P-000712,C0119,2025-12-22,3532194,transferencia,F-000980
P-000713,C0156,2025-12-22,196172,transferencia,F-000989
P-000714,C0525,2025-12-22,1297338,transferencia,F-001155
P-000715,C0756,2025-12-23,166017,transferencia,F-000273
P-000716,C0748,2025-12-23,243943,depósito,F-000357
P-000717,C0031,2025-12-23,265996,depósito,F-000450
P-000718,C0589,2025-12-23,133000,depósito,F-000574
P-000719,C0671,2025-12-23,919358,transferencia,F-000623
P-000720,C0961,2025-12-23,243355,transferencia,F-000663
P-000721,C0031,2025-12-23,192828,transferencia,F-000803
P-000722,C0124,2025-12-23,284862,transferencia,F-000859
P-000723,C0008,2025-12-23,1290817,transferencia,F-000877
P-000724,C0813,2025-12-23,1888185,transferencia,F-000890
P-000725,C0288,2025-12-23,419808,transferencia,F-000971
P-000726,C1099,2025-12-23,744024,transferencia,F-000976
P-000727,C1184,2025-12-23,3062417,transferencia,F-001043
P-000728,C0738,2025-12-23,2135050,transferencia,F-001049
P-000729,C0003,2025-12-23,184022,transferencia,F-001054
P-000730,C0376,2025-12-23,881790,transferencia,F-000478
P-000731,C0917,2025-12-23,1461558,depósito,F-000604
P-000732,C0245,2025-12-23,743667,cheque,F-000674
P-000733,C0783,2025-12-23,201229,transferencia,F-001055
P-000734,C1077,2025-12-23,754781,transferencia,F-001068
P-000735,C1078,2025-12-24,499943,transferencia,F-000115
P-000736,C0906,2025-12-24,307000,depósito,F-000121
P-000737,C0586,2025-12-24,1325731,depósito,F-000302
P-000738,C0873,2025-12-24,563001,transferencia,F-000603
P-000739,C0758,2025-12-24,622180,transferencia,F-000619
P-000740,C0127,2025-12-24,634401,transferencia,F-000651
P-000741,C0758,2025-12-24,921786,transferencia,F-000726
P-000742,C0787,2025-12-24,598522,transferencia,F-000898
P-000743,C0081,2025-12-24,668304,transferencia,F-000922
P-000744,C0354,2025-12-24,268583,cheque,F-000944
P-000745,C1199,2025-12-24,3270263,depósito,F-000948
P-000746,C0405,2025-12-24,270546,transferencia,F-001001
P-000747,C0596,2025-12-24,3629179,transferencia,F-001019
P-000748,C0993,2025-12-24,160543,transferencia,F-001027
P-000749,C0525,2025-12-24,535000,transferencia,F-001031
P-000750,C0855,2025-12-24,488995,transferencia,F-001080
P-000751,C0066,2025-12-24,237322,transferencia,F-001097
P-000752,C0843,2025-12-24,378801,transferencia,F-001137
P-000753,C0969,2025-12-24,614528,depósito,F-000601
P-000754,C0507,2025-12-24,1127073,cheque,F-000689
P-000755,C0127,2025-12-24,2957674,cheque,F-000862
P-000756,C1096,2025-12-24,627999,depósito,F-001093
P-000757,C0181,2025-12-24,774868,cheque,F-001159
P-000758,C0461,2025-12-25,60778,transferencia,F-000255
P-000759,C0928,2025-12-25,350507,transferencia,F-000293
P-000760,C1133,2025-12-25,156735,transferencia,F-000476
P-000761,C0376,2025-12-25,1043785,transferencia,F-000530
P-000762,C0954,2025-12-25,1027874,transferencia,F-000677
P-000763,C1056,2025-12-25,562263,transferencia,F-000693
P-000764,C0417,2025-12-25,1866372,transferencia,F-000775
P-000765,C0956,2025-12-25,777403,transferencia,F-000901
P-000766,C0031,2025-12-25,468000,transferencia,F-000938
P-000767,C1143,2025-12-25,404445,transferencia,F-001002
P-000768,C0184,2025-12-25,363319,cheque,F-001013
P-000769,C0986,2025-12-25,800668,transferencia,F-001050
P-000770,C0440,2025-12-25,430780,depósito,F-001083
P-000771,C0913,2025-12-25,67485,depósito,F-001121
P-000772,C0632,2025-12-25,1466449,transferencia,"F-000335, F-000493"
P-000773,C0139,2025-12-25,515591,transferencia,F-000479
P-000774,C0363,2025-12-25,544175,transferencia,F-000997
P-000775,C0194,2025-12-25,943063,transferencia,F-001024
P-000776,C0843,2025-12-25,1071012,transferencia,F-001105
P-000777,C0023,2025-12-26,261636,transferencia,F-000276
P-000778,C0075,2025-12-26,491005,transferencia,F-000451
P-000779,C0756,2025-12-26,501537,transferencia,F-000473
P-000780,C0227,2025-12-26,812246,transferencia,F-000526
P-000781,C0736,2025-12-26,216735,transferencia,F-000705
P-000782,C1109,2025-12-26,681120,transferencia,F-000757
P-000783,C0079,2025-12-26,2866627,transferencia,F-000876
P-000784,C0031,2025-12-26,292000,transferencia,F-001008
P-000785,C0168,2025-12-26,3406375,transferencia,F-001057
P-000786,C0268,2025-12-26,671017,depósito,F-001067
P-000787,C0646,2025-12-26,576436,transferencia,F-001081
P-000788,C0011,2025-12-26,76767,transferencia,F-001089
P-000789,C0993,2025-12-26,1728713,transferencia,F-001092
P-000790,C0770,2025-12-26,572426,transferencia,F-001192
P-000791,C1078,2025-12-26,3737183,transferencia,"F-000020, F-000094, F-000100, F-000107, F-000119"
P-000792,C0227,2025-12-26,320467,transferencia,F-000467
P-000793,C0163,2025-12-26,598963,cheque,F-000798
P-000794,C0554,2025-12-26,290824,cheque,F-001037
P-000795,C0726,2025-12-26,291645,transferencia,F-001062
P-000796,C1042,2025-12-26,271177,transferencia,F-001110
P-000797,C1101,2025-12-26,909660,depósito,F-001134
P-000798,C0618,2025-12-29,898260,transferencia,F-000074
P-000799,C0926,2025-12-29,459962,cheque,F-000136
P-000800,C0228,2025-12-29,178000,cheque,F-000259
P-000801,C0228,2025-12-29,144942,transferencia,F-000433
P-000802,C0829,2025-12-29,541617,transferencia,F-000513
P-000803,C0227,2025-12-29,730267,transferencia,F-000573
P-000804,C0301,2025-12-29,555385,transferencia,F-000577
P-000805,C0590,2025-12-29,1309536,transferencia,F-000602
P-000806,C0961,2025-12-29,290000,transferencia,F-000632
P-000807,C0222,2025-12-29,400911,transferencia,F-000644
P-000808,C0456,2025-12-29,332188,depósito,F-000665
P-000809,C0186,2025-12-29,1252000,transferencia,F-000666
P-000810,C0449,2025-12-29,1630633,transferencia,F-000676
P-000811,C0253,2025-12-29,76874,cheque,F-000684
P-000812,C0012,2025-12-29,209392,transferencia,F-000697
P-000813,C1166,2025-12-29,153000,transferencia,F-000702
P-000814,C1056,2025-12-29,2064126,transferencia,F-000715
P-000815,C0848,2025-12-29,587182,transferencia,F-000722
P-000816,C0328,2025-12-29,239000,transferencia,F-000746
P-000817,C0481,2025-12-29,886514,transferencia,F-000749
P-000818,C0458,2025-12-29,348444,transferencia,F-000751
P-000819,C0047,2025-12-29,646872,transferencia,F-000760
P-000820,C0344,2025-12-29,196469,transferencia,F-000765
P-000821,C0566,2025-12-29,57000,transferencia,F-000777
P-000822,C0507,2025-12-29,404862,transferencia,F-000778
P-000823,C1054,2025-12-29,322181,transferencia,F-000788
P-000824,C0939,2025-12-29,1767614,transferencia,F-000809
P-000825,C0918,2025-12-29,2141619,transferencia,F-000815
P-000826,C0775,2025-12-29,143000,transferencia,F-000820
P-000827,C1094,2025-12-29,383918,transferencia,F-000832
P-000828,C0148,2025-12-29,1719443,transferencia,F-000833
P-000829,C0748,2025-12-29,111689,transferencia,F-000847
P-000830,C0771,2025-12-29,1679506,transferencia,F-000867
P-000831,C0736,2025-12-29,96000,cheque,F-000908
P-000832,C1160,2025-12-29,735000,transferencia,F-000915
P-000833,C0417,2025-12-29,558919,transferencia,F-000940
P-000834,C0984,2025-12-29,5238761,transferencia,F-000979
P-000835,C0755,2025-12-29,1624457,cheque,F-000981
P-000836,C0119,2025-12-29,980191,transferencia,F-000990
P-000837,C0249,2025-12-29,1177850,transferencia,F-000993
P-000838,C0763,2025-12-29,507178,transferencia,F-001007
P-000839,C0538,2025-12-29,260550,transferencia,F-001021
P-000840,C0651,2025-12-29,1648317,transferencia,F-001035
P-000841,C0442,2025-12-29,885788,cheque,F-001036
P-000842,C1155,2025-12-29,1825460,transferencia,F-001058
P-000843,C0031,2025-12-29,97000,transferencia,F-001061
P-000844,C0898,2025-12-29,994102,cheque,F-001070
P-000845,C0339,2025-12-29,5430137,transferencia,F-001082
P-000846,C0526,2025-12-29,508606,transferencia,F-001095
P-000847,C0448,2025-12-29,117370,transferencia,F-001096
P-000848,C0534,2025-12-29,1307870,transferencia,F-001100
P-000849,C0015,2025-12-29,2145808,depósito,F-001107
P-000850,C0561,2025-12-29,1819308,transferencia,F-001109
P-000851,C0379,2025-12-29,869354,transferencia,F-001118
P-000852,C0999,2025-12-29,594560,transferencia,F-001130
P-000853,C0249,2025-12-29,601533,transferencia,F-001135
P-000854,C0719,2025-12-29,1112900,transferencia,F-001139
P-000855,C0651,2025-12-29,212772,transferencia,F-001141
P-000856,C0339,2025-12-29,518483,transferencia,F-001204
P-000857,C0850,2025-12-29,1437877,transferencia,F-001209
P-000858,C0177,2025-12-29,526968,transferencia,F-001229
P-000859,C1149,2025-12-29,276520,transferencia,F-001252
P-000860,C0783,2025-12-29,558515,transferencia,F-001281
P-000861,C0653,2025-12-29,612469,transferencia,F-000209
P-000862,C1078,2025-12-29,1237600,transferencia,F-000284
P-000863,C0139,2025-12-29,446595,cheque,F-000352
P-000864,C0632,2025-12-29,1110853,transferencia,F-000540
P-000865,C0190,2025-12-29,629058,transferencia,F-000559
P-000866,C0428,2025-12-29,219722,transferencia,F-000843
P-000867,C1056,2025-12-29,867665,transferencia,F-000861
P-000868,C1054,2025-12-29,233157,transferencia,F-000900
P-000869,C0919,2025-12-29,413192,cheque,F-001047
P-000870,C0156,2025-12-29,705968,depósito,F-001117
P-000871,C1097,2025-12-29,2660864,transferencia,F-001124
P-000872,C0761,2025-12-29,477559,transferencia,F-001171
P-000873,C0653,2025-12-30,1867657,transferencia,F-000207
P-000874,C0075,2025-12-30,39468,transferencia,F-000550
P-000875,C0035,2025-12-30,1180956,transferencia,F-000596
P-000876,C1104,2025-12-30,397555,depósito,F-000606
P-000877,C0643,2025-12-30,1729891,transferencia,F-000616
P-000878,C1017,2025-12-30,611077,depósito,F-000756
P-000879,C1199,2025-12-30,2180496,transferencia,F-000806
P-000880,C0832,2025-12-30,1029505,transferencia,F-000884
P-000881,C0031,2025-12-30,319139,transferencia,F-000927
P-000882,C1040,2025-12-30,458459,cheque,F-001022
P-000883,C0354,2025-12-30,153843,transferencia,F-001060
P-000884,C0352,2025-12-30,198397,transferencia,F-001143
P-000885,C0642,2025-12-30,1040262,transferencia,F-001202
P-000886,C0184,2025-12-30,1436866,transferencia,F-001247
P-000887,C0228,2025-12-31,339923,transferencia,F-000166
P-000888,C0653,2025-12-31,384049,transferencia,F-000364
P-000889,C1000,2025-12-31,190174,transferencia,F-000727
P-000890,C0140,2025-12-31,527075,depósito,F-000742
P-000891,C0382,2025-12-31,420201,transferencia,F-000787
P-000892,C0496,2025-12-31,393414,cheque,F-000795
P-000893,C0806,2025-12-31,147774,transferencia,F-000836
P-000894,C0569,2025-12-31,520661,transferencia,F-000852
P-000895,C0474,2025-12-31,465909,transferencia,F-000858
P-000896,C0309,2025-12-31,1230174,transferencia,F-000896
P-000897,C0393,2025-12-31,762683,transferencia,F-001115
P-000898,C0249,2025-12-31,551422,transferencia,F-001119
P-000899,C0857,2025-12-31,549066,transferencia,F-001167
P-000900,C0204,2025-12-31,2020525,transferencia,F-001183
P-000901,C1006,2025-12-31,10307292,transferencia,F-001218
P-000902,C0814,2025-12-31,1078414,transferencia,F-001262
P-000903,C0296,2025-12-31,143109,transferencia,F-001265
P-000904,C0119,2025-12-31,1373093,transferencia,F-001286
P-000905,C0274,2025-12-31,595702,transferencia,F-000842
P-000906,C0805,2025-12-31,75660,transferencia,F-001151
P-000907,C0194,2025-12-31,302534,transferencia,F-001219
P-000908,C0468,2026-01-01,531097,transferencia,F-000283
P-000909,C0489,2026-01-01,170000,transferencia,F-000423
P-000910,C0907,2026-01-01,635769,transferencia,F-000532
P-000911,C0124,2026-01-01,1103892,transferencia,F-000720
P-000912,C0063,2026-01-01,342898,transferencia,F-000741
P-000913,C0873,2026-01-01,2071992,transferencia,F-000770
P-000914,C0984,2026-01-01,244021,depósito,F-000773
P-000915,C0894,2026-01-01,198000,transferencia,F-000794
P-000916,C0140,2026-01-01,79766,transferencia,F-000812
P-000917,C1000,2026-01-01,736836,transferencia,F-000824
P-000918,C0677,2026-01-01,1246346,transferencia,F-000872
P-000919,C0942,2026-01-01,1383613,transferencia,F-000886
P-000920,C0771,2026-01-01,206132,cheque,F-000977
P-000921,C0651,2026-01-01,574342,transferencia,F-001146
P-000922,C0194,2026-01-01,2066816,transferencia,F-001190
P-000923,C0655,2026-01-01,1390003,transferencia,F-001207
P-000924,C1101,2026-01-01,785352,cheque,F-001232
P-000925,C0493,2026-01-01,108647,transferencia,F-001235
P-000926,C0901,2026-01-01,456294,transferencia,F-001285
P-000927,C0958,2026-01-01,813472,transferencia,"F-000137, F-000221"
P-000928,C1167,2026-01-01,1237338,transferencia,F-000508
P-000929,C0677,2026-01-01,2724601,transferencia,"F-000725, F-000881"
P-000930,C0245,2026-01-01,1098322,transferencia,"F-000771, F-000932"
P-000931,C0163,2026-01-01,1486988,transferencia,F-000910
P-000932,C0882,2026-01-01,421867,transferencia,F-001264
P-000933,C1037,2026-01-01,431708,transferencia,F-001313
P-000934,C0813,2026-01-02,675301,transferencia,F-000199
P-000935,C0075,2026-01-02,355664,transferencia,F-000251
P-000936,C0373,2026-01-02,130177,transferencia,F-000295
P-000937,C0232,2026-01-02,313862,transferencia,F-000518
P-000938,C0482,2026-01-02,447452,transferencia,F-000548
P-000939,C0589,2026-01-02,163018,transferencia,F-000574
P-000940,C0848,2026-01-02,432232,transferencia,F-000768
P-000941,C0679,2026-01-02,625904,transferencia,F-000874
P-000942,C0274,2026-01-02,677419,transferencia,F-000951
P-000943,C1040,2026-01-02,1045177,transferencia,F-001106
P-000944,C0264,2026-01-02,492874,depósito,F-001144
P-000945,C0170,2026-01-02,895570,transferencia,F-001154
P-000946,C0340,2026-01-02,315326,cheque,F-001185
P-000947,C1106,2026-01-02,185438,transferencia,F-001189
P-000948,C0204,2026-01-02,228837,transferencia,F-001205
P-000949,C0218,2026-01-02,1263078,depósito,F-001208
P-000950,C0778,2026-01-02,761862,depósito,F-001226
P-000951,C0051,2026-01-02,629272,transferencia,F-001227
P-000952,C0376,2026-01-02,1001897,transferencia,F-000617
P-000953,C0319,2026-01-02,595916,depósito,F-000839
P-000954,C0554,2026-01-02,172848,cheque,F-001299
P-000955,C0275,2026-01-05,361617,transferencia,F-000026
P-000956,C0076,2026-01-05,1267933,transferencia,F-000190
P-000957,C0906,2026-01-05,195000,transferencia,F-000418
P-000958,C0593,2026-01-05,134000,transferencia,F-000472
P-000959,C1167,2026-01-05,585302,transferencia,F-000626
P-000960,C0185,2026-01-05,1375759,transferencia,F-000657
P-000961,C1036,2026-01-05,1011000,cheque,F-000779
P-000962,C0713,2026-01-05,62534,transferencia,F-000831
P-000963,C0140,2026-01-05,895463,transferencia,F-000865
P-000964,C1117,2026-01-05,1233780,cheque,F-000866
P-000965,C0239,2026-01-05,1016212,transferencia,F-000879
P-000966,C0381,2026-01-05,1311166,transferencia,F-000888
P-000967,C0671,2026-01-05,479963,cheque,F-000899
P-000968,C1178,2026-01-05,3655728,transferencia,F-000921
P-000969,C0757,2026-01-05,114978,transferencia,F-000949
P-000970,C0992,2026-01-05,404172,cheque,F-000970
P-000971,C1114,2026-01-05,132566,transferencia,F-001029
P-000972,C0089,2026-01-05,208369,transferencia,F-001034
P-000973,C0474,2026-01-05,714738,transferencia,F-001051
P-000974,C0828,2026-01-05,1286985,transferencia,F-001076
P-000975,C1094,2026-01-05,1039560,transferencia,F-001098
P-000976,C0249,2026-01-05,427400,transferencia,F-001103
P-000977,C0842,2026-01-05,1343224,transferencia,F-001104
P-000978,C0827,2026-01-05,244854,transferencia,F-001133
P-000979,C0020,2026-01-05,662449,cheque,F-001178
P-000980,C0866,2026-01-05,1015272,transferencia,F-001195
P-000981,C0980,2026-01-05,953333,transferencia,F-001216
P-000982,C0063,2026-01-05,415000,transferencia,F-001239
P-000983,C0735,2026-01-05,169861,transferencia,F-001268
P-000984,C0001,2026-01-05,146108,cheque,F-001276
P-000985,C0832,2026-01-05,480498,transferencia,F-001278
P-000986,C0405,2026-01-05,1425513,cheque,F-001288
P-000987,C0726,2026-01-05,531763,transferencia,F-001294
P-000988,C0170,2026-01-05,2160969,transferencia,F-001297
P-000989,C1191,2026-01-05,1335537,transferencia,F-001301
P-000990,C0783,2026-01-05,528884,transferencia,F-001315
P-000991,C0339,2026-01-05,87965,transferencia,F-001331
P-000992,C0181,2026-01-05,1058219,transferencia,F-001346
P-000993,C0767,2026-01-05,259515,transferencia,F-001352
P-000994,C0972,2026-01-05,1159096,transferencia,F-001357
P-000995,C0643,2026-01-05,359904,transferencia,F-000457
P-000996,C0227,2026-01-05,238797,transferencia,F-000588
P-000997,C0632,2026-01-05,438955,transferencia,F-000599
P-000998,C0747,2026-01-05,445167,transferencia,F-000687
P-000999,C0140,2026-01-05,685999,transferencia,F-000855
P-001000,C0469,2026-01-05,495921,transferencia,F-000918
P-001001,C0677,2026-01-05,1549582,transferencia,F-000967
P-001002,C0771,2026-01-05,208083,transferencia,F-000983
P-001003,C0843,2026-01-05,879446,transferencia,F-001210
P-001004,C0184,2026-01-05,412121,transferencia,F-001256
P-001005,C0004,2026-01-05,65176,transferencia,F-001272
P-001006,C1099,2026-01-05,2603982,cheque,F-001372
P-001007,C0586,2026-01-06,687463,transferencia,F-000538
P-001008,C0632,2026-01-06,911278,transferencia,F-000611
P-001009,C0494,2026-01-06,1046438,transferencia,F-000984
P-001010,C0939,2026-01-06,815745,cheque,F-000999
P-001011,C0736,2026-01-06,266905,depósito,F-001010
P-001012,C0860,2026-01-06,440669,transferencia,F-001012
P-001013,C0163,2026-01-06,991389,transferencia,F-001046
P-001014,C0019,2026-01-06,682334,depósito,F-001127
P-001015,C1155,2026-01-06,308508,transferencia,F-001214
P-001016,C0631,2026-01-06,548554,transferencia,F-001231
P-001017,C0799,2026-01-06,198016,depósito,F-001236
P-001018,C0646,2026-01-06,734944,transferencia,F-001378
P-001019,C0286,2026-01-06,1107378,transferencia,F-001393
P-001020,C1054,2026-01-06,641422,transferencia,F-001052
P-001021,C0163,2026-01-06,1164189,cheque,F-001188
P-001022,C0850,2026-01-06,1415243,transferencia,F-001280
P-001023,C0457,2026-01-06,550185,transferencia,F-001336
P-001024,C0501,2026-01-06,203585,transferencia,F-001373
P-001025,C0275,2026-01-07,2124364,transferencia,F-000126
P-001026,C0906,2026-01-07,1035474,transferencia,F-000225
P-001027,C1062,2026-01-07,1136486,transferencia,F-000247
P-001028,C1078,2026-01-07,123974,transferencia,F-000356
P-001029,C0632,2026-01-07,3383075,depósito,F-000724
P-001030,C0659,2026-01-07,598000,transferencia,F-000739
P-001031,C0031,2026-01-07,264000,transferencia,F-000885
P-001032,C0140,2026-01-07,656118,transferencia,F-000937
P-001033,C0031,2026-01-07,328229,transferencia,F-000938
P-001034,C1084,2026-01-07,773762,transferencia,F-000955
P-001035,C0611,2026-01-07,897117,transferencia,F-000968
P-001036,C0758,2026-01-07,2054297,transferencia,F-000973
P-001037,C0354,2026-01-07,578578,cheque,F-001006
P-001038,C0530,2026-01-07,351990,transferencia,F-001158
P-001039,C0249,2026-01-07,376290,transferencia,F-001212
P-001040,C0186,2026-01-07,124000,transferencia,F-001223
P-001041,C0388,2026-01-07,550030,cheque,F-001241
P-001042,C0249,2026-01-07,556968,cheque,F-001261
P-001043,C0394,2026-01-07,1296945,transferencia,F-001295
P-001044,C1035,2026-01-07,741180,transferencia,F-001324
P-001045,C1080,2026-01-07,2289274,transferencia,F-001356
P-001046,C0686,2026-01-07,173442,transferencia,F-001361
P-001047,C0233,2026-01-07,1088243,transferencia,F-001387
P-001048,C0423,2026-01-07,805118,transferencia,F-001388
P-001049,C0379,2026-01-07,2317192,cheque,F-001405
P-001050,C0139,2026-01-07,1510170,transferencia,"F-000648, F-000752"
P-001051,C0127,2026-01-07,2145236,transferencia,"F-000939, F-000969"
P-001052,C1042,2026-01-07,205739,transferencia,F-001293
P-001053,C0520,2026-01-07,389023,depósito,F-001466
P-001054,C0228,2026-01-08,189200,transferencia,F-000259
P-001055,C1194,2026-01-08,1074868,transferencia,F-000313
P-001056,C0475,2026-01-08,636376,transferencia,F-000688
P-001057,C1054,2026-01-08,1160095,transferencia,F-000916
P-001058,C0515,2026-01-08,3337998,transferencia,F-001063
P-001059,C0545,2026-01-08,3875592,transferencia,F-001157
P-001060,C0066,2026-01-08,1236696,depósito,F-001300
P-001061,C0420,2026-01-08,1137914,transferencia,F-001321
P-001062,C0646,2026-01-08,728387,transferencia,F-001337
P-001063,C0676,2026-01-08,204490,transferencia,F-001351
P-001064,C0067,2026-01-08,425318,transferencia,F-001382
P-001065,C0303,2026-01-08,742215,transferencia,F-001383
P-001066,C0468,2026-01-08,1557353,transferencia,F-000440
P-001067,C0301,2026-01-08,2623879,cheque,F-000615
P-001068,C0245,2026-01-08,413906,transferencia,F-000925
P-001069,C0726,2026-01-08,161554,transferencia,F-001329
P-001070,C1097,2026-01-08,590561,transferencia,F-001371
P-001071,C0593,2026-01-09,146000,depósito,F-000229
P-001072,C0239,2026-01-09,215295,transferencia,F-001020
P-001073,C0427,2026-01-09,1023000,transferencia,F-001163
P-001074,C0828,2026-01-09,320300,transferencia,F-001275
P-001075,C0936,2026-01-09,2225217,transferencia,F-001333
P-001076,C0722,2026-01-09,4587117,depósito,F-001345
P-001077,C0778,2026-01-09,1468888,transferencia,F-001407
P-001078,C1155,2026-01-09,377075,cheque,F-001413
P-001079,C0281,2026-01-09,548971,depósito,F-001532
P-001080,C1078,2026-01-09,890906,transferencia,"F-000250, F-000584"
P-001081,C0841,2026-01-09,241237,transferencia,F-000850
P-001082,C0274,2026-01-09,538142,transferencia,F-001074
P-001083,C1078,2026-01-12,619300,transferencia,F-000399
P-001084,C0754,2026-01-12,2997908,transferencia,F-000448
P-001085,C0228,2026-01-12,187830,transferencia,F-000597
P-001086,C0926,2026-01-12,238000,transferencia,F-000614
P-001087,C0227,2026-01-12,766896,transferencia,F-000670
P-001088,C0139,2026-01-12,2564545,transferencia,F-000793
P-001089,C0894,2026-01-12,134904,transferencia,F-000794
P-001090,C1194,2026-01-12,298761,depósito,F-000816
P-001091,C0736,2026-01-12,87000,depósito,F-000908
P-001092,C1178,2026-01-12,217782,transferencia,F-000930
P-001093,C0253,2026-01-12,3597299,transferencia,F-000931
P-001094,C0853,2026-01-12,481557,transferencia,F-000945
P-001095,C0102,2026-01-12,665162,transferencia,F-000992
P-001096,C0031,2026-01-12,251000,cheque,F-001008
P-001097,C1054,2026-01-12,1000945,transferencia,F-001016
P-001098,C0507,2026-01-12,516377,cheque,F-001018
P-001099,C0507,2026-01-12,109551,transferencia,F-001028
P-001100,C0314,2026-01-12,332510,transferencia,F-001071
P-001101,C0906,2026-01-12,202000,transferencia,F-001079
P-001102,C0163,2026-01-12,209785,transferencia,F-001176
P-001103,C0249,2026-01-12,109980,transferencia,F-001187
P-001104,C0515,2026-01-12,1212705,transferencia,F-001304
P-001105,C0949,2026-01-12,720045,cheque,F-001364
P-001106,C0249,2026-01-12,766622,cheque,F-001370
P-001107,C0746,2026-01-12,342470,transferencia,F-001377
P-001108,C0944,2026-01-12,9473185,transferencia,F-001389
P-001109,C1146,2026-01-12,782996,transferencia,F-001401
P-001110,C0935,2026-01-12,1723072,transferencia,F-001408
P-001111,C0045,2026-01-12,1533505,transferencia,F-001426
P-001112,C0972,2026-01-12,1877058,transferencia,F-001431
P-001113,C0427,2026-01-12,58000,transferencia,F-001451
P-001114,C0921,2026-01-12,1604191,transferencia,F-001487
P-001115,C1127,2026-01-12,592001,cheque,F-000325
P-001116,C0376,2026-01-12,356226,transferencia,F-000732
P-001117,C0632,2026-01-12,2124328,transferencia,F-000905
P-001118,C0677,2026-01-12,2706786,transferencia,"F-000924, F-001193"
P-001119,C0319,2026-01-12,632913,transferencia,F-001011
P-001120,C0771,2026-01-12,80551,transferencia,F-001075
P-001121,C0939,2026-01-12,693925,transferencia,F-001122
P-001122,C0742,2026-01-12,2012790,transferencia,F-001412
P-001123,C1158,2026-01-12,3488068,transferencia,F-001463
P-001124,C0906,2026-01-13,181525,transferencia,F-000121
P-001125,C1166,2026-01-13,268353,cheque,F-000702
P-001126,C0775,2026-01-13,145000,transferencia,F-000820
P-001127,C0590,2026-01-13,596892,transferencia,F-000840
P-001128,C0428,2026-01-13,653774,cheque,F-001078
P-001129,C0210,2026-01-13,465766,transferencia,F-001108
P-001130,C0710,2026-01-13,1141781,transferencia,F-001112
P-001131,C0226,2026-01-13,1736960,transferencia,F-001165
P-001132,C0051,2026-01-13,1010024,transferencia,F-001379
P-001133,C0529,2026-01-13,1085054,transferencia,F-001400
P-001134,C0800,2026-01-13,573187,transferencia,F-001462
P-001135,C0181,2026-01-13,286742,transferencia,F-001468
P-001136,C0451,2026-01-13,88167,transferencia,F-001601
P-001137,C1080,2026-01-13,207060,cheque,F-001403
P-001138,C0119,2026-01-13,477166,transferencia,F-001430
P-001139,C0779,2026-01-14,2268568,depósito,F-001003
P-001140,C0140,2026-01-14,135731,transferencia,F-001015
P-001141,C0896,2026-01-14,232264,depósito,F-001033
P-001142,C0599,2026-01-14,892845,transferencia,F-001138
P-001143,C0167,2026-01-14,624381,transferencia,F-001213
P-001144,C0140,2026-01-14,651061,transferencia,F-001222
P-001145,C0502,2026-01-14,261000,cheque,F-001317
P-001146,C0755,2026-01-14,871961,transferencia,F-001394
P-001147,C0831,2026-01-14,816554,depósito,F-001406
P-001148,C0193,2026-01-14,180000,transferencia,F-001416
P-001149,C0980,2026-01-14,519221,cheque,F-001435
P-001150,C0564,2026-01-14,635436,depósito,F-001442
P-001151,C0181,2026-01-14,275414,transferencia,F-001458
P-001152,C0554,2026-01-14,559847,transferencia,F-001530
P-001153,C0477,2026-01-15,718605,transferencia,F-000681
P-001154,C0293,2026-01-15,852492,transferencia,F-000748
P-001155,C0806,2026-01-15,1850438,transferencia,F-000988
P-001156,C0035,2026-01-15,109000,transferencia,F-001088
P-001157,C0677,2026-01-15,1070560,transferencia,F-001125
P-001158,C0569,2026-01-15,442882,cheque,F-001152
P-001159,C0140,2026-01-15,334140,transferencia,F-001196
P-001160,C0402,2026-01-15,1379543,transferencia,F-001269
P-001161,C0796,2026-01-15,834856,transferencia,F-001365
P-001162,C0031,2026-01-15,645000,transferencia,F-001369
P-001163,C0655,2026-01-15,531264,transferencia,F-001421
P-001164,C0249,2026-01-15,2403253,transferencia,F-001441
P-001165,C0430,2026-01-15,483318,transferencia,F-001460
P-001166,C0296,2026-01-15,543283,transferencia,F-001470
P-001167,C1007,2026-01-15,4581095,transferencia,F-001498
P-001168,C0608,2026-01-15,650799,transferencia,F-001504
P-001169,C0049,2026-01-15,963793,transferencia,F-001509
P-001170,C0958,2026-01-15,409479,transferencia,F-000499
P-001171,C0310,2026-01-15,473465,transferencia,F-001177
P-001172,C0266,2026-01-15,446476,cheque,F-001417
P-001173,C1100,2026-01-15,332534,transferencia,F-001428
P-001174,C0961,2026-01-16,488641,transferencia,F-000632
P-001175,C0328,2026-01-16,259000,transferencia,F-000746
P-001176,C0593,2026-01-16,565000,transferencia,F-000776
P-001177,C1128,2026-01-16,225077,depósito,F-001198
P-001178,C0023,2026-01-16,361000,transferencia,F-001203
P-001179,C0832,2026-01-16,808010,depósito,F-001217
P-001180,C0428,2026-01-16,250412,transferencia,F-001249
P-001181,C0536,2026-01-16,592144,transferencia,F-001473
P-001182,C0800,2026-01-16,1907415,transferencia,F-001497
P-001183,C1196,2026-01-16,601914,cheque,F-000579
P-001184,C0190,2026-01-16,2265689,transferencia,"F-000780, F-001039"
P-001185,C0140,2026-01-16,1426643,transferencia,"F-001172, F-001175"
P-001186,C0631,2026-01-16,987402,transferencia,F-001434
P-001187,C1141,2026-01-16,792064,transferencia,F-001453
P-001188,C0651,2026-01-16,539141,transferencia,F-001495
P-001189,C0843,2026-01-16,1306953,transferencia,F-001544
P-001190,C0829,2026-01-19,800572,transferencia,F-000655
P-001191,C0659,2026-01-19,235885,depósito,F-000739
P-001192,C1199,2026-01-19,1534755,transferencia,F-000825
P-001193,C0586,2026-01-19,9442103,transferencia,F-000854
P-001194,C0192,2026-01-19,335568,depósito,F-000863
P-001195,C0301,2026-01-19,1344783,transferencia,F-000928
P-001196,C0747,2026-01-19,1889470,transferencia,F-000933
P-001197,C0590,2026-01-19,3594823,cheque,F-000975
P-001198,C0677,2026-01-19,826169,cheque,F-001009
P-001199,C1054,2026-01-19,784543,transferencia,F-001026
P-001200,C0309,2026-01-19,1575477,transferencia,F-001044
P-001201,C0031,2026-01-19,104000,depósito,F-001061
P-001202,C0130,2026-01-19,724306,transferencia,F-001077
P-001203,C0644,2026-01-19,910410,transferencia,F-001129
P-001204,C0961,2026-01-19,273000,transferencia,F-001132
P-001205,C0245,2026-01-19,446809,transferencia,F-001136
P-001206,C1072,2026-01-19,2155030,transferencia,F-001191
P-001207,C0015,2026-01-19,308567,transferencia,F-001233
P-001208,C0345,2026-01-19,130567,depósito,F-001245
P-001209,C0659,2026-01-19,197504,transferencia,F-001248
P-001210,C0138,2026-01-19,448202,transferencia,F-001263
P-001211,C0090,2026-01-19,59000,cheque,F-001277
P-001212,C0918,2026-01-19,663473,depósito,F-001312
P-001213,C0403,2026-01-19,160650,transferencia,F-001339
P-001214,C1004,2026-01-19,1978208,transferencia,F-001340
P-001215,C1039,2026-01-19,308000,depósito,F-001380
P-001216,C0569,2026-01-19,2227109,depósito,F-001384
P-001217,C0109,2026-01-19,770930,depósito,F-001396
P-001218,C0515,2026-01-19,279686,transferencia,F-001402
P-001219,C0211,2026-01-19,895939,depósito,F-001411
P-001220,C0461,2026-01-19,183000,transferencia,F-001429
P-001221,C0880,2026-01-19,1645092,transferencia,F-001445
P-001222,C0942,2026-01-19,1597801,transferencia,F-001477
P-001223,C0662,2026-01-19,609399,transferencia,F-001493
P-001224,C0997,2026-01-19,315921,transferencia,F-001513
P-001225,C0501,2026-01-19,591085,transferencia,F-001522
P-001226,C1057,2026-01-19,795646,transferencia,F-001535
P-001227,C0901,2026-01-19,1643414,depósito,F-001536
P-001228,C0218,2026-01-19,442918,transferencia,F-001539
P-001229,C0371,2026-01-19,866189,transferencia,F-001541
P-001230,C0863,2026-01-19,249222,transferencia,F-001546
P-001231,C0940,2026-01-19,203573,transferencia,F-001547
P-001232,C0501,2026-01-19,363378,transferencia,F-001558
P-001233,C0863,2026-01-19,323204,transferencia,F-001560
P-001234,C0534,2026-01-19,627511,transferencia,F-001577
P-001235,C0420,2026-01-19,1740637,transferencia,F-001591
P-001236,C0726,2026-01-19,1346152,transferencia,F-001606
P-001237,C0536,2026-01-19,612469,cheque,F-001635
P-001238,C0902,2026-01-19,454044,transferencia,F-001640
P-001239,C0363,2026-01-19,202740,transferencia,F-001694
P-001240,C0312,2026-01-19,1091575,transferencia,F-001746
P-001241,C0841,2026-01-19,1545274,transferencia,F-000907
P-001242,C0586,2026-01-19,1346104,transferencia,F-000909
P-001243,C0376,2026-01-19,806772,cheque,F-000912
P-001244,C0771,2026-01-19,318777,transferencia,F-001131
P-001245,C0917,2026-01-19,703242,transferencia,F-001194
P-001246,C0772,2026-01-19,451557,cheque,F-001215
P-001247,C0345,2026-01-19,1547298,transferencia,F-001258
P-001248,C1141,2026-01-19,241879,transferencia,F-001488
P-001249,C0218,2026-01-19,616670,transferencia,F-001501
P-001250,C0177,2026-01-19,2357593,transferencia,"F-001537, F-001620"
P-001251,C0323,2026-01-19,321859,transferencia,F-001569
P-001252,C0843,2026-01-19,1222892,transferencia,F-001579
P-001253,C1194,2026-01-20,764813,cheque,F-000244
P-001254,C0186,2026-01-20,834614,transferencia,F-000666
P-001255,C0216,2026-01-20,558562,cheque,F-001087
P-001256,C1056,2026-01-20,1259389,transferencia,F-001120
P-001257,C0024,2026-01-20,1211515,depósito,F-001161
P-001258,C1028,2026-01-20,146596,transferencia,F-001174
P-001259,C1199,2026-01-20,1376604,transferencia,F-001197
P-001260,C0140,2026-01-20,571819,transferencia,F-001251
P-001261,C0163,2026-01-20,549530,transferencia,F-001310
P-001262,C0683,2026-01-20,137000,transferencia,F-001318
P-001263,C1109,2026-01-20,709990,cheque,F-001358
P-001264,C0960,2026-01-20,778855,transferencia,F-001391
P-001265,C1009,2026-01-20,539415,transferencia,F-001440
P-001266,C0249,2026-01-20,365068,transferencia,F-001512
P-001267,C0044,2026-01-20,1317425,transferencia,F-001538
P-001268,C0731,2026-01-20,1285402,cheque,F-001559
P-001269,C0798,2026-01-20,2310778,transferencia,F-001565
P-001270,C0972,2026-01-20,219091,transferencia,F-001643
P-001271,C1078,2026-01-20,593620,transferencia,F-000482
P-001272,C0632,2026-01-20,1002848,transferencia,"F-000920, F-000998"
P-001273,C0489,2026-01-21,82174,transferencia,F-000423
P-001274,C1160,2026-01-21,636999,transferencia,F-000915
P-001275,C0506,2026-01-21,283375,transferencia,F-001038
P-001276,C1179,2026-01-21,396901,transferencia,F-001160
P-001277,C0942,2026-01-21,948942,transferencia,F-001464
P-001278,C0315,2026-01-21,897653,depósito,F-001486
P-001279,C0317,2026-01-21,211000,cheque,F-001515
P-001280,C0712,2026-01-21,499740,transferencia,F-001580
P-001281,C0745,2026-01-21,458031,transferencia,F-001604
P-001282,C1038,2026-01-21,202943,transferencia,F-001637
P-001283,C0799,2026-01-21,253422,transferencia,F-001676
P-001284,C0139,2026-01-21,851493,transferencia,F-000868
P-001285,C0620,2026-01-21,843080,transferencia,"F-001101, F-001211"
P-001286,C0677,2026-01-21,1438865,transferencia,F-001350
P-001287,C0156,2026-01-21,1028148,transferencia,F-001545
P-001288,C0850,2026-01-21,1112388,cheque,F-001590
P-001289,C1097,2026-01-21,477749,transferencia,F-001610
P-001290,C1096,2026-01-21,1011417,transferencia,F-001633
P-001291,C1005,2026-01-22,938993,depósito,F-000241
P-001292,C1196,2026-01-22,396210,transferencia,F-000750
P-001293,C0756,2026-01-22,303866,transferencia,F-000758
P-001294,C0566,2026-01-22,227291,transferencia,F-000777
P-001295,C0586,2026-01-22,1393716,transferencia,F-000807
P-001296,C0031,2026-01-22,218968,transferencia,F-000885
P-001297,C0643,2026-01-22,633913,cheque,F-000972
P-001298,C0190,2026-01-22,688094,transferencia,F-001030
P-001299,C0779,2026-01-22,435112,depósito,F-001266
P-001300,C0015,2026-01-22,1131738,transferencia,F-001270
P-001301,C0861,2026-01-22,435802,transferencia,F-001284
P-001302,C0079,2026-01-22,1310178,transferencia,F-001354
P-001303,C0764,2026-01-22,176239,transferencia,F-001392
P-001304,C1031,2026-01-22,755698,transferencia,F-001432
P-001305,C0044,2026-01-22,485044,transferencia,F-001481
P-001306,C0029,2026-01-22,2496394,transferencia,F-001505
P-001307,C0863,2026-01-22,594262,transferencia,F-001599
P-001308,C0651,2026-01-22,535619,transferencia,F-001608
P-001309,C0733,2026-01-22,474953,depósito,F-001612
P-001310,C0734,2026-01-22,451807,transferencia,F-001627
P-001311,C0468,2026-01-22,1714183,transferencia,F-000734
P-001312,C0603,2026-01-22,2735607,depósito,"F-001126, F-001257"
P-001313,C0311,2026-01-22,1752834,transferencia,F-001184
P-001314,C1056,2026-01-22,1565326,transferencia,"F-001225, F-001404"
P-001315,C0969,2026-01-22,1010346,transferencia,F-001279
P-001316,C0520,2026-01-22,879910,transferencia,F-001672
P-001317,C0593,2026-01-23,122000,cheque,F-000472
P-001318,C0417,2026-01-23,1216251,transferencia,F-000744
P-001319,C0145,2026-01-23,460352,transferencia,F-001042
P-001320,C0253,2026-01-23,654107,transferencia,F-001230
P-001321,C0569,2026-01-23,87429,transferencia,F-001237
P-001322,C1000,2026-01-23,741489,depósito,F-001254
P-001323,C0671,2026-01-23,2396898,transferencia,F-001273
P-001324,C0101,2026-01-23,1640796,transferencia,F-001287
P-001325,C0973,2026-01-23,714631,transferencia,F-001550
P-001326,C0003,2026-01-23,311840,transferencia,F-001587
P-001327,C1100,2026-01-23,642993,transferencia,F-001594
P-001328,C1139,2026-01-23,503430,transferencia,F-001605
P-001329,C0249,2026-01-23,343351,transferencia,F-001622
P-001330,C0845,2026-01-23,1201543,transferencia,F-001628
P-001331,C0168,2026-01-23,277163,transferencia,F-001648
P-001332,C0903,2026-01-23,205370,transferencia,F-001653
P-001333,C0379,2026-01-23,578994,transferencia,F-001662
P-001334,C0128,2026-01-23,355453,cheque,F-001682
P-001335,C1175,2026-01-23,701493,transferencia,F-001687
P-001336,C1167,2026-01-23,1884556,transferencia,"F-000946, F-001005"
P-001337,C0227,2026-01-23,988664,depósito,F-001114
P-001338,C0992,2026-01-23,143823,transferencia,F-001149
P-001339,C0669,2026-01-26,698518,transferencia,F-000575
P-001340,C0084,2026-01-26,538737,transferencia,F-000598
P-001341,C0191,2026-01-26,564619,transferencia,F-000636
P-001342,C0325,2026-01-26,473715,depósito,F-000800
P-001343,C0325,2026-01-26,552743,transferencia,F-000834
P-001344,C0998,2026-01-26,377623,cheque,F-000994
P-001345,C0031,2026-01-26,410178,transferencia,F-001008
P-001346,C0961,2026-01-26,606000,transferencia,F-001053
P-001347,C0632,2026-01-26,612945,transferencia,F-001073
P-001348,C0494,2026-01-26,1356302,transferencia,F-001271
P-001349,C0664,2026-01-26,4291080,transferencia,F-001274
P-001350,C0794,2026-01-26,572402,transferencia,F-001302
P-001351,C0848,2026-01-26,2616524,cheque,F-001332
P-001352,C1178,2026-01-26,897807,transferencia,F-001334
P-001353,C0671,2026-01-26,417369,transferencia,F-001338
P-001354,C0439,2026-01-26,753330,transferencia,F-001375
P-001355,C0461,2026-01-26,591000,transferencia,F-001420
P-001356,C0507,2026-01-26,1281832,transferencia,F-001438
P-001357,C0573,2026-01-26,495409,transferencia,F-001474
P-001358,C1190,2026-01-26,700577,transferencia,F-001494
P-001359,C0764,2026-01-26,803202,depósito,F-001496
P-001360,C0813,2026-01-26,624143,transferencia,F-001511
P-001361,C0960,2026-01-26,962127,cheque,F-001519
P-001362,C0809,2026-01-26,524540,transferencia,F-001540
P-001363,C0530,2026-01-26,165898,transferencia,F-001557
P-001364,C0829,2026-01-26,870818,transferencia,F-001575
P-001365,C0278,2026-01-26,728601,transferencia,F-001597
P-001366,C0249,2026-01-26,758244,transferencia,F-001615
P-001367,C0526,2026-01-26,374457,cheque,F-001645
P-001368,C0249,2026-01-26,926820,transferencia,F-001654
P-001369,C1121,2026-01-26,786888,transferencia,F-001656
P-001370,C0631,2026-01-26,240630,transferencia,F-001667
P-001371,C1080,2026-01-26,312387,transferencia,F-001674
P-001372,C0394,2026-01-26,209357,depósito,F-001680
P-001373,C0610,2026-01-26,245438,transferencia,F-001724
P-001374,C0566,2026-01-26,488000,depósito,F-001737
P-001375,C0394,2026-01-26,395627,transferencia,F-001740
P-001376,C1070,2026-01-26,275199,transferencia,F-001744
P-001377,C0471,2026-01-26,2733347,transferencia,F-001764
P-001378,C0388,2026-01-26,4745910,transferencia,F-001774
P-001379,C0248,2026-01-26,187604,transferencia,F-001113
P-001380,C0841,2026-01-26,241284,transferencia,F-001140
P-001381,C0632,2026-01-26,706551,transferencia,F-001201
P-001382,C0163,2026-01-26,3716537,transferencia,F-001395
P-001383,C0418,2026-01-26,948668,depósito,F-001409
P-001384,C0379,2026-01-26,257528,transferencia,F-001543
P-001385,C0843,2026-01-26,359856,transferencia,F-001621
P-001386,C0631,2026-01-26,454425,transferencia,F-001634
P-001387,C0420,2026-01-26,1026316,transferencia,F-001646
P-001388,C0746,2026-01-26,594500,transferencia,F-001701
P-001389,C0177,2026-01-26,370697,transferencia,F-001802
P-001390,C0805,2026-01-26,2327818,transferencia,F-001809
P-001391,C0102,2026-01-27,349003,transferencia,F-000747
P-001392,C1196,2026-01-27,2082417,transferencia,F-000759
P-001393,C1078,2026-01-27,562680,transferencia,F-000960
P-001394,C0632,2026-01-27,1634786,transferencia,F-001065
P-001395,C0593,2026-01-27,379000,transferencia,F-001099
P-001396,C0186,2026-01-27,198000,transferencia,F-001223
P-001397,C0906,2026-01-27,705000,transferencia,F-001283
P-001398,C0502,2026-01-27,116492,transferencia,F-001317
P-001399,C0292,2026-01-27,619942,transferencia,F-001341
P-001400,C0934,2026-01-27,505798,transferencia,F-001427
P-001401,C0115,2026-01-27,462494,transferencia,F-001443
P-001402,C0915,2026-01-27,267774,depósito,F-001491
P-001403,C0186,2026-01-27,228000,transferencia,F-001524
P-001404,C0651,2026-01-27,1166950,transferencia,F-001675
P-001405,C0103,2026-01-27,3807952,transferencia,F-001703
P-001406,C0550,2026-01-27,506083,transferencia,F-001734
P-001407,C0249,2026-01-27,268892,transferencia,F-007007
P-001408,C0468,2026-01-27,801417,transferencia,"F-000796, F-000813"
P-001409,C0507,2026-01-27,946276,transferencia,F-001449
P-001410,C0906,2026-01-28,110506,transferencia,F-000418
P-001411,C0376,2026-01-28,749164,transferencia,F-001170
P-001412,C0063,2026-01-28,692000,transferencia,F-001239
P-001413,C1033,2026-01-28,920358,transferencia,F-001303
P-001414,C0193,2026-01-28,20000,transferencia,F-001416
P-001415,C0245,2026-01-28,1666333,transferencia,F-001455
P-001416,C0187,2026-01-28,3377946,transferencia,F-001619
P-001417,C0737,2026-01-28,565702,depósito,F-001642
P-001418,C0249,2026-01-28,994495,transferencia,F-001659
P-001419,C1101,2026-01-28,164375,transferencia,F-001697
P-001420,C0595,2026-01-28,396318,cheque,F-001727
P-001421,C1152,2026-01-28,348396,transferencia,F-001305
P-001422,C0806,2026-01-28,565774,transferencia,F-001348
P-001423,C0934,2026-01-28,281530,transferencia,F-001454
P-001424,C0156,2026-01-28,1576750,depósito,"F-001602, F-001719"
P-001425,C0701,2026-01-28,340376,transferencia,F-001712
P-001426,C1036,2026-01-29,388961,transferencia,F-000779
P-001427,C0906,2026-01-29,359311,cheque,F-001079
P-001428,C0008,2026-01-29,1407853,depósito,F-001147
P-001429,C0376,2026-01-29,925630,transferencia,F-001156
P-001430,C0382,2026-01-29,1814012,transferencia,F-001314
P-001431,C0150,2026-01-29,535000,transferencia,F-001450
P-001432,C0683,2026-01-29,419000,transferencia,F-001459
P-001433,C0047,2026-01-29,710763,transferencia,F-001520
P-001434,C0249,2026-01-29,1968308,transferencia,F-001661
P-001435,C0263,2026-01-29,414953,cheque,F-001684
P-001436,C0394,2026-01-29,652215,cheque,F-001708
P-001437,C0763,2026-01-29,1224891,transferencia,F-001728
P-001438,C0095,2026-01-29,1590256,transferencia,F-001747
P-001439,C0176,2026-01-29,1805539,cheque,F-001748
P-001440,C0940,2026-01-29,509296,transferencia,F-001759
P-001441,C0534,2026-01-29,347135,transferencia,F-001806
P-001442,C0919,2026-01-29,464148,transferencia,F-001814
P-001443,C1167,2026-01-29,263335,transferencia,F-001111
P-001444,C0747,2026-01-29,758875,transferencia,F-001200
P-001445,C0274,2026-01-29,589562,transferencia,F-001399
P-001446,C0992,2026-01-29,1761188,transferencia,F-001467
P-001447,C0447,2026-01-29,215200,cheque,F-001666
P-001448,C0993,2026-01-29,1185073,transferencia,F-001729
P-001449,C0822,2026-01-29,1242646,transferencia,F-001824
P-001450,C1080,2026-01-29,738562,transferencia,F-001886
P-001451,C0914,2026-01-30,1094705,transferencia,F-000729
P-001452,C1194,2026-01-30,694508,depósito,F-001169
P-001453,C0449,2026-01-30,297488,transferencia,F-001323
P-001454,C0332,2026-01-30,1466758,transferencia,F-001343
P-001455,C0427,2026-01-30,422213,depósito,F-001451
P-001456,C0508,2026-01-30,292133,transferencia,F-001499
P-001457,C0771,2026-01-30,1311939,depósito,F-001582
P-001458,C0123,2026-01-30,1460773,transferencia,F-001677
P-001459,C0249,2026-01-30,1961941,transferencia,F-001699
P-001460,C0778,2026-01-30,1313927,transferencia,F-001711
P-001461,C0194,2026-01-30,1589709,transferencia,F-001723
P-001462,C0588,2026-01-30,496444,transferencia,F-001731
P-001463,C0946,2026-01-30,58393,transferencia,F-001735
P-001464,C1039,2026-01-30,220000,transferencia,F-001758
P-001465,C0249,2026-01-30,291538,transferencia,F-001763
P-001466,C0826,2026-01-30,933103,transferencia,F-001772
P-001467,C0326,2026-01-30,353370,transferencia,F-001779
P-001468,C0986,2026-01-30,416774,transferencia,F-001785
P-001469,C0375,2026-01-30,298500,transferencia,F-001800
P-001470,C0974,2026-01-30,374267,transferencia,F-001887
P-001471,C1078,2026-01-30,1778693,transferencia,F-000735
P-001472,C0958,2026-01-30,2391745,transferencia,"F-000830, F-000869"
P-001473,C0227,2026-01-30,184117,transferencia,F-001032
P-001474,C1195,2026-01-30,863440,cheque,F-001319
P-001475,C0688,2026-01-30,1097002,transferencia,F-001523
P-001476,C0771,2026-01-30,2330270,transferencia,F-001589
P-001477,C1158,2026-01-30,513640,transferencia,F-001757
P-001478,C0593,2026-02-02,112496,depósito,F-000229
P-001479,C0293,2026-02-02,227266,transferencia,F-000330
P-001480,C0926,2026-02-02,94000,depósito,F-000614
P-001481,C0958,2026-02-02,152558,depósito,F-000837
P-001482,C1196,2026-02-02,653417,transferencia,F-000851
P-001483,C0468,2026-02-02,371625,transferencia,F-000956
P-001484,C0593,2026-02-02,233169,transferencia,F-001017
P-001485,C1167,2026-02-02,362260,transferencia,F-001086
P-001486,C0906,2026-02-02,624000,transferencia,F-001153
P-001487,C0427,2026-02-02,882000,transferencia,F-001163
P-001488,C0841,2026-02-02,431006,depósito,F-001173
P-001489,C0227,2026-02-02,158032,transferencia,F-001260
P-001490,C0841,2026-02-02,494005,transferencia,F-001282
P-001491,C0012,2026-02-02,1193832,transferencia,F-001326
P-001492,C1115,2026-02-02,873746,transferencia,F-001328
P-001493,C0242,2026-02-02,339340,transferencia,F-001363
P-001494,C0031,2026-02-02,241740,transferencia,F-001369
P-001495,C1104,2026-02-02,1016617,cheque,F-001414
P-001496,C1031,2026-02-02,470312,transferencia,F-001418
P-001497,C1117,2026-02-02,1174780,transferencia,F-001452
P-001498,C0140,2026-02-02,566202,transferencia,F-001483
P-001499,C0960,2026-02-02,1150028,transferencia,F-001485
P-001500,C0671,2026-02-02,1144221,depósito,F-001506
P-001501,C1195,2026-02-02,1224094,transferencia,F-001534
P-001502,C0319,2026-02-02,688558,depósito,F-001592
P-001503,C0606,2026-02-02,147667,transferencia,F-001600
P-001504,C0530,2026-02-02,2609432,transferencia,F-001614
P-001505,C0529,2026-02-02,445643,cheque,F-001664
P-001506,C0249,2026-02-02,238750,transferencia,F-001681
P-001507,C0315,2026-02-02,152808,transferencia,F-001695
P-001508,C0262,2026-02-02,156000,depósito,F-001736
P-001509,C0300,2026-02-02,282922,cheque,F-001742
P-001510,C0019,2026-02-02,598463,transferencia,F-001762
P-001511,C0617,2026-02-02,1842989,depósito,F-001776
P-001512,C1158,2026-02-02,3706802,transferencia,F-001789
P-001513,C0712,2026-02-02,971361,transferencia,F-001794
P-001514,C0315,2026-02-02,507345,transferencia,F-001804
P-001515,C0075,2026-02-02,174632,transferencia,F-001819
P-001516,C1158,2026-02-02,145823,transferencia,F-001826
P-001517,C0006,2026-02-02,1111162,transferencia,F-001846
P-001518,C0156,2026-02-02,261217,transferencia,F-001852
P-001519,C0393,2026-02-02,2456434,transferencia,F-001854
P-001520,C0352,2026-02-02,522232,transferencia,F-001902
P-001521,C0122,2026-02-02,854836,transferencia,F-001915
P-001522,C0733,2026-02-02,668447,transferencia,F-001917
P-001523,C0700,2026-02-02,228254,transferencia,F-001918
P-001524,C0653,2026-02-02,388975,transferencia,F-000647
P-001525,C0586,2026-02-02,729637,transferencia,F-001150
P-001526,C0747,2026-02-02,368531,transferencia,F-001164
P-001527,C0632,2026-02-02,1429190,transferencia,"F-001166, F-001289"
P-001528,C0376,2026-02-02,2638599,transferencia,"F-001240, F-001242"
P-001529,C1117,2026-02-02,399447,transferencia,F-001349
P-001530,C1195,2026-02-02,1532494,transferencia,F-001376
P-001531,C0688,2026-02-02,434362,transferencia,F-001419
P-001532,C0216,2026-02-02,489674,transferencia,F-001507
P-001533,C0245,2026-02-02,425163,transferencia,F-001570
P-001534,C0507,2026-02-02,468908,transferencia,F-001585
P-001535,C0761,2026-02-02,295013,transferencia,F-001754
P-001536,C0726,2026-02-02,307722,transferencia,F-001868
P-001537,C1109,2026-02-03,64260,transferencia,F-001425
P-001538,C0755,2026-02-03,267679,cheque,F-001548
P-001539,C0496,2026-02-03,652608,transferencia,F-001651
P-001540,C0599,2026-02-03,400126,transferencia,F-001706
P-001541,C0023,2026-02-03,280316,transferencia,F-001771
P-001542,C0211,2026-02-03,1254665,transferencia,F-001782
P-001543,C0536,2026-02-03,2599020,transferencia,F-001879
P-001544,C0882,2026-02-03,1494890,transferencia,F-001935
P-001545,C0986,2026-02-03,1194962,transferencia,F-001938
P-001546,C1158,2026-02-03,583992,cheque,F-001957
P-001547,C0064,2026-02-03,6485976,transferencia,F-001980
P-001548,C0468,2026-02-03,1351519,transferencia,F-000882
P-001549,C0958,2026-02-03,438325,transferencia,F-001048
P-001550,C0127,2026-02-03,1429916,transferencia,F-001381
P-001551,C0770,2026-02-03,845543,transferencia,"F-001713, F-001796"
P-001552,C0520,2026-02-03,1545298,transferencia,F-001881
P-001553,C0783,2026-02-03,1265065,transferencia,F-001890
P-001554,C0593,2026-02-04,74177,transferencia,F-000472
P-001555,C0736,2026-02-04,125150,transferencia,F-000908
P-001556,C0035,2026-02-04,210000,transferencia,F-001088
P-001557,C0906,2026-02-04,774000,transferencia,F-001206
P-001558,C0683,2026-02-04,355000,transferencia,F-001318
P-001559,C0519,2026-02-04,472632,transferencia,F-001353
P-001560,C0319,2026-02-04,985879,transferencia,F-001503
P-001561,C0961,2026-02-04,72000,transferencia,F-001555
P-001562,C0124,2026-02-04,941909,depósito,F-001726
P-001563,C0296,2026-02-04,287040,transferencia,F-001818
P-001564,C0011,2026-02-04,253042,cheque,F-001834
P-001565,C0520,2026-02-04,1678055,transferencia,F-001875
P-001566,C0708,2026-02-04,1067144,transferencia,F-001882
P-001567,C1009,2026-02-04,2383284,transferencia,F-001883
P-001568,C0375,2026-02-04,232740,depósito,F-001894
P-001569,C0754,2026-02-04,2226478,transferencia,"F-000880, F-000965"
P-001570,C1077,2026-02-04,740561,transferencia,F-001778
P-001571,C0119,2026-02-04,343482,depósito,F-001865
P-001572,C0926,2026-02-05,82000,transferencia,F-001342
P-001573,C0226,2026-02-05,1305549,transferencia,F-001482
P-001574,C0345,2026-02-05,341197,transferencia,F-001679
P-001575,C0218,2026-02-05,1830172,transferencia,F-001767
P-001576,C1040,2026-02-05,741882,transferencia,F-001815
P-001577,C0935,2026-02-05,179571,cheque,F-001867
P-001578,C0993,2026-02-05,490542,transferencia,F-001937
P-001579,C0631,2026-02-05,274033,depósito,F-001945
P-001580,C0388,2026-02-05,512902,depósito,F-001951
P-001581,C1121,2026-02-05,205406,transferencia,F-001965
P-001582,C0770,2026-02-05,572926,transferencia,F-001974
P-001583,C0003,2026-02-05,586610,transferencia,F-001977
P-001584,C0377,2026-02-05,238524,transferencia,F-002029
P-001585,C0181,2026-02-05,550756,transferencia,F-002049
P-001586,C0677,2026-02-05,362426,transferencia,F-001489
P-001587,C0310,2026-02-05,1032004,transferencia,F-001660
P-001588,C0798,2026-02-05,252982,transferencia,F-001897
P-001589,C0379,2026-02-05,429876,transferencia,F-001958
P-001590,C0919,2026-02-05,263133,transferencia,F-001968
P-001591,C0775,2026-02-06,141459,transferencia,F-000820
P-001592,C0325,2026-02-06,2368552,transferencia,F-000962
P-001593,C0915,2026-02-06,768383,transferencia,F-001064
P-001594,C0961,2026-02-06,121723,transferencia,F-001132
P-001595,C0023,2026-02-06,136587,transferencia,F-001203
P-001596,C0784,2026-02-06,284243,transferencia,F-001221
P-001597,C0906,2026-02-06,189377,transferencia,F-001298
P-001598,C0190,2026-02-06,1432617,transferencia,F-001359
P-001599,C1039,2026-02-06,1613000,transferencia,F-001380
P-001600,C0647,2026-02-06,642017,transferencia,F-001571
P-001601,C0969,2026-02-06,572069,transferencia,F-001586
P-001602,C0479,2026-02-06,347587,transferencia,F-001709
P-001603,C1064,2026-02-06,741000,transferencia,F-001761
P-001604,C0502,2026-02-06,154402,transferencia,F-001836
P-001605,C0249,2026-02-06,336996,transferencia,F-001857
P-001606,C0265,2026-02-06,388023,transferencia,F-001873
P-001607,C0592,2026-02-06,161995,cheque,F-001896
P-001608,C0249,2026-02-06,1221226,transferencia,F-001906
P-001609,C0617,2026-02-06,706015,transferencia,F-001909
P-001610,C0032,2026-02-06,1065954,transferencia,F-001976
P-001611,C1078,2026-02-06,4113532,transferencia,"F-000958, F-001014"
P-001612,C0274,2026-02-06,498217,transferencia,F-001732
P-001613,C0958,2026-02-09,568415,transferencia,F-001004
P-001614,C0961,2026-02-09,1725436,transferencia,F-001053
P-001615,C0139,2026-02-09,869700,transferencia,F-001168
P-001616,C0586,2026-02-09,381835,transferencia,F-001243
P-001617,C0906,2026-02-09,288385,transferencia,F-001246
P-001618,C0643,2026-02-09,460756,depósito,F-001250
P-001619,C0090,2026-02-09,145000,cheque,F-001277
P-001620,C0227,2026-02-09,777606,transferencia,F-001306
P-001621,C0906,2026-02-09,187020,transferencia,F-001316
P-001622,C0632,2026-02-09,1993536,transferencia,F-001422
P-001623,C0461,2026-02-09,232191,transferencia,F-001429
P-001624,C0376,2026-02-09,1856757,transferencia,F-001433
P-001625,C0167,2026-02-09,228706,transferencia,F-001475
P-001626,C0741,2026-02-09,2143261,transferencia,F-001502
P-001627,C0507,2026-02-09,2076134,transferencia,F-001517
P-001628,C0569,2026-02-09,3712860,transferencia,F-001527
P-001629,C0274,2026-02-09,1169389,transferencia,F-001533
P-001630,C0813,2026-02-09,499812,transferencia,F-001564
P-001631,C1115,2026-02-09,826503,depósito,F-001583
P-001632,C0659,2026-02-09,1171000,transferencia,F-001743
P-001633,C0249,2026-02-09,1811073,cheque,F-001769
P-001634,C0684,2026-02-09,473763,transferencia,F-001851
P-001635,C0090,2026-02-09,125000,transferencia,F-001870
P-001636,C1184,2026-02-09,1199794,transferencia,F-001901
P-001637,C0180,2026-02-09,189270,cheque,F-001907
P-001638,C0842,2026-02-09,183796,transferencia,F-001911
P-001639,C0872,2026-02-09,579006,transferencia,F-001914
P-001640,C1012,2026-02-09,520375,transferencia,F-001923
P-001641,C0501,2026-02-09,1051472,transferencia,F-001924
P-001642,C0290,2026-02-09,512569,cheque,F-001932
P-001643,C0326,2026-02-09,1236660,transferencia,F-001933
P-001644,C0949,2026-02-09,2446533,transferencia,F-001940
P-001645,C0109,2026-02-09,1791414,transferencia,F-001963
P-001646,C0108,2026-02-09,170325,transferencia,F-001966
P-001647,C0700,2026-02-09,290443,transferencia,F-001967
P-001648,C0067,2026-02-09,271046,depósito,F-001984
P-001649,C1144,2026-02-09,226160,transferencia,F-002016
P-001650,C1147,2026-02-09,178393,transferencia,F-002032
P-001651,C0844,2026-02-09,190924,cheque,F-002038
P-001652,C0986,2026-02-09,286040,depósito,F-002040
P-001653,C0520,2026-02-09,402874,transferencia,F-002054
P-001654,C0993,2026-02-09,2010862,transferencia,F-002073
P-001655,C0653,2026-02-09,1044796,transferencia,F-000987
P-001656,C0958,2026-02-09,515008,transferencia,F-001102
P-001657,C1167,2026-02-09,289456,transferencia,F-001228
P-001658,C0248,2026-02-09,1075855,transferencia,F-001362
P-001659,C0586,2026-02-09,449118,transferencia,F-001465
P-001660,C0311,2026-02-09,133173,transferencia,F-001641
P-001661,C0677,2026-02-09,786435,transferencia,F-001658
P-001662,C0771,2026-02-09,363581,transferencia,F-001670
P-001663,C0310,2026-02-09,333105,transferencia,F-001685
P-001664,C1096,2026-02-09,312423,depósito,F-001912
P-001665,C1037,2026-02-09,1112364,transferencia,F-001934
P-001666,C0323,2026-02-09,2197347,transferencia,F-001959
P-001667,C0379,2026-02-09,976859,transferencia,F-001978
P-001668,C0119,2026-02-09,1395941,transferencia,F-002076
P-001669,C0058,2026-02-10,1559876,transferencia,F-001123
P-001670,C0593,2026-02-10,307000,transferencia,F-001309
P-001671,C0309,2026-02-10,1441887,cheque,F-001508
P-001672,C0283,2026-02-10,504441,transferencia,F-001625
P-001673,C0140,2026-02-10,214283,transferencia,F-001668
P-001674,C1152,2026-02-10,312577,transferencia,F-001678
P-001675,C0074,2026-02-10,1702938,transferencia,F-001738
P-001676,C0074,2026-02-10,499491,transferencia,F-001751
P-001677,C0211,2026-02-10,1835658,transferencia,F-001786
P-001678,C0996,2026-02-10,813722,transferencia,F-001898
P-001679,C0249,2026-02-10,294311,transferencia,F-001970
P-001680,C0580,2026-02-10,1456441,transferencia,F-002011
P-001681,C0308,2026-02-10,464112,transferencia,F-002037
P-001682,C0754,2026-02-10,524076,depósito,F-001145
P-001683,C0163,2026-02-10,45375,transferencia,F-001788
P-001684,C1154,2026-02-11,516091,transferencia,F-000954
P-001685,C0186,2026-02-11,350600,transferencia,F-001223
P-001686,C1075,2026-02-11,3024028,cheque,F-001457
P-001687,C0456,2026-02-11,980536,transferencia,F-001567
P-001688,C0956,2026-02-11,418333,transferencia,F-001603
P-001689,C0947,2026-02-11,283922,transferencia,F-001688
P-001690,C1060,2026-02-11,1349603,transferencia,F-001808
P-001691,C0452,2026-02-11,453057,cheque,F-001939
P-001692,C0273,2026-02-11,1504600,transferencia,F-001994
P-001693,C0534,2026-02-11,244402,transferencia,F-002045
P-001694,C0276,2026-02-11,513354,transferencia,F-002067
P-001695,C0319,2026-02-11,1325529,transferencia,F-001480
P-001696,C1054,2026-02-11,1142805,transferencia,"F-001632, F-001690"
P-001697,C0345,2026-02-11,794266,transferencia,F-001652
P-001698,C0507,2026-02-11,2812184,transferencia,F-001665
P-001699,C0896,2026-02-11,1282701,transferencia,F-001753
P-001700,C0701,2026-02-11,338258,depósito,F-002013
P-001701,C0746,2026-02-11,274747,transferencia,F-002039
P-001702,C1089,2026-02-12,2857464,cheque,F-000103
P-001703,C0452,2026-02-12,1224022,depósito,F-000491
P-001704,C0754,2026-02-12,448344,transferencia,F-001084
P-001705,C0633,2026-02-12,229146,transferencia,F-001094
P-001706,C0593,2026-02-12,524000,transferencia,F-001220
P-001707,C0227,2026-02-12,731196,transferencia,F-001327
P-001708,C0228,2026-02-12,184000,transferencia,F-001347
P-001709,C0267,2026-02-12,886717,transferencia,F-001549
P-001710,C0309,2026-02-12,1377020,transferencia,F-001613
P-001711,C0222,2026-02-12,2608706,depósito,F-001721
P-001712,C0566,2026-02-12,587000,transferencia,F-001737
P-001713,C1102,2026-02-12,2874647,transferencia,F-001781
P-001714,C0894,2026-02-12,101000,cheque,F-001840
P-001715,C0909,2026-02-12,340638,transferencia,F-001931
P-001716,C1008,2026-02-12,472823,transferencia,F-002014
P-001717,C0701,2026-02-12,468241,transferencia,F-002015
P-001718,C1184,2026-02-12,1909545,transferencia,F-002019
P-001719,C0394,2026-02-12,432077,transferencia,F-002075
P-001720,C0612,2026-02-12,832584,transferencia,F-002101
P-001721,C0216,2026-02-12,3027086,transferencia,"F-001439, F-001716"
P-001722,C0376,2026-02-12,242522,transferencia,F-001469
P-001723,C0747,2026-02-12,1136141,transferencia,"F-001479, F-001531"
P-001724,C0274,2026-02-12,3106126,transferencia,"F-001516, F-001801"
P-001725,C0313,2026-02-12,179012,transferencia,F-001838
P-001726,C1141,2026-02-12,782342,transferencia,F-001979
P-001727,C1097,2026-02-12,283232,depósito,F-002006
P-001728,C0554,2026-02-12,930509,transferencia,F-002144
P-001729,C0317,2026-02-13,43000,transferencia,F-001515
P-001730,C0906,2026-02-13,158080,depósito,F-001528
P-001731,C0896,2026-02-13,129520,cheque,F-001718
P-001732,C0102,2026-02-13,703361,cheque,F-001791
P-001733,C0257,2026-02-13,219000,transferencia,F-001813
P-001734,C0860,2026-02-13,875293,transferencia,F-001866
P-001735,C0682,2026-02-13,1127573,transferencia,F-001960
P-001736,C0556,2026-02-13,1310868,depósito,F-001992
P-001737,C0637,2026-02-13,1234030,transferencia,F-002009
P-001738,C0502,2026-02-13,243000,transferencia,F-002034
P-001739,C1034,2026-02-13,393176,transferencia,F-002057
P-001740,C0972,2026-02-13,1291816,transferencia,F-002070
P-001741,C0450,2026-02-13,741072,transferencia,F-002100
P-001742,C0783,2026-02-13,552315,transferencia,F-002133
P-001743,C1078,2026-02-13,2221123,cheque,"F-001056, F-001059, F-001091"
P-001744,C0468,2026-02-13,690033,transferencia,F-001090
P-001745,C0772,2026-02-13,217603,depósito,F-001581
P-001746,C0127,2026-02-13,1242051,transferencia,F-001657
P-001747,C0797,2026-02-16,303164,transferencia,F-001025
P-001748,C1078,2026-02-16,597440,transferencia,F-001128
P-001749,C0906,2026-02-16,281000,transferencia,F-001153
P-001750,C0427,2026-02-16,323906,transferencia,F-001163
P-001751,C0958,2026-02-16,1910259,transferencia,F-001180
P-001752,C1196,2026-02-16,661426,transferencia,F-001186
P-001753,C0063,2026-02-16,416498,transferencia,F-001239
P-001754,C0831,2026-02-16,1371618,transferencia,F-001292
P-001755,C0926,2026-02-16,204000,transferencia,F-001342
P-001756,C0193,2026-02-16,208741,transferencia,F-001416
P-001757,C0963,2026-02-16,493564,transferencia,F-001518
P-001758,C0124,2026-02-16,482616,transferencia,F-001542
P-001759,C0047,2026-02-16,398305,depósito,F-001573
P-001760,C0474,2026-02-16,241915,transferencia,F-001607
P-001761,C0786,2026-02-16,758363,transferencia,F-001673
P-001762,C0507,2026-02-16,534988,transferencia,F-001696
P-001763,C0721,2026-02-16,375493,transferencia,F-001698
P-001764,C0029,2026-02-16,476000,transferencia,F-001700
P-001765,C0785,2026-02-16,869224,transferencia,F-001720
P-001766,C0150,2026-02-16,1017034,transferencia,F-001722
P-001767,C0548,2026-02-16,267774,transferencia,F-001777
P-001768,C0963,2026-02-16,704575,depósito,F-001783
P-001769,C0313,2026-02-16,380764,transferencia,F-001795
P-001770,C0354,2026-02-16,2043290,depósito,F-001816
P-001771,C0138,2026-02-16,200979,transferencia,F-001828
P-001772,C0718,2026-02-16,13009651,depósito,F-002025
P-001773,C0047,2026-02-16,1077081,transferencia,F-002027
P-001774,C0919,2026-02-16,766634,depósito,F-002059
P-001775,C0931,2026-02-16,580863,transferencia,F-002061
P-001776,C1093,2026-02-16,305675,cheque,F-002099
P-001777,C0899,2026-02-16,361582,transferencia,F-002103
P-001778,C0203,2026-02-16,646206,transferencia,F-002108
P-001779,C0028,2026-02-16,570391,cheque,F-002117
P-001780,C0534,2026-02-16,456555,transferencia,F-002118
P-001781,C0326,2026-02-16,459923,transferencia,F-002122
P-001782,C0031,2026-02-16,85000,transferencia,F-002138
P-001783,C0205,2026-02-16,605829,transferencia,F-002187
P-001784,C0651,2026-02-16,234882,transferencia,F-002206
P-001785,C0822,2026-02-16,488840,transferencia,F-002216
P-001786,C0958,2026-02-16,1279179,transferencia,F-001142
P-001787,C0227,2026-02-16,704099,transferencia,F-001296
P-001788,C1054,2026-02-16,722520,transferencia,F-001702
P-001789,C0382,2026-02-16,1911687,transferencia,F-001770
P-001790,C0310,2026-02-16,571450,cheque,F-001820
P-001791,C0771,2026-02-16,432922,transferencia,F-001837
P-001792,C1195,2026-02-16,2482340,transferencia,F-001855
P-001793,C0726,2026-02-16,2942239,transferencia,F-002090
P-001794,C0457,2026-02-16,992662,transferencia,F-002127
P-001795,C0993,2026-02-16,5605995,transferencia,F-002131
P-001796,C0323,2026-02-16,680954,depósito,F-002132
P-001797,C0822,2026-02-16,805463,transferencia,F-002167
P-001798,C0076,2026-02-17,399424,transferencia,F-001410
P-001799,C0461,2026-02-17,182000,cheque,F-001420
P-001800,C0227,2026-02-17,678978,transferencia,F-001492
P-001801,C0403,2026-02-17,1706186,transferencia,F-001596
P-001802,C0370,2026-02-17,1000171,transferencia,F-001639
P-001803,C0961,2026-02-17,228000,cheque,F-001663
P-001804,C0737,2026-02-17,1017664,transferencia,F-001714
P-001805,C0027,2026-02-17,333878,transferencia,F-001715
P-001806,C0806,2026-02-17,1251951,transferencia,F-001750
P-001807,C1195,2026-02-17,2031984,transferencia,F-001756
P-001808,C0401,2026-02-17,1260603,transferencia,F-001842
P-001809,C0927,2026-02-17,3749154,transferencia,F-001893
P-001810,C0403,2026-02-17,2701145,transferencia,F-002042
P-001811,C0860,2026-02-17,2089830,transferencia,F-002043
P-001812,C1092,2026-02-17,2989578,depósito,F-002081
P-001813,C0156,2026-02-17,1353292,depósito,F-002089
P-001814,C0374,2026-02-17,1222154,transferencia,F-002156
P-001815,C0980,2026-02-17,4242267,depósito,F-002159
P-001816,C0855,2026-02-17,276604,transferencia,F-002168
P-001817,C1064,2026-02-17,155000,depósito,F-002176
P-001818,C1146,2026-02-17,1021306,transferencia,F-002201
P-001819,C0376,2026-02-17,528717,transferencia,F-001525
P-001820,C0218,2026-02-17,975122,transferencia,F-002078
P-001821,C1141,2026-02-17,427567,transferencia,F-002129
P-001822,C0119,2026-02-17,1218786,cheque,F-002181
P-001823,C1039,2026-02-18,659348,transferencia,F-001380
P-001824,C0832,2026-02-18,4057543,transferencia,F-001471
P-001825,C0301,2026-02-18,88810,transferencia,F-001562
P-001826,C0417,2026-02-18,632306,cheque,F-001649
P-001827,C0683,2026-02-18,458000,transferencia,F-001920
P-001828,C0245,2026-02-18,1156133,transferencia,F-001930
P-001829,C0492,2026-02-18,364997,depósito,F-002110
P-001830,C0440,2026-02-18,711061,transferencia,F-002123
P-001831,C0116,2026-02-18,689879,transferencia,F-002125
P-001832,C0218,2026-02-18,820493,transferencia,F-002137
P-001833,C0631,2026-02-18,959973,transferencia,F-002148
P-001834,C1081,2026-02-18,6858791,transferencia,F-002183
P-001835,C1057,2026-02-18,737800,transferencia,F-002190
P-001836,C0507,2026-02-18,3518461,depósito,"F-001669, F-001807, F-001878, F-001944"
P-001837,C0140,2026-02-18,1420811,transferencia,"F-001717, F-001768, F-001872"
P-001838,C1101,2026-02-18,179773,transferencia,F-002066
P-001839,C0722,2026-02-18,149262,transferencia,F-002111
P-001840,C0090,2026-02-19,398378,transferencia,F-001277
P-001841,C0961,2026-02-19,123000,cheque,F-001555
P-001842,C1109,2026-02-19,2087010,transferencia,F-001578
P-001843,C1039,2026-02-19,380176,transferencia,F-001758
P-001844,C0688,2026-02-19,1162309,transferencia,F-001765
P-001845,C0507,2026-02-19,682965,transferencia,F-001787
P-001846,C0079,2026-02-19,474834,depósito,F-001832
P-001847,C0186,2026-02-19,244000,transferencia,F-001964
P-001848,C0443,2026-02-19,194708,transferencia,F-002031
P-001849,C0510,2026-02-19,286183,transferencia,F-002107
P-001850,C0763,2026-02-19,396246,transferencia,F-002113
P-001851,C0377,2026-02-19,172145,transferencia,F-002126
P-001852,C0852,2026-02-19,850481,cheque,F-002141
P-001853,C1146,2026-02-19,1929228,cheque,F-002152
P-001854,C0374,2026-02-19,668375,cheque,F-002153
P-001855,C0437,2026-02-19,625012,transferencia,F-002157
P-001856,C0137,2026-02-19,129139,transferencia,F-002218
P-001857,C0249,2026-02-19,1992143,transferencia,F-007004
P-001858,C0632,2026-02-19,1039906,transferencia,"F-001390, F-001588"
P-001859,C0939,2026-02-19,576174,transferencia,F-001910
P-001860,C0177,2026-02-19,2628079,transferencia,"F-002094, F-002193"
P-001861,C0525,2026-02-19,1269087,transferencia,F-002224
P-001862,C1078,2026-02-20,293823,transferencia,F-001259
P-001863,C0906,2026-02-20,204862,transferencia,F-001283
P-001864,C0186,2026-02-20,148000,transferencia,F-001524
P-001865,C0026,2026-02-20,3415014,transferencia,F-001862
P-001866,C0074,2026-02-20,98020,transferencia,F-001869
P-001867,C0324,2026-02-20,2817860,cheque,F-001899
P-001868,C0794,2026-02-20,454723,transferencia,F-001903
P-001869,C1199,2026-02-20,1227497,transferencia,F-002041
P-001870,C0857,2026-02-20,748665,transferencia,F-002171
P-001871,C0735,2026-02-20,997351,transferencia,F-002177
P-001872,C0935,2026-02-20,2035150,transferencia,F-002207
P-001873,C0297,2026-02-20,64617,depósito,F-002214
P-001874,C0388,2026-02-20,1339107,transferencia,F-002331
P-001875,C1196,2026-02-20,307984,transferencia,F-001148
P-001876,C1078,2026-02-20,415905,transferencia,"F-001199, F-001238"
P-001877,C0841,2026-02-20,273557,transferencia,F-001553
P-001878,C1099,2026-02-20,865654,transferencia,F-002182
P-001879,C0798,2026-02-20,1711565,depósito,F-002186
P-001880,C1062,2026-02-23,335640,transferencia,F-000856
P-001881,C0784,2026-02-23,807950,transferencia,F-000902
P-001882,C0256,2026-02-23,383120,depósito,F-001116
P-001883,C1078,2026-02-23,1387290,depósito,F-001255
P-001884,C1078,2026-02-23,227647,cheque,F-001308
P-001885,C0228,2026-02-23,106000,transferencia,F-001320
P-001886,C0228,2026-02-23,470000,depósito,F-001456
P-001887,C0683,2026-02-23,258000,depósito,F-001459
P-001888,C0228,2026-02-23,329000,transferencia,F-001484
P-001889,C0586,2026-02-23,684500,transferencia,F-001490
P-001890,C0755,2026-02-23,2732871,transferencia,F-001514
P-001891,C0301,2026-02-23,1412792,depósito,F-001618
P-001892,C0660,2026-02-23,734873,transferencia,F-001629
P-001893,C0099,2026-02-23,618705,transferencia,F-001790
P-001894,C0031,2026-02-23,1213000,depósito,F-001830
P-001895,C0507,2026-02-23,287790,transferencia,F-001856
P-001896,C0677,2026-02-23,465326,transferencia,F-001858
P-001897,C0891,2026-02-23,3174765,transferencia,F-001880
P-001898,C0620,2026-02-23,404064,transferencia,F-001905
P-001899,C0140,2026-02-23,534072,depósito,F-001950
P-001900,C0337,2026-02-23,214283,transferencia,F-001953
P-001901,C0956,2026-02-23,545901,cheque,F-001988
P-001902,C0829,2026-02-23,1034729,cheque,F-001990
P-001903,C0681,2026-02-23,745844,transferencia,F-001998
P-001904,C0755,2026-02-23,2369528,transferencia,F-002008
P-001905,C0344,2026-02-23,667352,transferencia,F-002017
P-001906,C0442,2026-02-23,909493,transferencia,F-002091
P-001907,C0604,2026-02-23,836284,transferencia,F-002093
P-001908,C0733,2026-02-23,453521,transferencia,F-002112
P-001909,C0832,2026-02-23,201967,transferencia,F-002114
P-001910,C0894,2026-02-23,216000,transferencia,F-002120
P-001911,C0125,2026-02-23,927736,transferencia,F-002143
P-001912,C0308,2026-02-23,217996,transferencia,F-002146
P-001913,C0738,2026-02-23,1155668,transferencia,F-002147
P-001914,C1031,2026-02-23,1725512,transferencia,F-002149
P-001915,C0516,2026-02-23,1029350,transferencia,F-002154
P-001916,C0104,2026-02-23,1201495,transferencia,F-002172
P-001917,C1106,2026-02-23,481188,depósito,F-002179
P-001918,C0181,2026-02-23,2773961,transferencia,F-002189
P-001919,C0522,2026-02-23,991782,transferencia,F-002195
P-001920,C0783,2026-02-23,1175363,transferencia,F-002197
P-001921,C0181,2026-02-23,553005,depósito,F-002211
P-001922,C0866,2026-02-23,532228,transferencia,F-002222
P-001923,C1076,2026-02-23,408432,transferencia,F-002227
P-001924,C0728,2026-02-23,1054376,transferencia,F-002270
P-001925,C0529,2026-02-23,1021865,transferencia,F-002272
P-001926,C0612,2026-02-23,762671,cheque,F-002308
P-001927,C0728,2026-02-23,2352392,transferencia,F-002322
P-001928,C0468,2026-02-23,2034495,depósito,F-001355
P-001929,C0283,2026-02-23,1496008,transferencia,F-001760
P-001930,C0274,2026-02-23,1095395,transferencia,F-001773
P-001931,C0771,2026-02-23,1104106,transferencia,F-001947
P-001932,C0428,2026-02-23,340007,transferencia,F-001971
P-001933,C0934,2026-02-23,859192,transferencia,F-002012
P-001934,C0379,2026-02-23,235156,transferencia,F-002165
P-001935,C1141,2026-02-23,780390,transferencia,F-002225
P-001936,C0958,2026-02-24,665793,transferencia,F-001244
P-001937,C0958,2026-02-24,577186,cheque,F-001290
P-001938,C0566,2026-02-24,683665,transferencia,F-001737
P-001939,C0418,2026-02-24,584588,transferencia,F-001827
P-001940,C0794,2026-02-24,1874417,transferencia,F-001956
P-001941,C0019,2026-02-24,117108,transferencia,F-002022
P-001942,C0249,2026-02-24,1068537,transferencia,F-002173
P-001943,C1101,2026-02-24,987105,cheque,F-002231
P-001944,C0550,2026-02-24,1927610,transferencia,F-002235
P-001945,C1119,2026-02-24,920215,depósito,F-002260
P-001946,C0249,2026-02-24,1437532,cheque,F-002266
P-001947,C0822,2026-02-24,1112114,transferencia,F-002275
P-001948,C0919,2026-02-24,433077,transferencia,F-002340
P-001949,C0140,2026-02-24,169634,transferencia,F-002033
P-001950,C0218,2026-02-24,518340,transferencia,F-002191
P-001951,C0926,2026-02-25,824513,transferencia,F-000614
P-001952,C1078,2026-02-25,358095,transferencia,F-001322
P-001953,C0228,2026-02-25,154000,transferencia,F-001436
P-001954,C0150,2026-02-25,1494319,transferencia,F-001943
P-001955,C1031,2026-02-25,413144,transferencia,F-001952
P-001956,C0163,2026-02-25,372886,cheque,F-001996
P-001957,C0519,2026-02-25,351550,transferencia,F-001999
P-001958,C0078,2026-02-25,231146,transferencia,F-002085
P-001959,C0249,2026-02-25,684310,transferencia,F-002212
P-001960,C0496,2026-02-25,203883,transferencia,F-002228
P-001961,C0440,2026-02-25,545151,transferencia,F-002241
P-001962,C0944,2026-02-25,2171988,transferencia,F-002287
P-001963,C0266,2026-02-25,1130488,depósito,F-002298
P-001964,C0912,2026-02-25,790065,transferencia,F-002309
P-001965,C0635,2026-02-25,375992,transferencia,F-002315
P-001966,C0325,2026-02-25,933376,transferencia,F-001311
P-001967,C1196,2026-02-25,967149,transferencia,F-001476
P-001968,C0632,2026-02-25,2748983,transferencia,"F-001616, F-001631, F-001733"
P-001969,C0841,2026-02-25,384798,transferencia,F-001803
P-001970,C0507,2026-02-25,411407,transferencia,F-001841
P-001971,C0772,2026-02-25,731767,transferencia,F-001929
P-001972,C0770,2026-02-25,240689,transferencia,F-002258
P-001973,C0755,2026-02-26,1745385,transferencia,F-001224
P-001974,C0653,2026-02-26,4323675,transferencia,F-001325
P-001975,C0325,2026-02-26,929878,transferencia,F-001374
P-001976,C0590,2026-02-26,224993,transferencia,F-001566
P-001977,C1167,2026-02-26,179357,transferencia,F-001638
P-001978,C0262,2026-02-26,38000,transferencia,F-001736
P-001979,C0382,2026-02-26,884206,transferencia,F-001921
P-001980,C0771,2026-02-26,395830,transferencia,F-001989
P-001981,C0507,2026-02-26,825682,transferencia,F-002119
P-001982,C0853,2026-02-26,587384,transferencia,F-002124
P-001983,C0211,2026-02-26,487912,transferencia,F-002140
P-001984,C0066,2026-02-26,216437,transferencia,F-002188
P-001985,C0866,2026-02-26,445857,transferencia,F-002261
P-001986,C0761,2026-02-26,1118957,transferencia,F-002264
P-001987,C0840,2026-02-26,394414,depósito,F-002302
P-001988,C1097,2026-02-26,392760,transferencia,F-002335
P-001989,C1085,2026-02-26,341899,depósito,F-002342
P-001990,C0227,2026-02-26,3354705,transferencia,"F-001510, F-001593, F-001686"
P-001991,C1167,2026-02-26,681561,transferencia,"F-001576, F-001584"
P-001992,C0376,2026-02-26,1002587,transferencia,"F-001617, F-001805"
P-001993,C0677,2026-02-26,1136593,cheque,F-001955
P-001994,C0906,2026-02-27,201502,transferencia,F-001206
P-001995,C1078,2026-02-27,419475,transferencia,F-001385
P-001996,C1196,2026-02-27,360499,transferencia,F-001397
P-001997,C0593,2026-02-27,196000,transferencia,F-001671
P-001998,C0871,2026-02-27,450605,depósito,F-001871
P-001999,C0801,2026-02-27,730660,transferencia,F-001904
P-002000,C0026,2026-02-27,229337,transferencia,F-002005
P-002001,C0398,2026-02-27,1009132,transferencia,F-002246
P-002002,C0982,2026-02-27,973718,transferencia,F-002271
P-002003,C0124,2026-02-27,1747063,depósito,F-002285
P-002004,C0501,2026-02-27,428186,transferencia,F-002330
P-002005,C0379,2026-02-27,608935,transferencia,F-002386
P-002006,C0249,2026-02-27,1042916,transferencia,F-007011
P-002007,C0754,2026-02-27,1042107,transferencia,F-001437
P-002008,C0301,2026-02-27,344124,transferencia,F-001817
P-002009,C1054,2026-02-27,3249438,transferencia,"F-001847, F-001861, F-002007"
P-002010,C0310,2026-02-27,509356,transferencia,F-002036
P-002011,C0308,2026-02-27,2068173,depósito,"F-002192, F-002273"
P-002012,C0631,2026-02-27,425544,transferencia,F-002247
P-002013,C0683,2026-03-02,517596,transferencia,F-001318
P-002014,C0755,2026-03-02,513426,transferencia,F-001344
P-002015,C0228,2026-03-02,53000,transferencia,F-001347
P-002016,C0081,2026-03-02,1195581,transferencia,F-001554
P-002017,C1064,2026-03-02,325000,transferencia,F-001761
P-002018,C0376,2026-03-02,323525,depósito,F-001775
P-002019,C0620,2026-03-02,419737,transferencia,F-001810
P-002020,C0894,2026-03-02,114000,transferencia,F-001840
P-002021,C0090,2026-03-02,348382,depósito,F-001870
P-002022,C0190,2026-03-02,521696,transferencia,F-001877
P-002023,C0832,2026-03-02,953749,transferencia,F-001982
P-002024,C1102,2026-03-02,2481840,transferencia,F-002003
P-002025,C0515,2026-03-02,1571812,cheque,F-002052
P-002026,C0221,2026-03-02,1252273,cheque,F-002064
P-002027,C0627,2026-03-02,455234,transferencia,F-002074
P-002028,C0111,2026-03-02,1858923,transferencia,F-002142
P-002029,C0621,2026-03-02,225000,depósito,F-002169
P-002030,C0701,2026-03-02,1557805,transferencia,F-002255
P-002031,C0252,2026-03-02,2534402,transferencia,F-002294
P-002032,C0249,2026-03-02,1249286,transferencia,F-002295
P-002033,C0066,2026-03-02,1069524,depósito,F-002301
P-002034,C1050,2026-03-02,4584677,cheque,F-002304
P-002035,C0297,2026-03-02,398352,transferencia,F-002324
P-002036,C0732,2026-03-02,932770,cheque,F-002338
P-002037,C0343,2026-03-02,1087838,transferencia,F-002343
P-002038,C0655,2026-03-02,775273,transferencia,F-002350
P-002039,C0303,2026-03-02,3337391,transferencia,F-002352
P-002040,C0899,2026-03-02,1166283,transferencia,F-002363
P-002041,C0249,2026-03-02,393712,cheque,F-002365
P-002042,C0492,2026-03-02,443204,transferencia,F-002371
P-002043,C0731,2026-03-02,1671355,transferencia,F-002376
P-002044,C0783,2026-03-02,506048,transferencia,F-002404
P-002045,C0363,2026-03-02,5496408,transferencia,F-002419
P-002046,C1021,2026-03-02,2227394,transferencia,F-002446
P-002047,C0586,2026-03-02,1024185,transferencia,F-001529
P-002048,C0227,2026-03-02,90940,transferencia,F-001752
P-002049,C0376,2026-03-02,729387,transferencia,F-001812
P-002050,C0245,2026-03-02,942064,transferencia,F-001941
P-002051,C0603,2026-03-02,795348,transferencia,F-001942
P-002052,C0507,2026-03-02,339947,transferencia,F-001961
P-002053,C0311,2026-03-02,291514,transferencia,F-001991
P-002054,C0163,2026-03-02,417583,transferencia,F-002060
P-002055,C0194,2026-03-02,1005645,depósito,F-002268
P-002056,C1149,2026-03-02,262324,transferencia,F-002366
P-002057,C0228,2026-03-03,49000,transferencia,F-001797
P-002058,C0632,2026-03-03,318277,transferencia,F-001799
P-002059,C0357,2026-03-03,598951,transferencia,F-001885
P-002060,C0080,2026-03-03,1368369,transferencia,F-001949
P-002061,C0755,2026-03-03,594881,depósito,F-002004
P-002062,C0245,2026-03-03,1315069,transferencia,F-002062
P-002063,C1102,2026-03-03,187222,cheque,F-002097
P-002064,C1199,2026-03-03,755198,transferencia,F-002130
P-002065,C0614,2026-03-03,923369,transferencia,F-002175
P-002066,C0249,2026-03-03,1464557,transferencia,F-002237
P-002067,C0249,2026-03-03,318837,transferencia,F-002252
P-002068,C0008,2026-03-03,1185109,transferencia,F-002306
P-002069,C0387,2026-03-03,1688717,transferencia,F-002328
P-002070,C0180,2026-03-03,1388623,transferencia,F-002375
P-002071,C0631,2026-03-03,2033460,cheque,F-002393
P-002072,C0440,2026-03-03,387309,transferencia,F-002410
P-002073,C0590,2026-03-03,1336584,transferencia,F-001835
P-002074,C0248,2026-03-03,804273,cheque,F-001900
P-002075,C0554,2026-03-03,1525556,cheque,F-002333
P-002076,C1191,2026-03-03,409491,cheque,F-002353
P-002077,C0293,2026-03-04,71031,transferencia,F-001181
P-002078,C0958,2026-03-04,1653719,transferencia,F-001448
P-002079,C0325,2026-03-04,271665,transferencia,F-001521
P-002080,C0926,2026-03-04,795000,depósito,F-001568
P-002081,C1110,2026-03-04,346528,cheque,F-001689
P-002082,C0659,2026-03-04,1094058,transferencia,F-001743
P-002083,C0033,2026-03-04,170908,transferencia,F-001821
P-002084,C1052,2026-03-04,1088648,transferencia,F-002053
P-002085,C0402,2026-03-04,869652,transferencia,F-002098
P-002086,C0058,2026-03-04,2343193,transferencia,F-002200
P-002087,C0140,2026-03-04,1075903,transferencia,F-002226
P-002088,C0106,2026-03-04,475000,transferencia,F-002369
P-002089,C0427,2026-03-04,287088,transferencia,F-002451
P-002090,C0754,2026-03-04,366425,transferencia,F-001563
P-002091,C0958,2026-03-04,71507,depósito,F-001683
P-002092,C1141,2026-03-04,2318144,transferencia,F-002364
P-002093,C0520,2026-03-04,405219,cheque,F-002368
P-002094,C0651,2026-03-04,453771,transferencia,F-002422
P-002095,C0761,2026-03-04,1911140,transferencia,F-002444
P-002096,C0906,2026-03-05,551346,transferencia,F-001153
P-002097,C0926,2026-03-05,361000,transferencia,F-001446
P-002098,C1078,2026-03-05,710311,transferencia,F-001595
P-002099,C0502,2026-03-05,371000,cheque,F-002034
P-002100,C0777,2026-03-05,1615913,transferencia,F-002058
P-002101,C0848,2026-03-05,584611,transferencia,F-002128
P-002102,C0622,2026-03-05,230658,transferencia,F-002136
P-002103,C1064,2026-03-05,373051,transferencia,F-002176
P-002104,C0856,2026-03-05,2087391,transferencia,F-002354
P-002105,C0783,2026-03-05,692116,depósito,F-002388
P-002106,C0849,2026-03-05,340007,depósito,F-002431
P-002107,C0420,2026-03-05,1383542,transferencia,F-002436
P-002108,C1078,2026-03-05,3356205,transferencia,"F-001307, F-001444, F-001561, F-001626"
P-002109,C0632,2026-03-05,577697,transferencia,F-001925
P-002110,C0140,2026-03-05,1971366,cheque,"F-002020, F-002115"
P-002111,C0772,2026-03-05,1371439,transferencia,F-002199
P-002112,C0228,2026-03-06,106186,transferencia,F-001456
P-002113,C1152,2026-03-06,1243467,transferencia,F-002084
P-002114,C0834,2026-03-06,1529555,transferencia,F-002104
P-002115,C1060,2026-03-06,1979958,transferencia,F-002135
P-002116,C0313,2026-03-06,1371427,transferencia,F-002150
P-002117,C0305,2026-03-06,869807,transferencia,F-002203
P-002118,C1017,2026-03-06,664341,transferencia,F-002274
P-002119,C0390,2026-03-06,428000,transferencia,F-002283
P-002120,C0832,2026-03-06,986534,transferencia,F-002370
P-002121,C0049,2026-03-06,438110,transferencia,F-002385
P-002122,C0315,2026-03-06,1059005,cheque,F-002439
P-002123,C1077,2026-03-06,2147998,depósito,F-002467
P-002124,C0268,2026-03-06,156556,transferencia,F-002534
P-002125,C1054,2026-03-06,1396287,depósito,"F-002001, F-002068"
P-002126,C1195,2026-03-06,815114,transferencia,F-002077
P-002127,C0127,2026-03-06,264727,transferencia,F-002134
P-002128,C1096,2026-03-06,1008846,depósito,F-002519
P-002129,C0926,2026-03-09,142198,transferencia,F-001342
P-002130,C0958,2026-03-09,1029374,depósito,F-001386
P-002131,C0756,2026-03-09,735860,transferencia,F-001398
P-002132,C0461,2026-03-09,870342,transferencia,F-001420
P-002133,C0325,2026-03-09,387726,transferencia,F-001461
P-002134,C0926,2026-03-09,1618000,transferencia,F-001472
P-002135,C0228,2026-03-09,897973,depósito,F-001484
P-002136,C1062,2026-03-09,926403,depósito,F-001650
P-002137,C0262,2026-03-09,218752,transferencia,F-001736
P-002138,C0643,2026-03-09,2897329,transferencia,F-001811
P-002139,C0031,2026-03-09,475000,transferencia,F-001830
P-002140,C0593,2026-03-09,271844,transferencia,F-001874
P-002141,C1167,2026-03-09,1784893,depósito,F-001913
P-002142,C0683,2026-03-09,462310,transferencia,F-001920
P-002143,C0741,2026-03-09,268928,transferencia,F-001948
P-002144,C0376,2026-03-09,2747793,transferencia,F-001973
P-002145,C0530,2026-03-09,1581141,transferencia,F-002010
P-002146,C0198,2026-03-09,715107,cheque,F-002028
P-002147,C0127,2026-03-09,342196,transferencia,F-002055
P-002148,C0918,2026-03-09,1230591,cheque,F-002065
P-002149,C0090,2026-03-09,1002000,transferencia,F-002071
P-002150,C0927,2026-03-09,339126,transferencia,F-002082
P-002151,C0538,2026-03-09,1415719,transferencia,F-002083
P-002152,C0111,2026-03-09,1565909,cheque,F-002163
P-002153,C0023,2026-03-09,353000,transferencia,F-002174
P-002154,C0213,2026-03-09,1224891,transferencia,F-002180
P-002155,C1154,2026-03-09,507892,transferencia,F-002202
P-002156,C0578,2026-03-09,755460,cheque,F-002267
P-002157,C0960,2026-03-09,794361,cheque,F-002281
P-002158,C0125,2026-03-09,282125,transferencia,F-002297
P-002159,C0606,2026-03-09,1509777,transferencia,F-002318
P-002160,C0245,2026-03-09,87762,transferencia,F-002339
P-002161,C1039,2026-03-09,215000,transferencia,F-002344
P-002162,C0683,2026-03-09,216878,transferencia,F-002357
P-002163,C0249,2026-03-09,911814,transferencia,F-002389
P-002164,C0031,2026-03-09,384000,transferencia,F-002399
P-002165,C0538,2026-03-09,558860,cheque,F-002416
P-002166,C0300,2026-03-09,1442923,transferencia,F-002423
P-002167,C1101,2026-03-09,355846,transferencia,F-002428
P-002168,C0315,2026-03-09,1961251,transferencia,F-002430
P-002169,C0170,2026-03-09,630914,transferencia,F-002450
P-002170,C0184,2026-03-09,1370237,transferencia,F-002454
P-002171,C0055,2026-03-09,133399,transferencia,F-002458
P-002172,C0264,2026-03-09,896320,transferencia,F-002464
P-002173,C0461,2026-03-09,43000,transferencia,F-002517
P-002174,C0732,2026-03-09,317373,transferencia,F-002528
P-002175,C0643,2026-03-09,350372,transferencia,F-001825
P-002176,C0301,2026-03-09,1003848,cheque,F-001849
P-002177,C0590,2026-03-09,222411,transferencia,F-001892
P-002178,C0806,2026-03-09,591787,transferencia,F-002184
P-002179,C0688,2026-03-09,1356207,transferencia,F-002210
P-002180,C0603,2026-03-09,102078,transferencia,F-002234
P-002181,C0163,2026-03-09,146394,transferencia,F-002347
P-002182,C0631,2026-03-09,646075,transferencia,F-002360
P-002183,C0993,2026-03-09,615718,cheque,F-002412
P-002184,C0308,2026-03-09,246449,transferencia,F-002442
P-002185,C0194,2026-03-09,779688,transferencia,F-002465
P-002186,C0882,2026-03-09,258099,cheque,F-002499
P-002187,C0228,2026-03-10,213753,transferencia,F-001320
P-002188,C0958,2026-03-10,342292,transferencia,F-001598
P-002189,C0607,2026-03-10,489840,transferencia,F-001972
P-002190,C0031,2026-03-10,212000,depósito,F-002138
P-002191,C1135,2026-03-10,1108830,transferencia,F-002196
P-002192,C0428,2026-03-10,598546,depósito,F-002253
P-002193,C1064,2026-03-10,219000,transferencia,F-002278
P-002194,C1141,2026-03-10,778189,transferencia,F-002429
P-002195,C1036,2026-03-10,345000,transferencia,F-002438
P-002196,C0104,2026-03-10,785222,transferencia,F-002531
P-002197,C0227,2026-03-10,1217370,transferencia,"F-001876, F-001919"
P-002198,C0376,2026-03-10,667019,transferencia,"F-001888, F-001922"
P-002199,C0507,2026-03-10,1407591,transferencia,"F-002050, F-002265"
P-002200,C0313,2026-03-10,898914,depósito,F-002288
P-002201,C0620,2026-03-10,2440202,transferencia,F-002310
P-002202,C0726,2026-03-10,532477,transferencia,F-002420
P-002203,C1141,2026-03-10,1495628,cheque,F-002488
P-002204,C0593,2026-03-11,285386,transferencia,F-001500
P-002205,C0961,2026-03-11,173174,depósito,F-001555
P-002206,C0653,2026-03-11,248008,transferencia,F-001636
P-002207,C0632,2026-03-11,269535,transferencia,F-002002
P-002208,C0960,2026-03-11,783484,transferencia,F-002021
P-002209,C0620,2026-03-11,652156,transferencia,F-002221
P-002210,C1103,2026-03-11,1422228,transferencia,F-002374
P-002211,C1149,2026-03-11,1146291,transferencia,F-002437
P-002212,C0676,2026-03-11,727685,transferencia,F-002461
P-002213,C0655,2026-03-11,883040,transferencia,F-002484
P-002214,C0420,2026-03-11,2243614,transferencia,F-002503
P-002215,C0049,2026-03-11,4087210,transferencia,F-002520
P-002216,C0822,2026-03-11,1275121,transferencia,F-002522
P-002217,C0949,2026-03-11,470169,transferencia,F-002551
P-002218,C0586,2026-03-11,1608107,transferencia,"F-001741, F-001908"
P-002219,C0896,2026-03-11,1621113,transferencia,F-002194
P-002220,C0245,2026-03-11,1418563,transferencia,"F-002205, F-002263"
P-002221,C0917,2026-03-11,1839633,depósito,F-002245
P-002222,C0218,2026-03-11,966173,transferencia,F-002571
P-002223,C0644,2026-03-12,72733,transferencia,F-001745
P-002224,C0661,2026-03-12,1098739,transferencia,F-001749
P-002225,C0915,2026-03-12,374350,transferencia,F-001829
P-002226,C0507,2026-03-12,755007,transferencia,F-002164
P-002227,C1109,2026-03-12,1195760,transferencia,F-002427
P-002228,C0741,2026-03-12,814686,transferencia,F-002466
P-002229,C1021,2026-03-12,2388985,transferencia,F-002481
P-002230,C0225,2026-03-12,369697,transferencia,F-002486
P-002231,C0683,2026-03-12,194000,transferencia,F-002500
P-002232,C0266,2026-03-12,724793,transferencia,F-002547
P-002233,C0398,2026-03-12,821231,transferencia,F-002560
P-002234,C0249,2026-03-12,164327,transferencia,F-007006
P-002235,C0249,2026-03-12,489756,transferencia,F-007046
P-002236,C1078,2026-03-12,3137518,transferencia,"F-001526, F-001609, F-001644"
P-002237,C0468,2026-03-12,2107906,transferencia,F-001611
P-002238,C1127,2026-03-12,1549190,transferencia,F-001705
P-002239,C0783,2026-03-12,395211,transferencia,F-002432
P-002240,C0554,2026-03-12,451105,transferencia,F-002698
P-002241,C1199,2026-03-13,1913270,transferencia,F-001624
P-002242,C0293,2026-03-13,1598706,transferencia,F-002000
P-002243,C0608,2026-03-13,742036,cheque,F-002474
P-002244,C0466,2026-03-13,741691,cheque,F-002505
P-002245,C0049,2026-03-13,1307858,transferencia,F-002508
P-002246,C0733,2026-03-13,2119604,transferencia,F-002516
P-002247,C0528,2026-03-13,603592,depósito,F-002523
P-002248,C0388,2026-03-13,1244097,cheque,F-002537
P-002249,C0640,2026-03-13,540248,transferencia,F-002569
P-002250,C0088,2026-03-13,732528,transferencia,F-002570
P-002251,C0776,2026-03-13,2115154,transferencia,F-002659
P-002252,C0632,2026-03-13,2626199,transferencia,"F-001936, F-001981, F-002051"
P-002253,C0428,2026-03-13,621942,transferencia,F-002251
P-002254,C0520,2026-03-13,314207,transferencia,F-002594
P-002255,C0149,2026-03-16,412394,transferencia,F-000172
P-002256,C0756,2026-03-16,243331,transferencia,F-000375
P-002257,C0211,2026-03-16,281185,depósito,F-001693
P-002258,C0586,2026-03-16,249246,transferencia,F-002023
P-002259,C0758,2026-03-16,217710,transferencia,F-002215
P-002260,C0671,2026-03-16,154867,transferencia,F-002240
P-002261,C0927,2026-03-16,3183488,transferencia,F-002248
P-002262,C0456,2026-03-16,607507,transferencia,F-002293
P-002263,C0804,2026-03-16,1046688,transferencia,F-002334
P-002264,C0570,2026-03-16,642826,depósito,F-002351
P-002265,C0683,2026-03-16,205000,depósito,F-002359
P-002266,C0310,2026-03-16,782413,transferencia,F-002362
P-002267,C0330,2026-03-16,892000,transferencia,F-002377
P-002268,C0319,2026-03-16,1472506,transferencia,F-002397
P-002269,C0671,2026-03-16,1274645,transferencia,F-002413
P-002270,C0853,2026-03-16,406159,transferencia,F-002415
P-002271,C0829,2026-03-16,1086827,transferencia,F-002424
P-002272,C0123,2026-03-16,414084,cheque,F-002492
P-002273,C0094,2026-03-16,1035407,transferencia,F-002504
P-002274,C0109,2026-03-16,704004,transferencia,F-002509
P-002275,C0249,2026-03-16,1960656,transferencia,F-002513
P-002276,C0826,2026-03-16,577305,transferencia,F-002518
P-002277,C0450,2026-03-16,1483156,transferencia,F-002524
P-002278,C0011,2026-03-16,1605024,transferencia,F-002536
P-002279,C0857,2026-03-16,744416,transferencia,F-002552
P-002280,C0822,2026-03-16,389987,transferencia,F-002565
P-002281,C0455,2026-03-16,1180587,transferencia,F-002568
P-002282,C0899,2026-03-16,483271,transferencia,F-002588
P-002283,C1012,2026-03-16,400578,transferencia,F-002606
P-002284,C0001,2026-03-16,203895,depósito,F-002610
P-002285,C0949,2026-03-16,542485,transferencia,F-002643
P-002286,C0944,2026-03-16,720319,depósito,F-002657
P-002287,C0119,2026-03-16,630331,transferencia,F-002701
P-002288,C0468,2026-03-16,650299,cheque,F-001704
P-002289,C0586,2026-03-16,1107521,transferencia,F-001845
P-002290,C0139,2026-03-16,917371,transferencia,"F-001995, F-002095"
P-002291,C0190,2026-03-16,1427857,transferencia,F-002024
P-002292,C0507,2026-03-16,106243,transferencia,F-002238
P-002293,C0917,2026-03-16,5365484,depósito,F-002244
P-002294,C0163,2026-03-16,973670,cheque,"F-002284, F-002402"
P-002295,C0896,2026-03-16,969541,transferencia,F-002296
P-002296,C0274,2026-03-16,407551,cheque,F-002337
P-002297,C0345,2026-03-16,1925979,cheque,F-002384
P-002298,C0651,2026-03-16,401220,transferencia,F-002494
P-002299,C0520,2026-03-16,651977,transferencia,F-002527
P-002300,C1097,2026-03-16,1396334,transferencia,F-002692
P-002301,C1077,2026-03-16,515199,transferencia,F-002713
P-002302,C0754,2026-03-17,247794,transferencia,F-001780
P-002303,C0894,2026-03-17,335304,transferencia,F-001840
P-002304,C0274,2026-03-17,1085435,transferencia,F-002290
P-002305,C0456,2026-03-17,1892647,transferencia,F-002314
P-002306,C1187,2026-03-17,1382851,transferencia,F-002383
P-002307,C0342,2026-03-17,1688670,transferencia,F-002472
P-002308,C1034,2026-03-17,1638690,transferencia,F-002507
P-002309,C0124,2026-03-17,1949398,transferencia,F-002514
P-002310,C0184,2026-03-17,541105,transferencia,F-002545
P-002311,C0282,2026-03-17,3077423,transferencia,F-002612
P-002312,C0554,2026-03-17,783544,transferencia,F-002631
P-002313,C0339,2026-03-17,940992,transferencia,F-002652
P-002314,C1057,2026-03-17,401554,transferencia,F-002688
P-002315,C0735,2026-03-17,1444410,transferencia,F-002759
P-002316,C0249,2026-03-17,509772,depósito,F-007012
P-002317,C0248,2026-03-17,600522,transferencia,F-001997
P-002318,C0643,2026-03-17,3580282,transferencia,"F-002044, F-002092"
P-002319,C0469,2026-03-17,1501816,transferencia,F-002280
P-002320,C0339,2026-03-17,837843,transferencia,F-002654
P-002321,C0894,2026-03-18,357925,transferencia,F-002120
P-002322,C0117,2026-03-18,512854,transferencia,F-002250
P-002323,C0796,2026-03-18,636531,transferencia,F-002256
P-002324,C0908,2026-03-18,2116724,transferencia,F-002326
P-002325,C0772,2026-03-18,1259079,cheque,F-002380
P-002326,C0163,2026-03-18,586932,transferencia,F-002417
P-002327,C0050,2026-03-18,880588,cheque,F-002433
P-002328,C0310,2026-03-18,291931,transferencia,F-002482
P-002329,C0713,2026-03-18,248615,transferencia,F-002493
P-002330,C0973,2026-03-18,979227,depósito,F-002512
P-002331,C0388,2026-03-18,2996146,transferencia,F-002564
P-002332,C0049,2026-03-18,251019,transferencia,F-002596
P-002333,C0642,2026-03-18,342422,cheque,F-002617
P-002334,C1093,2026-03-18,643254,transferencia,F-002661
P-002335,C0735,2026-03-18,312494,cheque,F-002695
P-002336,C0800,2026-03-18,1851331,transferencia,F-002728
P-002337,C0227,2026-03-18,1496116,transferencia,F-002047
P-002338,C1167,2026-03-18,1792949,depósito,F-002109
P-002339,C0323,2026-03-18,1747872,transferencia,"F-002576, F-002712"
P-002340,C0501,2026-03-18,843448,transferencia,F-002614
P-002341,C0958,2026-03-19,507904,transferencia,F-001725
P-002342,C0256,2026-03-19,1715290,depósito,F-001730
P-002343,C0961,2026-03-19,364000,transferencia,F-002026
P-002344,C0253,2026-03-19,798323,cheque,F-002232
P-002345,C0080,2026-03-19,646551,transferencia,F-002249
P-002346,C0677,2026-03-19,2167764,cheque,F-002300
P-002347,C1195,2026-03-19,392640,transferencia,F-002332
P-002348,C0603,2026-03-19,689153,cheque,F-002480
P-002349,C0915,2026-03-19,1026173,transferencia,F-002515
P-002350,C0915,2026-03-19,626428,depósito,F-002581
P-002351,C0187,2026-03-19,1796115,transferencia,F-002585
P-002352,C1093,2026-03-19,857407,depósito,F-002592
P-002353,C0388,2026-03-19,792207,transferencia,F-002619
P-002354,C0201,2026-03-19,2093103,transferencia,F-002636
P-002355,C0249,2026-03-19,790957,transferencia,F-002647
P-002356,C0700,2026-03-19,529407,transferencia,F-002660
P-002357,C1037,2026-03-19,2107062,transferencia,F-002684
P-002358,C0457,2026-03-19,783841,transferencia,F-002694
P-002359,C0170,2026-03-19,191328,transferencia,F-002720
P-002360,C0806,2026-03-19,641089,transferencia,F-002305
P-002361,C1141,2026-03-19,1442447,transferencia,F-002649
P-002362,C0228,2026-03-20,101174,transferencia,F-001347
P-002363,C0607,2026-03-20,1476183,depósito,F-001368
P-002364,C0228,2026-03-20,253730,transferencia,F-001436
P-002365,C0926,2026-03-20,2259936,transferencia,F-001472
P-002366,C0754,2026-03-20,390618,cheque,F-001784
P-002367,C0275,2026-03-20,670041,transferencia,F-002079
P-002368,C0621,2026-03-20,98000,transferencia,F-002169
P-002369,C0167,2026-03-20,188746,transferencia,F-002282
P-002370,C0428,2026-03-20,521970,depósito,F-002316
P-002371,C1039,2026-03-20,491000,transferencia,F-002344
P-002372,C0961,2026-03-20,584000,transferencia,F-002407
P-002373,C0193,2026-03-20,326000,depósito,F-002448
P-002374,C0104,2026-03-20,459899,transferencia,F-002663
P-002375,C0953,2026-03-20,1383280,transferencia,F-002681
P-002376,C0249,2026-03-20,470110,transferencia,F-002697
P-002377,C0405,2026-03-20,900152,transferencia,F-002699
P-002378,C0266,2026-03-20,462922,transferencia,F-002715
P-002379,C0703,2026-03-20,611815,transferencia,F-002739
P-002380,C0958,2026-03-20,867367,transferencia,F-001864
P-002381,C0747,2026-03-20,246556,transferencia,F-002162
P-002382,C0688,2026-03-20,1625838,transferencia,F-002243
P-002383,C0245,2026-03-20,540117,depósito,F-002307
P-002384,C0934,2026-03-20,2241044,transferencia,F-002356
P-002385,C0256,2026-03-23,539820,cheque,F-000381
P-002386,C0102,2026-03-23,228480,transferencia,F-000829
P-002387,C0926,2026-03-23,741000,transferencia,F-001446
P-002388,C1062,2026-03-23,689760,depósito,F-001447
P-002389,C0593,2026-03-23,203000,transferencia,F-001755
P-002390,C1064,2026-03-23,361500,depósito,F-001761
P-002391,C0228,2026-03-23,619720,transferencia,F-001797
P-002392,C0958,2026-03-23,363105,transferencia,F-001822
P-002393,C1062,2026-03-23,646468,transferencia,F-001839
P-002394,C1078,2026-03-23,770632,transferencia,F-001843
P-002395,C0325,2026-03-23,766503,transferencia,F-001848
P-002396,C0090,2026-03-23,1064000,transferencia,F-002071
P-002397,C0362,2026-03-23,1060659,transferencia,F-002106
P-002398,C0841,2026-03-23,189186,transferencia,F-002170
P-002399,C1167,2026-03-23,705242,cheque,F-002185
P-002400,C0190,2026-03-23,354382,depósito,F-002229
P-002401,C0390,2026-03-23,608097,transferencia,F-002283
P-002402,C1031,2026-03-23,307460,transferencia,F-002286
P-002403,C0140,2026-03-23,609447,cheque,F-002312
P-002404,C0245,2026-03-23,2138263,transferencia,F-002313
P-002405,C0127,2026-03-23,1213288,transferencia,F-002320
P-002406,C0806,2026-03-23,572021,transferencia,F-002345
P-002407,C0620,2026-03-23,3370651,transferencia,F-002391
P-002408,C0253,2026-03-23,1227735,transferencia,F-002396
P-002409,C0510,2026-03-23,315088,transferencia,F-002405
P-002410,C0507,2026-03-23,1345938,transferencia,F-002414
P-002411,C0171,2026-03-23,514151,transferencia,F-002421
P-002412,C1060,2026-03-23,1480955,transferencia,F-002447
P-002413,C0672,2026-03-23,572045,transferencia,F-002462
P-002414,C1103,2026-03-23,1395537,transferencia,F-002485
P-002415,C0140,2026-03-23,200098,transferencia,F-002489
P-002416,C0515,2026-03-23,881385,transferencia,F-002554
P-002417,C1004,2026-03-23,650859,transferencia,F-002609
P-002418,C0484,2026-03-23,1079000,transferencia,F-002613
P-002419,C0027,2026-03-23,2285454,transferencia,F-002630
P-002420,C0405,2026-03-23,399876,transferencia,F-002635
P-002421,C0324,2026-03-23,877673,transferencia,F-002644
P-002422,C0352,2026-03-23,2061984,transferencia,F-002668
P-002423,C0592,2026-03-23,398138,transferencia,F-002685
P-002424,C0731,2026-03-23,1296422,transferencia,F-002704
P-002425,C0233,2026-03-23,510379,transferencia,F-002706
P-002426,C0970,2026-03-23,397936,transferencia,F-002707
P-002427,C0899,2026-03-23,3356347,transferencia,F-002709
P-002428,C0579,2026-03-23,1639094,transferencia,F-002723
P-002429,C0122,2026-03-23,153141,transferencia,F-002729
P-002430,C0899,2026-03-23,294204,transferencia,F-002731
P-002431,C0770,2026-03-23,94641,transferencia,F-002734
P-002432,C0525,2026-03-23,920989,transferencia,F-002738
P-002433,C0108,2026-03-23,1017700,transferencia,F-002767
P-002434,C0501,2026-03-23,1340345,depósito,F-002772
P-002435,C0776,2026-03-23,792254,transferencia,F-002788
P-002436,C0903,2026-03-23,1183895,transferencia,F-002811
P-002437,C0204,2026-03-23,1090088,transferencia,F-002822
P-002438,C0375,2026-03-23,5824491,cheque,F-002824
P-002439,C1196,2026-03-23,496777,depósito,F-001630
P-002440,C1078,2026-03-23,2048966,cheque,"F-001792, F-001863"
P-002441,C0325,2026-03-23,192364,transferencia,F-001844
P-002442,C0586,2026-03-23,1102392,transferencia,F-002063
P-002443,C0376,2026-03-23,354798,transferencia,F-002209
P-002444,C0457,2026-03-23,270201,transferencia,F-002615
P-002445,C1191,2026-03-23,466218,transferencia,F-002658
P-002446,C0177,2026-03-23,198599,depósito,F-002693
P-002447,C0799,2026-03-23,897010,transferencia,F-002700
P-002448,C0919,2026-03-23,854146,transferencia,F-002742
P-002449,C0420,2026-03-23,996768,transferencia,F-002750
P-002450,C1199,2026-03-24,3463186,transferencia,F-001850
P-002451,C0031,2026-03-24,113931,transferencia,F-002138
P-002452,C0747,2026-03-24,979846,transferencia,F-002223
P-002453,C0677,2026-03-24,2057343,cheque,F-002382
P-002454,C0031,2026-03-24,277000,transferencia,F-002399
P-002455,C0322,2026-03-24,1944020,transferencia,F-002409
P-002456,C1075,2026-03-24,1074213,transferencia,F-002463
P-002457,C1109,2026-03-24,1196854,cheque,F-002477
P-002458,C0035,2026-03-24,217627,transferencia,F-002583
P-002459,C1059,2026-03-24,2476000,transferencia,F-002605
P-002460,C0681,2026-03-24,339626,transferencia,F-002625
P-002461,C0737,2026-03-24,407230,transferencia,F-002626
P-002462,C0536,2026-03-24,797193,transferencia,F-002667
P-002463,C0420,2026-03-24,1269599,transferencia,F-002716
P-002464,C0249,2026-03-24,577543,transferencia,F-002762
P-002465,C0629,2026-03-24,2030878,transferencia,F-002795
P-002466,C1132,2026-03-24,1284486,transferencia,F-002802
P-002467,C0180,2026-03-24,949977,transferencia,F-002809
P-002468,C0340,2026-03-24,1224831,transferencia,F-002867
P-002469,C0632,2026-03-24,1875083,transferencia,"F-002198, F-002262"
P-002470,C0248,2026-03-24,680014,transferencia,F-002291
P-002471,C0245,2026-03-24,1910461,transferencia,"F-002435, F-002501, F-002525"
P-002472,C0770,2026-03-24,1149516,transferencia,F-002853
P-002473,C0797,2026-03-25,550982,transferencia,F-000368
P-002474,C1196,2026-03-25,667304,transferencia,F-001884
P-002475,C0841,2026-03-25,627975,transferencia,F-002276
P-002476,C1152,2026-03-25,666638,transferencia,F-002469
P-002477,C0755,2026-03-25,419082,transferencia,F-002490
P-002478,C0031,2026-03-25,178286,transferencia,F-002597
P-002479,C0245,2026-03-25,567154,transferencia,F-002598
P-002480,C0452,2026-03-25,2338052,transferencia,F-002621
P-002481,C0066,2026-03-25,531192,transferencia,F-002633
P-002482,C0953,2026-03-25,736503,transferencia,F-002793
P-002483,C0501,2026-03-25,758649,depósito,F-002863
P-002484,C0783,2026-03-25,1961501,transferencia,F-002870
P-002485,C0423,2026-03-25,608614,transferencia,F-002901
P-002486,C1117,2026-03-25,1868835,cheque,F-002456
P-002487,C1042,2026-03-25,587682,transferencia,F-002754
P-002488,C1158,2026-03-25,1889244,transferencia,F-002778
P-002489,C0253,2026-03-26,507380,transferencia,F-002080
P-002490,C0772,2026-03-26,1343522,transferencia,F-002390
P-002491,C0831,2026-03-26,2595604,transferencia,F-002541
P-002492,C0752,2026-03-26,226516,depósito,F-002557
P-002493,C0031,2026-03-26,257790,transferencia,F-002656
P-002494,C0094,2026-03-26,1156894,transferencia,F-002676
P-002495,C1145,2026-03-26,1340285,transferencia,F-002743
P-002496,C0949,2026-03-26,1157870,depósito,F-002746
P-002497,C1050,2026-03-26,55418,transferencia,F-002801
P-002498,C0156,2026-03-26,403410,transferencia,F-002843
P-002499,C0448,2026-03-26,258361,transferencia,F-002852
P-002500,C0388,2026-03-26,494766,transferencia,F-002873
P-002501,C1147,2026-03-26,838188,transferencia,F-002874
P-002502,C1037,2026-03-26,448701,cheque,F-002889
P-002503,C0747,2026-03-26,459197,transferencia,F-002236
P-002504,C0140,2026-03-26,2271295,transferencia,"F-002398, F-002401, F-002418"
P-002505,C0313,2026-03-26,408063,transferencia,F-002476
P-002506,C0993,2026-03-26,878434,transferencia,F-002748
P-002507,C0031,2026-03-27,1398098,transferencia,F-001830
P-002508,C1078,2026-03-27,6801207,transferencia,F-001833
P-002509,C0502,2026-03-27,411602,transferencia,F-002034
P-002510,C0139,2026-03-27,220257,transferencia,F-002220
P-002511,C0228,2026-03-27,263000,transferencia,F-002329
P-002512,C1060,2026-03-27,1190012,transferencia,F-002403
P-002513,C0461,2026-03-27,104000,transferencia,F-002517
P-002514,C0008,2026-03-27,364818,transferencia,F-002540
P-002515,C0835,2026-03-27,2028343,depósito,F-002578
P-002516,C0012,2026-03-27,1816345,transferencia,F-002579
P-002517,C0420,2026-03-27,497646,transferencia,F-002786
P-002518,C0249,2026-03-27,102661,transferencia,F-002814
P-002519,C0440,2026-03-27,351776,transferencia,F-002823
P-002520,C0249,2026-03-27,849493,transferencia,F-002832
P-002521,C0718,2026-03-27,2005531,transferencia,F-002905
P-002522,C0227,2026-03-27,1308619,transferencia,F-001993
P-002523,C0060,2026-03-27,189519,transferencia,F-002796
P-002524,C0194,2026-03-27,2450662,transferencia,F-002882
P-002525,C1062,2026-03-30,1222713,transferencia,F-001267
P-002526,C0926,2026-03-30,540216,cheque,F-001568
P-002527,C0653,2026-03-30,2569781,transferencia,F-001891
P-002528,C0961,2026-03-30,470000,depósito,F-002026
P-002529,C0515,2026-03-30,941504,cheque,F-002096
P-002530,C0023,2026-03-30,94000,transferencia,F-002174
P-002531,C0632,2026-03-30,837700,transferencia,F-002277
P-002532,C1109,2026-03-30,363878,transferencia,F-002406
P-002533,C0906,2026-03-30,270000,transferencia,F-002449
P-002534,C0271,2026-03-30,1956253,transferencia,F-002455
P-002535,C0677,2026-03-30,4952459,transferencia,F-002495
P-002536,C0186,2026-03-30,177000,transferencia,F-002511
P-002537,C1056,2026-03-30,2710653,transferencia,F-002549
P-002538,C0507,2026-03-30,1058053,transferencia,F-002555
P-002539,C0873,2026-03-30,1704009,transferencia,F-002559
P-002540,C0614,2026-03-30,1218084,transferencia,F-002586
P-002541,C1003,2026-03-30,1194451,transferencia,F-002599
P-002542,C0058,2026-03-30,520101,transferencia,F-002673
P-002543,C0636,2026-03-30,1145000,cheque,F-002717
P-002544,C0683,2026-03-30,134000,transferencia,F-002722
P-002545,C0269,2026-03-30,1140353,transferencia,F-002733
P-002546,C0490,2026-03-30,482402,depósito,F-002757
P-002547,C0903,2026-03-30,2058795,transferencia,F-002771
P-002548,C0303,2026-03-30,686368,transferencia,F-002787
P-002549,C1149,2026-03-30,2943572,transferencia,F-002826
P-002550,C0819,2026-03-30,580244,transferencia,F-002830
P-002551,C0092,2026-03-30,989890,transferencia,F-002838
P-002552,C1188,2026-03-30,5976013,transferencia,F-002851
P-002553,C0536,2026-03-30,530490,transferencia,F-002864
P-002554,C0303,2026-03-30,536309,cheque,F-002866
P-002555,C0728,2026-03-30,389820,transferencia,F-002876
P-002556,C0800,2026-03-30,618812,depósito,F-002891
P-002557,C0060,2026-03-30,1971128,transferencia,F-002897
P-002558,C0375,2026-03-30,1054352,transferencia,F-002931
P-002559,C0585,2026-03-30,898533,transferencia,F-002957
P-002560,C0964,2026-03-30,2025547,depósito,F-002963
P-002561,C1035,2026-03-30,479058,transferencia,F-002995
P-002562,C0301,2026-03-30,1536468,transferencia,F-002361
P-002563,C0772,2026-03-30,974693,transferencia,F-002445
P-002564,C0620,2026-03-30,751842,cheque,F-002452
P-002565,C0418,2026-03-30,386250,transferencia,F-002532
P-002566,C0163,2026-03-30,860013,transferencia,F-002539
P-002567,C0310,2026-03-30,732754,transferencia,F-002556
P-002568,C0992,2026-03-30,849946,transferencia,F-002593
P-002569,C1012,2026-03-30,843567,transferencia,F-002760
P-002570,C0181,2026-03-30,1360122,transferencia,F-002773
P-002571,C0805,2026-03-30,1056613,transferencia,F-002779
P-002572,C0266,2026-03-30,2635719,depósito,F-002837
P-002573,C0554,2026-03-30,468217,transferencia,F-002846
P-002574,C0919,2026-03-30,444227,transferencia,F-002926
P-002575,C0339,2026-03-30,408456,transferencia,F-002996
P-002576,C0575,2026-03-31,259039,transferencia,F-001692
P-002577,C0958,2026-03-31,768800,transferencia,F-001986
P-002578,C0621,2026-03-31,609639,transferencia,F-002169
P-002579,C1117,2026-03-31,1440912,transferencia,F-002479
P-002580,C0755,2026-03-31,2612300,transferencia,F-002483
P-002581,C0906,2026-03-31,150987,depósito,F-002497
P-002582,C0027,2026-03-31,277270,cheque,F-002548
P-002583,C1000,2026-03-31,7000627,cheque,F-002577
P-002584,C0473,2026-03-31,323811,depósito,F-002582
P-002585,C0090,2026-03-31,363000,transferencia,F-002677
P-002586,C0374,2026-03-31,307865,transferencia,F-002834
P-002587,C0722,2026-03-31,829442,transferencia,F-002850
P-002588,C0798,2026-03-31,287468,transferencia,F-002941
P-002589,C0209,2026-03-31,422260,transferencia,F-002968
P-002590,C0993,2026-03-31,239892,transferencia,F-002969
P-002591,C0227,2026-03-31,1250071,depósito,F-002242
P-002592,C0139,2026-03-31,720557,transferencia,F-002254
P-002593,C0245,2026-03-31,938517,transferencia,F-002487
P-002594,C0140,2026-03-31,7337123,transferencia,"F-002530, F-002544, F-002574, F-002675"
P-002595,C1054,2026-03-31,460958,transferencia,F-002562
P-002596,C0420,2026-03-31,613290,transferencia,F-002879
P-002597,C1080,2026-03-31,811592,transferencia,F-002918
P-002598,C0379,2026-03-31,700446,transferencia,F-002928
P-002599,C0501,2026-03-31,498396,transferencia,F-002960
P-002600,C1078,2026-04-01,420582,transferencia,F-002086
P-002601,C0376,2026-04-01,657451,transferencia,F-002325
P-002602,C0961,2026-04-01,561000,transferencia,F-002407
P-002603,C0311,2026-04-01,964150,transferencia,F-002475
P-002604,C0274,2026-04-01,286112,transferencia,F-002587
P-002605,C0832,2026-04-01,462803,depósito,F-002632
P-002606,C0373,2026-04-01,118000,transferencia,F-002776
P-002607,C0186,2026-04-01,260000,transferencia,F-002813
P-002608,C1064,2026-04-01,2292000,transferencia,F-002878
P-002609,C0974,2026-04-01,2533046,transferencia,F-002885
P-002610,C0249,2026-04-01,952762,depósito,F-002896
P-002611,C0901,2026-04-01,386167,transferencia,F-002899
P-002612,C0246,2026-04-01,948418,transferencia,F-002911
P-002613,C1100,2026-04-01,5099971,transferencia,F-002921
P-002614,C0610,2026-04-01,832631,transferencia,F-002934
P-002615,C1141,2026-04-01,1435033,depósito,F-002942
P-002616,C0468,2026-04-01,125593,transferencia,F-002018
P-002617,C1196,2026-04-01,802286,cheque,F-002056
P-002618,C0770,2026-04-01,592739,transferencia,F-002933
P-002619,C0081,2026-04-02,215307,transferencia,F-001860
P-002620,C0942,2026-04-02,642993,transferencia,F-002355
P-002621,C0190,2026-04-02,2148676,cheque,F-002392
P-002622,C0860,2026-04-02,683274,transferencia,F-002683
P-002623,C0169,2026-04-02,389000,transferencia,F-002745
P-002624,C0249,2026-04-02,173776,transferencia,F-002805
P-002625,C0538,2026-04-02,479034,transferencia,F-002819
P-002626,C0467,2026-04-02,486972,transferencia,F-002875
P-002627,C0610,2026-04-02,920298,transferencia,F-002903
P-002628,C0268,2026-04-02,1101464,cheque,F-002913
P-002629,C0536,2026-04-02,3569929,transferencia,F-002939
P-002630,C0993,2026-04-02,161721,transferencia,F-002977
P-002631,C0437,2026-04-02,1429868,transferencia,F-003016
P-002632,C0637,2026-04-02,429245,cheque,F-003144
P-002633,C0325,2026-04-02,1619150,transferencia,F-002116
P-002634,C0586,2026-04-02,517864,transferencia,F-002219
P-002635,C0882,2026-04-02,531383,transferencia,F-002985
P-002636,C0593,2026-04-03,166126,transferencia,F-001755
P-002637,C0530,2026-04-03,872341,transferencia,F-001985
P-002638,C0754,2026-04-03,345874,cheque,F-002121
P-002639,C0228,2026-04-03,242000,transferencia,F-002441
P-002640,C0031,2026-04-03,95000,transferencia,F-002473
P-002641,C1004,2026-04-03,1246216,transferencia,F-002680
P-002642,C0525,2026-04-03,310459,transferencia,F-002943
P-002643,C1012,2026-04-03,308864,transferencia,F-002947
P-002644,C0285,2026-04-03,1110234,transferencia,F-002970
P-002645,C0843,2026-04-03,715261,cheque,F-002980
P-002646,C0265,2026-04-03,642636,transferencia,F-003022
P-002647,C0754,2026-04-03,5014196,transferencia,F-002048
P-002648,C0382,2026-04-03,1430285,transferencia,F-002744
P-002649,C0631,2026-04-03,2508639,transferencia,"F-002842, F-002865, F-002983"
P-002650,C1096,2026-04-03,4669215,transferencia,"F-002887, F-002993"
P-002651,C0149,2026-04-06,1717479,transferencia,F-001623
P-002652,C0565,2026-04-06,266500,cheque,F-001962
P-002653,C0362,2026-04-06,1538610,transferencia,F-001987
P-002654,C0593,2026-04-06,549000,cheque,F-002178
P-002655,C0228,2026-04-06,126000,transferencia,F-002329
P-002656,C0228,2026-04-06,296000,transferencia,F-002346
P-002657,C1167,2026-04-06,2102825,cheque,F-002453
P-002658,C0185,2026-04-06,586527,transferencia,F-002470
P-002659,C0683,2026-04-06,173000,transferencia,F-002500
P-002660,C0382,2026-04-06,526111,transferencia,F-002535
P-002661,C1115,2026-04-06,3700531,transferencia,F-002542
P-002662,C0163,2026-04-06,746927,transferencia,F-002561
P-002663,C0507,2026-04-06,1472101,transferencia,F-002641
P-002664,C0507,2026-04-06,318194,cheque,F-002642
P-002665,C0671,2026-04-06,724770,depósito,F-002653
P-002666,C0283,2026-04-06,455472,transferencia,F-002665
P-002667,C0147,2026-04-06,521839,depósito,F-002674
P-002668,C1039,2026-04-06,89000,cheque,F-002679
P-002669,C0081,2026-04-06,2505807,cheque,F-002724
P-002670,C0538,2026-04-06,433731,transferencia,F-002799
P-002671,C1059,2026-04-06,352000,cheque,F-002839
P-002672,C0094,2026-04-06,319456,transferencia,F-002845
P-002673,C1031,2026-04-06,317278,cheque,F-002881
P-002674,C0737,2026-04-06,346326,transferencia,F-002907
P-002675,C0211,2026-04-06,356381,cheque,F-002925
P-002676,C0450,2026-04-06,1408603,transferencia,F-002927
P-002677,C0822,2026-04-06,785031,transferencia,F-002932
P-002678,C0528,2026-04-06,430316,transferencia,F-002938
P-002679,C1085,2026-04-06,301308,transferencia,F-002944
P-002680,C0249,2026-04-06,633901,transferencia,F-002950
P-002681,C1110,2026-04-06,2190635,depósito,F-002954
P-002682,C0878,2026-04-06,993412,transferencia,F-002984
P-002683,C0822,2026-04-06,311911,transferencia,F-002988
P-002684,C0813,2026-04-06,926653,cheque,F-002992
P-002685,C0857,2026-04-06,1885162,depósito,F-002999
P-002686,C0375,2026-04-06,1040381,transferencia,F-003006
P-002687,C0013,2026-04-06,306758,transferencia,F-003007
P-002688,C0447,2026-04-06,1033098,transferencia,F-003029
P-002689,C0516,2026-04-06,2656342,transferencia,F-003032
P-002690,C0525,2026-04-06,157104,transferencia,F-003045
P-002691,C1042,2026-04-06,1314462,transferencia,F-003051
P-002692,C0940,2026-04-06,515556,transferencia,F-003083
P-002693,C0632,2026-04-06,650609,cheque,F-002440
P-002694,C0586,2026-04-06,1031670,transferencia,F-002498
P-002695,C0311,2026-04-06,773417,transferencia,F-002601
P-002696,C0274,2026-04-06,135136,transferencia,F-002629
P-002697,C0163,2026-04-06,922250,transferencia,F-002737
P-002698,C1080,2026-04-06,596261,transferencia,F-002946
P-002699,C0420,2026-04-06,778058,transferencia,F-002982
P-002700,C1097,2026-04-06,706729,transferencia,"F-003041, F-003093"
P-002701,C0770,2026-04-06,734777,transferencia,F-003042
P-002702,C1141,2026-04-06,7073015,transferencia,F-003053
P-002703,C0631,2026-04-06,2118236,cheque,F-003066
P-002704,C1042,2026-04-06,505024,transferencia,F-003077
P-002705,C1127,2026-04-07,562263,transferencia,F-002327
P-002706,C0301,2026-04-07,847232,depósito,F-002373
P-002707,C0461,2026-04-07,416179,depósito,F-002517
P-002708,C1122,2026-04-07,980905,transferencia,F-002624
P-002709,C0614,2026-04-07,160578,transferencia,F-002639
P-002710,C0185,2026-04-07,1245394,transferencia,F-002732
P-002711,C0960,2026-04-07,472894,transferencia,F-002972
P-002712,C0923,2026-04-07,541212,transferencia,F-003061
P-002713,C0655,2026-04-07,348563,transferencia,F-003109
P-002714,C0718,2026-04-07,370566,transferencia,F-003115
P-002715,C0340,2026-04-07,5281101,transferencia,F-003164
P-002716,C0139,2026-04-07,1421015,transferencia,F-002379
P-002717,C0993,2026-04-07,678478,transferencia,F-002964
P-002718,C0958,2026-04-08,693948,transferencia,F-002105
P-002719,C0683,2026-04-08,216736,transferencia,F-002359
P-002720,C0123,2026-04-08,5383608,depósito,F-002459
P-002721,C1110,2026-04-08,815650,transferencia,F-002573
P-002722,C0677,2026-04-08,395746,transferencia,F-002719
P-002723,C0917,2026-04-08,3808095,transferencia,F-002751
P-002724,C0831,2026-04-08,1223641,transferencia,F-002961
P-002725,C0946,2026-04-08,920084,transferencia,F-003049
P-002726,C0233,2026-04-08,1460023,transferencia,F-003089
P-002727,C1077,2026-04-08,2109965,transferencia,F-003095
P-002728,C0849,2026-04-08,190448,transferencia,F-003098
P-002729,C1006,2026-04-08,3283508,transferencia,F-003130
P-002730,C0935,2026-04-08,316433,depósito,F-003171
P-002731,C0345,2026-04-08,237786,transferencia,F-002828
P-002732,C0245,2026-04-08,1172019,transferencia,F-002849
P-002733,C0313,2026-04-08,184617,transferencia,F-002858
P-002734,C0218,2026-04-08,724710,transferencia,F-003036
P-002735,C0017,2026-04-09,536428,transferencia,F-001162
P-002736,C0330,2026-04-09,511000,transferencia,F-002377
P-002737,C1004,2026-04-09,595785,transferencia,F-002563
P-002738,C1180,2026-04-09,259242,transferencia,F-002651
P-002739,C0939,2026-04-09,2480614,cheque,F-002689
P-002740,C0253,2026-04-09,619538,transferencia,F-002708
P-002741,C0140,2026-04-09,613457,cheque,F-002764
P-002742,C0200,2026-04-09,359404,transferencia,F-002800
P-002743,C0381,2026-04-09,1011262,depósito,F-002836
P-002744,C1171,2026-04-09,2835556,transferencia,F-002948
P-002745,C0045,2026-04-09,683036,transferencia,F-003015
P-002746,C1077,2026-04-09,607971,transferencia,F-003059
P-002747,C0363,2026-04-09,865178,transferencia,F-003082
P-002748,C0763,2026-04-09,2750030,transferencia,F-003255
P-002749,C1167,2026-04-09,3223532,cheque,F-002400
P-002750,C0590,2026-04-09,1727761,depósito,F-002566
P-002751,C0677,2026-04-09,1185335,transferencia,F-002758
P-002752,C0783,2026-04-09,2288262,transferencia,"F-003072, F-003186"
P-002753,C1101,2026-04-09,696876,transferencia,F-003085
P-002754,C1089,2026-04-10,484866,transferencia,F-001253
P-002755,C0275,2026-04-10,1421836,transferencia,F-001647
P-002756,C1078,2026-04-10,658546,transferencia,F-002155
P-002757,C1127,2026-04-10,663711,transferencia,F-002239
P-002758,C1059,2026-04-10,839709,transferencia,F-002605
P-002759,C0625,2026-04-10,382644,transferencia,F-002627
P-002760,C0683,2026-04-10,274777,transferencia,F-002722
P-002761,C0140,2026-04-10,5248745,transferencia,F-002756
P-002762,C0140,2026-04-10,1074272,depósito,F-002766
P-002763,C0785,2026-04-10,686916,transferencia,F-002770
P-002764,C1064,2026-04-10,1022000,transferencia,F-002956
P-002765,C1149,2026-04-10,414108,transferencia,F-003078
P-002766,C0471,2026-04-10,1319579,transferencia,F-003097
P-002767,C0746,2026-04-10,628986,cheque,F-003124
P-002768,C0430,2026-04-10,294822,transferencia,F-003166
P-002769,C0754,2026-04-10,4449648,transferencia,"F-002139, F-002161, F-002317"
P-002770,C0325,2026-04-10,4369786,depósito,"F-002158, F-002217, F-002321"
P-002771,C0140,2026-04-10,1897456,depósito,"F-002529, F-002690, F-002803"
P-002772,C0747,2026-04-10,807451,transferencia,F-002543
P-002773,C0449,2026-04-10,418642,transferencia,F-002774
P-002774,C0507,2026-04-10,904293,transferencia,F-002880
P-002775,C0805,2026-04-10,1495211,transferencia,F-003148
P-002776,C0060,2026-04-10,2825512,transferencia,F-003206
P-002777,C1191,2026-04-10,672993,transferencia,F-003259
P-002778,C0907,2026-04-13,2435454,transferencia,F-000817
P-002779,C0417,2026-04-13,809378,transferencia,F-000846
P-002780,C0961,2026-04-13,387952,transferencia,F-002026
P-002781,C0538,2026-04-13,448773,transferencia,F-002035
P-002782,C0090,2026-04-13,538505,cheque,F-002071
P-002783,C1196,2026-04-13,995340,transferencia,F-002145
P-002784,C0754,2026-04-13,1784215,transferencia,F-002204
P-002785,C1127,2026-04-13,3293825,transferencia,F-002208
P-002786,C0958,2026-04-13,314993,transferencia,F-002257
P-002787,C1039,2026-04-13,801599,transferencia,F-002344
P-002788,C0193,2026-04-13,561621,transferencia,F-002448
P-002789,C0906,2026-04-13,293322,transferencia,F-002449
P-002790,C0031,2026-04-13,149000,transferencia,F-002473
P-002791,C0586,2026-04-13,609851,transferencia,F-002558
P-002792,C0926,2026-04-13,372000,depósito,F-002567
P-002793,C0484,2026-04-13,1275808,transferencia,F-002613
P-002794,C0227,2026-04-13,705968,transferencia,F-002623
P-002795,C0376,2026-04-13,619538,depósito,F-002638
P-002796,C0636,2026-04-13,1865533,transferencia,F-002717
P-002797,C0960,2026-04-13,1419468,transferencia,F-002721
P-002798,C0873,2026-04-13,644040,transferencia,F-002735
P-002799,C0531,2026-04-13,351169,transferencia,F-002740
P-002800,C0287,2026-04-13,698887,cheque,F-002763
P-002801,C0896,2026-04-13,3130259,depósito,F-002765
P-002802,C0428,2026-04-13,1158798,depósito,F-002769
P-002803,C1054,2026-04-13,1302979,transferencia,F-002784
P-002804,C0310,2026-04-13,209273,depósito,F-002785
P-002805,C0758,2026-04-13,1147374,cheque,F-002789
P-002806,C0772,2026-04-13,174525,transferencia,F-002794
P-002807,C0507,2026-04-13,242415,transferencia,F-002861
P-002808,C0428,2026-04-13,740716,depósito,F-002871
P-002809,C1064,2026-04-13,2043000,transferencia,F-002878
P-002810,C0484,2026-04-13,262000,depósito,F-002894
P-002811,C0683,2026-04-13,117000,transferencia,F-002991
P-002812,C0761,2026-04-13,313720,depósito,F-003037
P-002813,C1094,2026-04-13,759220,transferencia,F-003046
P-002814,C0748,2026-04-13,102090,transferencia,F-003055
P-002815,C0296,2026-04-13,510665,transferencia,F-003068
P-002816,C0023,2026-04-13,517000,transferencia,F-003081
P-002817,C1034,2026-04-13,268309,depósito,F-003090
P-002818,C0818,2026-04-13,254006,depósito,F-003099
P-002819,C0722,2026-04-13,596583,transferencia,F-003133
P-002820,C0450,2026-04-13,340126,transferencia,F-003138
P-002821,C0011,2026-04-13,159734,transferencia,F-003143
P-002822,C0843,2026-04-13,727614,transferencia,F-003157
P-002823,C0901,2026-04-13,675706,transferencia,F-003161
P-002824,C0003,2026-04-13,549423,transferencia,F-003169
P-002825,C1096,2026-04-13,472406,depósito,F-003177
P-002826,C1121,2026-04-13,710775,cheque,F-003195
P-002827,C1097,2026-04-13,1045391,transferencia,F-003223
P-002828,C1076,2026-04-13,848434,transferencia,F-003232
P-002829,C1188,2026-04-13,1204899,transferencia,F-003237
P-002830,C0249,2026-04-13,1276477,transferencia,F-003240
P-002831,C0554,2026-04-13,2491134,transferencia,F-003266
P-002832,C0194,2026-04-13,1530935,depósito,F-003271
P-002833,C0653,2026-04-13,718665,transferencia,F-002151
P-002834,C0227,2026-04-13,931532,transferencia,F-002378
P-002835,C0190,2026-04-13,1249452,transferencia,F-002478
P-002836,C0590,2026-04-13,2979213,transferencia,F-002550
P-002837,C1056,2026-04-13,1461249,transferencia,F-002672
P-002838,C0216,2026-04-13,375100,transferencia,F-002703
P-002839,C0245,2026-04-13,950465,transferencia,F-002718
P-002840,C0156,2026-04-13,1450241,transferencia,F-003128
P-002841,C0501,2026-04-13,737717,transferencia,F-003149
P-002842,C1077,2026-04-13,423652,transferencia,F-003163
P-002843,C0181,2026-04-13,253184,transferencia,F-003198
P-002844,C0091,2026-04-14,481129,transferencia,F-002087
P-002845,C0031,2026-04-14,419520,transferencia,F-002399
P-002846,C0190,2026-04-14,206072,transferencia,F-002600
P-002847,C0614,2026-04-14,707086,transferencia,F-002664
P-002848,C0140,2026-04-14,2164741,transferencia,F-002841
P-002849,C0939,2026-04-14,256124,transferencia,F-002844
P-002850,C0023,2026-04-14,285660,transferencia,F-003074
P-002851,C0502,2026-04-14,590000,transferencia,F-003079
P-002852,C0226,2026-04-14,804987,transferencia,F-003104
P-002853,C0832,2026-04-14,1630181,transferencia,F-003106
P-002854,C0899,2026-04-14,878280,cheque,F-003152
P-002855,C0561,2026-04-14,654024,cheque,F-003249
P-002856,C0843,2026-04-14,3252722,transferencia,F-003265
P-002857,C1078,2026-04-14,246687,transferencia,F-002299
P-002858,C0248,2026-04-14,193530,transferencia,F-002575
P-002859,C0283,2026-04-14,779521,transferencia,F-002807
P-002860,C0163,2026-04-14,585409,transferencia,F-002810
P-002861,C0428,2026-04-14,1173066,transferencia,"F-002974, F-003004"
P-002862,C0607,2026-04-15,303676,transferencia,F-001360
P-002863,C0926,2026-04-15,201776,transferencia,F-001446
P-002864,C0754,2026-04-15,746154,depósito,F-002336
P-002865,C0961,2026-04-15,511373,cheque,F-002407
P-002866,C0227,2026-04-15,143026,transferencia,F-002603
P-002867,C0148,2026-04-15,637233,transferencia,F-002705
P-002868,C0169,2026-04-15,654000,transferencia,F-002745
P-002869,C0012,2026-04-15,216794,transferencia,F-002806
P-002870,C1052,2026-04-15,508618,transferencia,F-002808
P-002871,C0186,2026-04-15,597000,transferencia,F-002813
P-002872,C0458,2026-04-15,388785,transferencia,F-002827
P-002873,C0193,2026-04-15,187000,depósito,F-002835
P-002874,C1122,2026-04-15,388523,transferencia,F-002936
P-002875,C0965,2026-04-15,943099,transferencia,F-003094
P-002876,C1064,2026-04-15,541000,transferencia,F-003116
P-002877,C0123,2026-04-15,382573,transferencia,F-003125
P-002878,C0291,2026-04-15,280852,transferencia,F-003182
P-002879,C0736,2026-04-15,110000,transferencia,F-003187
P-002880,C0783,2026-04-15,2081287,transferencia,F-003191
P-002881,C0732,2026-04-15,720521,transferencia,F-003204
P-002882,C0964,2026-04-15,494802,transferencia,F-003212
P-002883,C0770,2026-04-15,2964076,transferencia,F-003243
P-002884,C1021,2026-04-15,929164,transferencia,F-003269
P-002885,C0763,2026-04-15,532228,transferencia,F-003272
P-002886,C0140,2026-04-15,4457133,transferencia,"F-002671, F-002818, F-002831, F-002904"
P-002887,C0124,2026-04-16,441657,transferencia,F-001946
P-002888,C1062,2026-04-16,927831,transferencia,F-002233
P-002889,C0888,2026-04-16,602806,transferencia,F-002292
P-002890,C0140,2026-04-16,790279,depósito,F-002890
P-002891,C0151,2026-04-16,925082,transferencia,F-002909
P-002892,C0659,2026-04-16,168528,cheque,F-002930
P-002893,C0031,2026-04-16,80896,cheque,F-002966
P-002894,C0257,2026-04-16,477000,transferencia,F-002989
P-002895,C0652,2026-04-16,782223,cheque,F-002997
P-002896,C0360,2026-04-16,418237,cheque,F-003069
P-002897,C0490,2026-04-16,478570,transferencia,F-003114
P-002898,C0363,2026-04-16,1011607,transferencia,F-003196
P-002899,C0054,2026-04-16,1050746,depósito,F-003236
P-002900,C0866,2026-04-16,2031068,transferencia,F-003301
P-002901,C0507,2026-04-16,361165,transferencia,F-002898
P-002902,C1054,2026-04-16,1304597,transferencia,F-003000
P-002903,C1141,2026-04-16,112574,transferencia,F-003215
P-002904,C0722,2026-04-16,1632287,depósito,F-003231
P-002905,C0308,2026-04-16,1938688,transferencia,F-003246
P-002906,C0761,2026-04-16,597796,transferencia,F-003276
P-002907,C0565,2026-04-17,1183181,transferencia,F-000038
P-002908,C0023,2026-04-17,264656,transferencia,F-002174
P-002909,C0614,2026-04-17,2427600,cheque,F-002752
P-002910,C0099,2026-04-17,174478,transferencia,F-002777
P-002911,C0007,2026-04-17,1674818,transferencia,F-002829
P-002912,C1138,2026-04-17,834499,transferencia,F-002847
P-002913,C0572,2026-04-17,1109235,transferencia,F-002990
P-002914,C1004,2026-04-17,632426,transferencia,F-002998
P-002915,C0755,2026-04-17,1337858,transferencia,F-003165
P-002916,C0047,2026-04-17,249936,depósito,F-003199
P-002917,C0738,2026-04-17,536333,depósito,F-003205
P-002918,C0358,2026-04-17,945443,transferencia,F-003248
P-002919,C0326,2026-04-17,1865087,transferencia,F-003252
P-002920,C0901,2026-04-17,2833557,transferencia,F-003273
P-002921,C1077,2026-04-17,2133694,transferencia,F-003275
P-002922,C0319,2026-04-17,531383,transferencia,F-002965
P-002923,C0468,2026-04-20,1026768,transferencia,F-002259
P-002924,C0958,2026-04-20,606602,cheque,F-002349
P-002925,C0228,2026-04-20,260000,transferencia,F-002441
P-002926,C0593,2026-04-20,157000,transferencia,F-002510
P-002927,C0593,2026-04-20,196112,transferencia,F-002604
P-002928,C0868,2026-04-20,2498584,transferencia,F-002618
P-002929,C0747,2026-04-20,345052,transferencia,F-002645
P-002930,C0632,2026-04-20,1809490,transferencia,F-002650
P-002931,C0586,2026-04-20,1010953,transferencia,F-002702
P-002932,C1060,2026-04-20,538368,transferencia,F-002775
P-002933,C0373,2026-04-20,337913,transferencia,F-002776
P-002934,C0772,2026-04-20,869331,transferencia,F-002868
P-002935,C0709,2026-04-20,1824734,transferencia,F-002883
P-002936,C0015,2026-04-20,586575,transferencia,F-002895
P-002937,C1065,2026-04-20,697649,transferencia,F-002912
P-002938,C0079,2026-04-20,449665,transferencia,F-002935
P-002939,C1138,2026-04-20,202954,transferencia,F-002971
P-002940,C0418,2026-04-20,314220,depósito,F-002976
P-002941,C0432,2026-04-20,1761652,transferencia,F-002981
P-002942,C0456,2026-04-20,2652284,transferencia,F-002987
P-002943,C0934,2026-04-20,2429040,transferencia,F-003027
P-002944,C0832,2026-04-20,702862,cheque,F-003030
P-002945,C0075,2026-04-20,313000,cheque,F-003047
P-002946,C0507,2026-04-20,1355826,depósito,F-003075
P-002947,C0960,2026-04-20,220888,transferencia,F-003087
P-002948,C0426,2026-04-20,2581848,transferencia,F-003112
P-002949,C0545,2026-04-20,706063,transferencia,F-003117
P-002950,C0249,2026-04-20,922202,cheque,F-003217
P-002951,C1149,2026-04-20,686939,depósito,F-003227
P-002952,C0944,2026-04-20,3994485,transferencia,F-003228
P-002953,C0264,2026-04-20,1783477,depósito,F-003239
P-002954,C0249,2026-04-20,3858194,transferencia,F-003242
P-002955,C0880,2026-04-20,1730784,transferencia,F-003253
P-002956,C0651,2026-04-20,185104,transferencia,F-003264
P-002957,C0066,2026-04-20,315421,transferencia,F-003268
P-002958,C0855,2026-04-20,496218,transferencia,F-003279
P-002959,C0184,2026-04-20,282149,transferencia,F-003280
P-002960,C1120,2026-04-20,1428345,transferencia,F-003291
P-002961,C0957,2026-04-20,1071750,transferencia,F-003311
P-002962,C0646,2026-04-20,770382,transferencia,F-003315
P-002963,C0993,2026-04-20,1027541,cheque,F-003317
P-002964,C1050,2026-04-20,1036942,transferencia,F-003366
P-002965,C0941,2026-04-20,889263,transferencia,F-003396
P-002966,C0227,2026-04-20,362403,transferencia,F-002580
P-002967,C1167,2026-04-20,388154,transferencia,F-002584
P-002968,C0590,2026-04-20,531466,transferencia,F-002620
P-002969,C0603,2026-04-20,2446093,cheque,F-002915
P-002970,C1195,2026-04-20,413073,depósito,F-002917
P-002971,C0274,2026-04-20,262764,transferencia,F-002979
P-002972,C0772,2026-04-20,2680392,transferencia,F-003014
P-002973,C0119,2026-04-20,769466,cheque,F-003244
P-002974,C1149,2026-04-20,897986,transferencia,F-003283
P-002975,C0944,2026-04-20,6015057,cheque,F-003303
P-002976,C0742,2026-04-20,314470,transferencia,F-003312
P-002977,C0102,2026-04-21,912908,transferencia,F-002443
P-002978,C0633,2026-04-21,679823,depósito,F-002611
P-002979,C1039,2026-04-21,174000,transferencia,F-002679
P-002980,C0242,2026-04-21,1364692,transferencia,F-002753
P-002981,C0245,2026-04-21,314565,cheque,F-002955
P-002982,C0134,2026-04-21,174930,transferencia,F-003067
P-002983,C0382,2026-04-21,1348187,transferencia,F-003168
P-002984,C0741,2026-04-21,63201,transferencia,F-003224
P-002985,C0853,2026-04-21,962484,depósito,F-003277
P-002986,C0549,2026-04-21,629212,transferencia,F-003282
P-002987,C0799,2026-04-21,2750150,transferencia,F-003344
P-002988,C0731,2026-04-21,1140615,depósito,F-003347
P-002989,C0516,2026-04-21,365187,transferencia,F-003378
P-002990,C0032,2026-04-21,1209861,transferencia,F-003430
P-002991,C0761,2026-04-21,1515536,depósito,F-003433
P-002992,C0999,2026-04-21,847351,transferencia,F-003435
P-002993,C0754,2026-04-21,3914517,transferencia,"F-002341, F-002457"
P-002994,C1127,2026-04-21,669851,transferencia,F-002358
P-002995,C0301,2026-04-21,1290377,transferencia,"F-002710, F-002747"
P-002996,C0632,2026-04-21,926296,cheque,F-002790
P-002997,C0917,2026-04-21,508380,transferencia,"F-002804, F-002986"
P-002998,C1099,2026-04-21,2555418,cheque,F-003299
P-002999,C0323,2026-04-21,314779,transferencia,F-003381
P-003000,C0417,2026-04-22,1293851,transferencia,F-002940
P-003001,C1064,2026-04-22,374406,transferencia,F-002956
P-003002,C1156,2026-04-22,537820,transferencia,F-002959
P-003003,C0354,2026-04-22,1412304,transferencia,F-003026
P-003004,C0403,2026-04-22,882778,transferencia,F-003084
P-003005,C0216,2026-04-22,844769,transferencia,F-003100
P-003006,C0310,2026-04-22,1069953,transferencia,F-003159
P-003007,C0915,2026-04-22,325501,depósito,F-003180
P-003008,C0530,2026-04-22,306758,transferencia,F-003202
P-003009,C0942,2026-04-22,2598651,transferencia,F-003247
P-003010,C0931,2026-04-22,598606,depósito,F-003297
P-003011,C0303,2026-04-22,232288,transferencia,F-003328
P-003012,C0249,2026-04-22,919489,transferencia,F-003335
P-003013,C0882,2026-04-22,684726,transferencia,F-003348
P-003014,C0266,2026-04-22,1755214,transferencia,F-003370
P-003015,C0249,2026-04-22,582065,transferencia,F-007017
P-003016,C0248,2026-04-22,1007656,transferencia,"F-002696, F-002730"
P-003017,C1054,2026-04-22,1457881,transferencia,"F-002859, F-003142"
P-003018,C1117,2026-04-22,265703,cheque,F-003013
P-003019,C0843,2026-04-22,3738516,transferencia,F-003421
P-003020,C0184,2026-04-22,514223,transferencia,F-003497
P-003021,C0593,2026-04-23,413000,transferencia,F-002178
P-003022,C0191,2026-04-23,1111746,depósito,F-002230
P-003023,C1078,2026-04-23,1568051,cheque,F-002372
P-003024,C0330,2026-04-23,426018,transferencia,F-002377
P-003025,C0186,2026-04-23,32000,transferencia,F-002511
P-003026,C0926,2026-04-23,635847,cheque,F-002567
P-003027,C0747,2026-04-23,1420408,depósito,F-002648
P-003028,C1064,2026-04-23,1998668,transferencia,F-002878
P-003029,C0452,2026-04-23,419725,transferencia,F-002951
P-003030,C0917,2026-04-23,823028,depósito,F-002952
P-003031,C0314,2026-04-23,708978,transferencia,F-002975
P-003032,C0755,2026-04-23,1962548,transferencia,F-003118
P-003033,C0461,2026-04-23,379000,depósito,F-003293
P-003034,C1109,2026-04-23,865654,transferencia,F-003326
P-003035,C0993,2026-04-23,743833,transferencia,F-003341
P-003036,C0109,2026-04-23,1364918,depósito,F-003346
P-003037,C0011,2026-04-23,381157,transferencia,F-003350
P-003038,C0011,2026-04-23,577769,cheque,F-003352
P-003039,C0395,2026-04-23,1313439,transferencia,F-003362
P-003040,C0811,2026-04-23,759470,transferencia,F-003364
P-003041,C1057,2026-04-23,428102,transferencia,F-003384
P-003042,C0761,2026-04-23,487805,transferencia,F-003389
P-003043,C0281,2026-04-23,595774,depósito,F-003390
P-003044,C0045,2026-04-23,798276,transferencia,F-003394
P-003045,C0555,2026-04-23,255993,transferencia,F-003406
P-003046,C1057,2026-04-23,668387,transferencia,F-003452
P-003047,C0468,2026-04-23,1156121,transferencia,F-002395
P-003048,C0140,2026-04-23,328297,transferencia,F-003002
P-003049,C0345,2026-04-23,1222844,transferencia,F-003076
P-003050,C0449,2026-04-23,435433,transferencia,F-003136
P-003051,C0798,2026-04-23,720783,transferencia,F-003306
P-003052,C0722,2026-04-23,971683,transferencia,F-003342
P-003053,C0554,2026-04-23,1609570,depósito,F-003399
P-003054,C0149,2026-04-24,880457,transferencia,F-002572
P-003055,C0228,2026-04-24,296655,transferencia,F-002655
P-003056,C0389,2026-04-24,585194,transferencia,F-002914
P-003057,C0102,2026-04-24,702302,transferencia,F-003233
P-003058,C1155,2026-04-24,313624,transferencia,F-003320
P-003059,C0501,2026-04-24,726019,transferencia,F-003331
P-003060,C0640,2026-04-24,809878,transferencia,F-003333
P-003061,C1106,2026-04-24,1487774,transferencia,F-003353
P-003062,C1131,2026-04-24,2827916,transferencia,F-003360
P-003063,C0631,2026-04-24,1284664,transferencia,F-003361
P-003064,C0738,2026-04-24,2070945,transferencia,F-003367
P-003065,C0818,2026-04-24,509320,transferencia,F-003373
P-003066,C0004,2026-04-24,321217,transferencia,F-003379
P-003067,C1121,2026-04-24,1024530,transferencia,F-003383
P-003068,C0993,2026-04-24,1971223,transferencia,F-003398
P-003069,C0962,2026-04-24,998077,transferencia,F-003455
P-003070,C0249,2026-04-24,1511931,transferencia,F-007010
P-003071,C0249,2026-04-24,302807,transferencia,F-007016
P-003072,C0747,2026-04-24,408170,transferencia,F-002816
P-003073,C0376,2026-04-24,205941,transferencia,F-002872
P-003074,C0677,2026-04-24,1884520,transferencia,"F-002916, F-003012, F-003039"
P-003075,C0507,2026-04-24,159496,transferencia,F-002967
P-003076,C0838,2026-04-24,639316,transferencia,F-002978
P-003077,C0127,2026-04-24,1515524,transferencia,"F-003008, F-003172"
P-003078,C0969,2026-04-24,809569,transferencia,F-003043
P-003079,C1101,2026-04-24,592251,cheque,F-003294
P-003080,C0228,2026-04-27,174000,transferencia,F-002346
P-003081,C0293,2026-04-27,7135157,transferencia,F-002468
P-003082,C1078,2026-04-27,182641,depósito,F-002471
P-003083,C1004,2026-04-27,309590,transferencia,F-002622
P-003084,C0227,2026-04-27,1371927,cheque,F-002833
P-003085,C0456,2026-04-27,817566,transferencia,F-002929
P-003086,C1028,2026-04-27,1262245,transferencia,F-002958
P-003087,C0683,2026-04-27,213689,transferencia,F-002991
P-003088,C0283,2026-04-27,646360,transferencia,F-003018
P-003089,C0070,2026-04-27,589086,transferencia,F-003063
P-003090,C1068,2026-04-27,744809,cheque,F-003071
P-003091,C0023,2026-04-27,409177,transferencia,F-003081
P-003092,C0222,2026-04-27,1098132,transferencia,F-003120
P-003093,C0772,2026-04-27,1413184,transferencia,F-003154
P-003094,C1054,2026-04-27,227897,transferencia,F-003174
P-003095,C0249,2026-04-27,187163,transferencia,F-003181
P-003096,C0031,2026-04-27,653000,transferencia,F-003197
P-003097,C0140,2026-04-27,196100,depósito,F-003220
P-003098,C0683,2026-04-27,86620,depósito,F-003221
P-003099,C0853,2026-04-27,1319960,transferencia,F-003286
P-003100,C0047,2026-04-27,3031858,transferencia,F-003330
P-003101,C0659,2026-04-27,1419000,transferencia,F-003334
P-003102,C0119,2026-04-27,127497,transferencia,F-003338
P-003103,C0020,2026-04-27,3643435,depósito,F-003356
P-003104,C0980,2026-04-27,867177,transferencia,F-003407
P-003105,C1007,2026-04-27,179583,transferencia,F-003411
P-003106,C0675,2026-04-27,472799,cheque,F-003427
P-003107,C0249,2026-04-27,3388965,transferencia,F-003449
P-003108,C0249,2026-04-27,1677710,transferencia,F-007019
P-003109,C1196,2026-04-27,470264,transferencia,F-002553
P-003110,C0586,2026-04-27,564988,transferencia,F-002669
P-003111,C1054,2026-04-27,293145,depósito,F-003025
P-003112,C0245,2026-04-27,743739,transferencia,F-003088
P-003113,C0163,2026-04-27,4006504,depósito,"F-003158, F-003192"
P-003114,C0323,2026-04-27,467349,transferencia,F-003409
P-003115,C0919,2026-04-27,1078545,transferencia,F-003439
P-003116,C0060,2026-04-27,393057,transferencia,F-003519
P-003117,C1158,2026-04-27,460780,cheque,F-003553
P-003118,C0755,2026-04-28,1260805,transferencia,F-001179
P-003119,C0169,2026-04-28,232882,transferencia,F-002745
P-003120,C0419,2026-04-28,1215168,transferencia,F-002749
P-003121,C0747,2026-04-28,1750288,depósito,F-002869
P-003122,C0484,2026-04-28,145000,transferencia,F-002894
P-003123,C0473,2026-04-28,1061778,cheque,F-003048
P-003124,C0354,2026-04-28,2197537,transferencia,F-003070
P-003125,C0502,2026-04-28,549151,transferencia,F-003079
P-003126,C1180,2026-04-28,563965,transferencia,F-003141
P-003127,C0608,2026-04-28,238012,transferencia,F-003313
P-003128,C0857,2026-04-28,303748,transferencia,F-003431
P-003129,C0617,2026-04-28,443477,transferencia,F-003459
P-003130,C0776,2026-04-28,149869,depósito,F-003464
P-003131,C1155,2026-04-28,660462,cheque,F-003470
P-003132,C0843,2026-04-28,1453276,transferencia,F-003471
P-003133,C0455,2026-04-28,620121,transferencia,F-003476
P-003134,C0031,2026-04-28,179238,transferencia,F-003478
P-003135,C1097,2026-04-28,638268,transferencia,F-003488
P-003136,C0608,2026-04-28,718927,depósito,F-003506
P-003137,C1078,2026-04-28,180785,transferencia,F-002646
P-003138,C0140,2026-04-28,455449,depósito,F-003110
P-003139,C0274,2026-04-28,1121468,transferencia,F-003189
P-003140,C0457,2026-04-28,1512776,transferencia,F-003454
P-003141,C0742,2026-04-28,2236093,cheque,F-003615
P-003142,C1078,2026-04-29,400078,transferencia,F-002595
P-003143,C0643,2026-04-29,441633,transferencia,F-002780
P-003144,C0507,2026-04-29,1147136,transferencia,F-003129
P-003145,C0082,2026-04-29,581589,cheque,F-003453
P-003146,C0082,2026-04-29,191233,transferencia,F-003516
P-003147,C0964,2026-04-29,617872,transferencia,F-003551
P-003148,C0718,2026-04-29,343482,transferencia,F-003580
P-003149,C0249,2026-04-29,683381,transferencia,F-007008
P-003150,C0376,2026-04-29,559740,transferencia,F-002755
P-003151,C0643,2026-04-29,485377,transferencia,F-002761
P-003152,C0418,2026-04-29,455139,transferencia,F-003040
P-003153,C0896,2026-04-29,225160,transferencia,F-003073
P-003154,C0507,2026-04-29,496539,transferencia,F-003102
P-003155,C0554,2026-04-29,2945143,transferencia,"F-003319, F-003443"
P-003156,C1080,2026-04-29,2194813,transferencia,"F-003413, F-003438, F-003564"
P-003157,C1037,2026-04-29,363486,transferencia,F-003450
P-003158,C0253,2026-04-30,300844,transferencia,F-002711
P-003159,C0593,2026-04-30,238214,depósito,F-002725
P-003160,C0193,2026-04-30,182007,transferencia,F-002835
P-003161,C0906,2026-04-30,1086000,cheque,F-003050
P-003162,C1064,2026-04-30,762000,transferencia,F-003116
P-003163,C0832,2026-04-30,842651,transferencia,F-003167
P-003164,C0324,2026-04-30,180321,cheque,F-003194
P-003165,C1180,2026-04-30,765360,depósito,F-003230
P-003166,C0411,2026-04-30,1060695,depósito,F-003426
P-003167,C0778,2026-04-30,1392431,cheque,F-003444
P-003168,C0996,2026-04-30,427400,cheque,F-003457
P-003169,C0732,2026-04-30,1184014,transferencia,F-003472
P-003170,C0520,2026-04-30,745892,cheque,F-003493
P-003171,C0495,2026-04-30,1257592,transferencia,F-003494
P-003172,C0249,2026-04-30,1555104,transferencia,F-003521
P-003173,C0653,2026-04-30,3896381,transferencia,F-002546
P-003174,C0468,2026-04-30,393723,transferencia,F-002590
P-003175,C0190,2026-04-30,1161095,transferencia,F-002854
P-003176,C0632,2026-04-30,1452728,transferencia,"F-002855, F-002877, F-003020"
P-003177,C0139,2026-04-30,1097406,transferencia,F-002857
P-003178,C0934,2026-04-30,722473,transferencia,F-003190
P-003179,C0379,2026-04-30,523588,transferencia,F-003437
P-003180,C0770,2026-04-30,303986,transferencia,F-003509
P-003181,C0156,2026-04-30,223208,transferencia,F-003570
P-003182,C0275,2026-05-01,788934,transferencia,F-002323
P-003183,C0433,2026-05-01,1532898,transferencia,F-002670
P-003184,C1167,2026-05-01,903638,transferencia,F-002791
P-003185,C0992,2026-05-01,247437,transferencia,F-003270
P-003186,C0305,2026-05-01,3139470,transferencia,F-003365
P-003187,C0832,2026-05-01,2497536,transferencia,F-003387
P-003188,C0959,2026-05-01,333426,cheque,F-003468
P-003189,C0554,2026-05-01,713119,transferencia,F-003483
P-003190,C0297,2026-05-01,418154,depósito,F-003518
P-003191,C0767,2026-05-01,424604,transferencia,F-003531
P-003192,C0617,2026-05-01,873365,transferencia,F-003563
P-003193,C0167,2026-05-01,665793,transferencia,F-003155
P-003194,C0772,2026-05-01,794028,transferencia,F-003188
P-003195,C0310,2026-05-01,382216,transferencia,F-003222
P-003196,C0726,2026-05-01,5009472,cheque,"F-003429, F-003550"
P-003197,C0722,2026-05-01,2555085,transferencia,F-003525
P-003198,C0194,2026-05-01,2103896,transferencia,F-003600
P-003199,C0124,2026-05-04,1429678,transferencia,F-000624
P-003200,C0362,2026-05-04,2536556,transferencia,F-002367
P-003201,C0040,2026-05-04,548459,depósito,F-002425
P-003202,C0228,2026-05-04,197196,depósito,F-002441
P-003203,C0956,2026-05-04,1108128,cheque,F-002460
P-003204,C0031,2026-05-04,140203,transferencia,F-002473
P-003205,C0186,2026-05-04,203183,transferencia,F-002813
P-003206,C0926,2026-05-04,418000,transferencia,F-002817
P-003207,C0961,2026-05-04,70000,cheque,F-002820
P-003208,C0228,2026-05-04,757000,transferencia,F-002862
P-003209,C0257,2026-05-04,954000,transferencia,F-002989
P-003210,C0906,2026-05-04,4455000,transferencia,F-003052
P-003211,C0871,2026-05-04,297643,transferencia,F-003058
P-003212,C0048,2026-05-04,525754,transferencia,F-003126
P-003213,C0507,2026-05-04,1070250,transferencia,F-003132
P-003214,C0019,2026-05-04,2746199,cheque,F-003139
P-003215,C0521,2026-05-04,334390,transferencia,F-003150
P-003216,C1110,2026-05-04,1612950,transferencia,F-003162
P-003217,C0906,2026-05-04,930000,cheque,F-003175
P-003218,C0418,2026-05-04,1546714,cheque,F-003185
P-003219,C0138,2026-05-04,1074415,transferencia,F-003207
P-003220,C0345,2026-05-04,707741,cheque,F-003274
P-003221,C0771,2026-05-04,1855615,transferencia,F-003278
P-003222,C0461,2026-05-04,116000,transferencia,F-003293
P-003223,C0909,2026-05-04,435588,transferencia,F-003308
P-003224,C1075,2026-05-04,445215,transferencia,F-003325
P-003225,C0566,2026-05-04,468000,transferencia,F-003371
P-003226,C0257,2026-05-04,690000,transferencia,F-003403
P-003227,C0796,2026-05-04,2578908,transferencia,F-003405
P-003228,C0234,2026-05-04,95000,transferencia,F-003410
P-003229,C0035,2026-05-04,537000,transferencia,F-003414
P-003230,C1031,2026-05-04,1737067,transferencia,F-003423
P-003231,C0015,2026-05-04,1075605,transferencia,F-003451
P-003232,C0755,2026-05-04,1408948,transferencia,F-003475
P-003233,C0549,2026-05-04,301356,depósito,F-003481
P-003234,C0394,2026-05-04,1263494,depósito,F-003499
P-003235,C0440,2026-05-04,1081044,transferencia,F-003514
P-003236,C0665,2026-05-04,1568134,transferencia,F-003520
P-003237,C1184,2026-05-04,594084,transferencia,F-003526
P-003238,C0597,2026-05-04,592596,transferencia,F-003529
P-003239,C0805,2026-05-04,471930,transferencia,F-003532
P-003240,C0936,2026-05-04,5525955,transferencia,F-003539
P-003241,C1188,2026-05-04,600403,transferencia,F-003569
P-003242,C0980,2026-05-04,928557,transferencia,F-003572
P-003243,C0249,2026-05-04,320622,transferencia,F-003574
P-003244,C0555,2026-05-04,1675020,transferencia,F-003617
P-003245,C0383,2026-05-04,333271,transferencia,F-003634
P-003246,C0379,2026-05-04,1184121,transferencia,F-003643
P-003247,C0486,2026-05-04,2096542,transferencia,F-003662
P-003248,C1155,2026-05-04,704278,transferencia,F-003670
P-003249,C1141,2026-05-04,2123543,transferencia,F-003676
P-003250,C0468,2026-05-04,943039,transferencia,F-002714
P-003251,C0227,2026-05-04,302367,transferencia,F-002825
P-003252,C0190,2026-05-04,582529,depósito,F-002920
P-003253,C1167,2026-05-04,436552,transferencia,F-003121
P-003254,C0507,2026-05-04,483128,depósito,F-003135
P-003255,C0469,2026-05-04,2868102,transferencia,F-003200
P-003256,C1195,2026-05-04,338579,transferencia,F-003261
P-003257,C1097,2026-05-04,363890,depósito,F-003545
P-003258,C0253,2026-05-05,175715,transferencia,F-002381
P-003259,C0768,2026-05-05,808177,transferencia,F-002741
P-003260,C0841,2026-05-05,991151,transferencia,F-003005
P-003261,C0140,2026-05-05,1852818,transferencia,F-003245
P-003262,C0772,2026-05-05,3404911,transferencia,F-003250
P-003263,C0311,2026-05-05,2035638,transferencia,F-003254
P-003264,C0683,2026-05-05,373000,transferencia,F-003296
P-003265,C0001,2026-05-05,265108,transferencia,F-003528
P-003266,C0201,2026-05-05,282804,transferencia,F-003555
P-003267,C1080,2026-05-05,1040524,transferencia,F-003588
P-003268,C0051,2026-05-05,361070,transferencia,F-003626
P-003269,C0388,2026-05-05,645135,transferencia,F-003667
P-003270,C1196,2026-05-05,437063,depósito,F-002686
P-003271,C0376,2026-05-05,628058,transferencia,"F-002892, F-003003"
P-003272,C0590,2026-05-05,498872,transferencia,F-003011
P-003273,C1158,2026-05-05,1982219,transferencia,"F-003419, F-003595"
P-003274,C1037,2026-05-05,438360,transferencia,F-003515
P-003275,C0741,2026-05-06,1055280,transferencia,F-002682
P-003276,C0357,2026-05-06,1306394,transferencia,F-003238
P-003277,C0138,2026-05-06,341804,transferencia,F-003284
P-003278,C0860,2026-05-06,166517,transferencia,F-003560
P-003279,C0201,2026-05-06,991698,transferencia,F-003593
P-003280,C0303,2026-05-06,2488195,transferencia,F-003608
P-003281,C0631,2026-05-06,2842077,transferencia,F-003679
P-003282,C0610,2026-05-06,364307,transferencia,F-003684
P-003283,C0754,2026-05-06,1405521,transferencia,F-002521
P-003284,C1078,2026-05-06,1036586,cheque,"F-002526, F-002616"
P-003285,C0301,2026-05-06,266798,transferencia,F-003044
P-003286,C0245,2026-05-06,196576,transferencia,F-003302
P-003287,C0798,2026-05-06,367246,transferencia,F-003546
P-003288,C1012,2026-05-06,287873,transferencia,F-003577
P-003289,C0783,2026-05-06,179535,transferencia,F-003629
P-003290,C0850,2026-05-06,385096,cheque,F-003665
P-003291,C0490,2026-05-07,1512264,transferencia,F-002973
P-003292,C0736,2026-05-07,417000,transferencia,F-003187
P-003293,C0239,2026-05-07,3215773,depósito,F-003193
P-003294,C0342,2026-05-07,273105,transferencia,F-003536
P-003295,C1185,2026-05-07,1357243,transferencia,F-003591
P-003296,C0393,2026-05-07,2945440,transferencia,F-003605
P-003297,C1106,2026-05-07,2517386,transferencia,F-003622
P-003298,C0677,2026-05-07,1126549,transferencia,"F-003179, F-003351"
P-003299,C0163,2026-05-07,578935,transferencia,"F-003287, F-003377"
P-003300,C0428,2026-05-07,289515,cheque,F-003332
P-003301,C0228,2026-05-08,166317,transferencia,F-002346
P-003302,C0482,2026-05-08,514080,transferencia,F-002937
P-003303,C0139,2026-05-08,1643628,transferencia,F-003021
P-003304,C1167,2026-05-08,548245,cheque,F-003031
P-003305,C0593,2026-05-08,232000,transferencia,F-003033
P-003306,C0632,2026-05-08,772857,transferencia,F-003107
P-003307,C1060,2026-05-08,1065074,transferencia,F-003355
P-003308,C0874,2026-05-08,1985884,transferencia,F-003416
P-003309,C0249,2026-05-08,978501,transferencia,F-003474
P-003310,C0124,2026-05-08,500419,transferencia,F-003568
P-003311,C0855,2026-05-08,534572,transferencia,F-003625
P-003312,C0742,2026-05-08,2753684,transferencia,F-003637
P-003313,C0323,2026-05-08,965268,transferencia,F-003663
P-003314,C0940,2026-05-08,359558,transferencia,F-003677
P-003315,C0597,2026-05-08,1027089,transferencia,F-003725
P-003316,C0310,2026-05-08,2038518,transferencia,F-003345
P-003317,C0934,2026-05-08,1469614,transferencia,F-003401
P-003318,C1149,2026-05-08,8407886,depósito,F-003636
P-003319,C1089,2026-05-11,441597,transferencia,F-001552
P-003320,C1194,2026-05-11,815686,transferencia,F-002166
P-003321,C0152,2026-05-11,660164,transferencia,F-002538
P-003322,C1078,2026-05-11,79694,transferencia,F-002634
P-003323,C0906,2026-05-11,997274,depósito,F-003050
P-003324,C0906,2026-05-11,774000,transferencia,F-003105
P-003325,C0191,2026-05-11,5878064,cheque,F-003108
P-003326,C0376,2026-05-11,1307251,transferencia,F-003131
P-003327,C0721,2026-05-11,178512,transferencia,F-003173
P-003328,C0031,2026-05-11,222000,transferencia,F-003197
P-003329,C0403,2026-05-11,424759,transferencia,F-003225
P-003330,C0737,2026-05-11,657511,depósito,F-003257
P-003331,C1054,2026-05-11,318718,transferencia,F-003289
P-003332,C0130,2026-05-11,632985,transferencia,F-003300
P-003333,C0659,2026-05-11,369000,transferencia,F-003334
P-003334,C1102,2026-05-11,854527,transferencia,F-003388
P-003335,C0741,2026-05-11,384644,transferencia,F-003392
P-003336,C0443,2026-05-11,324834,transferencia,F-003402
P-003337,C0906,2026-05-11,329000,transferencia,F-003420
P-003338,C0649,2026-05-11,3798206,transferencia,F-003592
P-003339,C0052,2026-05-11,978025,transferencia,F-003604
P-003340,C0249,2026-05-11,1125121,transferencia,F-003613
P-003341,C0156,2026-05-11,763813,transferencia,F-003616
P-003342,C1050,2026-05-11,452450,transferencia,F-003619
P-003343,C0996,2026-05-11,2271246,transferencia,F-003623
P-003344,C1076,2026-05-11,816733,cheque,F-003624
P-003345,C0440,2026-05-11,2243328,transferencia,F-003633
P-003346,C0733,2026-05-11,2073527,transferencia,F-003656
P-003347,C0708,2026-05-11,830215,transferencia,F-003669
P-003348,C0492,2026-05-11,1271241,transferencia,F-003671
P-003349,C0049,2026-05-11,3045984,transferencia,F-003680
P-003350,C0691,2026-05-11,775249,transferencia,F-003681
P-003351,C0312,2026-05-11,256576,transferencia,F-003698
P-003352,C0004,2026-05-11,911326,transferencia,F-003702
P-003353,C0308,2026-05-11,648110,transferencia,F-003711
P-003354,C0181,2026-05-11,1506516,transferencia,F-003724
P-003355,C0923,2026-05-11,2553954,depósito,F-003730
P-003356,C0686,2026-05-11,3320362,cheque,F-003740
P-003357,C0754,2026-05-11,1164605,transferencia,F-002602
P-003358,C0227,2026-05-11,1657372,cheque,F-003010
P-003359,C1167,2026-05-11,260158,transferencia,F-003080
P-003360,C0140,2026-05-11,979691,transferencia,F-003404
P-003361,C0992,2026-05-11,1296243,cheque,F-003440
P-003362,C1149,2026-05-11,617063,transferencia,F-003673
P-003363,C0746,2026-05-11,1963286,transferencia,F-003729
P-003364,C0919,2026-05-11,1143054,transferencia,F-003747
P-003365,C0593,2026-05-12,136000,transferencia,F-002510
P-003366,C1039,2026-05-12,128082,transferencia,F-002679
P-003367,C1167,2026-05-12,2776270,cheque,F-003062
P-003368,C0401,2026-05-12,3201469,cheque,F-003318
P-003369,C0494,2026-05-12,205537,transferencia,F-003386
P-003370,C0389,2026-05-12,445596,depósito,F-003417
P-003371,C0257,2026-05-12,208000,transferencia,F-003482
P-003372,C0418,2026-05-12,155414,transferencia,F-003486
P-003373,C0058,2026-05-12,554385,transferencia,F-003544
P-003374,C0090,2026-05-12,346000,transferencia,F-003660
P-003375,C0395,2026-05-12,809236,transferencia,F-003690
P-003376,C0913,2026-05-12,529122,transferencia,F-003691
P-003377,C0655,2026-05-12,679264,transferencia,F-003715
P-003378,C0585,2026-05-12,1072595,transferencia,F-003770
P-003379,C0352,2026-05-12,757483,transferencia,F-003802
P-003380,C0376,2026-05-12,1102928,transferencia,"F-003111, F-003137, F-003146"
P-003381,C0677,2026-05-12,6076652,depósito,"F-003184, F-003285, F-003385"
P-003382,C0969,2026-05-12,4671738,transferencia,F-003337
P-003383,C0805,2026-05-12,1288592,transferencia,F-003737
P-003384,C0308,2026-05-12,942373,depósito,F-003775
P-003385,C0004,2026-05-12,620490,transferencia,F-003790
P-003386,C0075,2026-05-13,593018,transferencia,F-003047
P-003387,C0593,2026-05-13,145049,transferencia,F-003054
P-003388,C0228,2026-05-13,40000,depósito,F-003156
P-003389,C0125,2026-05-13,773571,cheque,F-003178
P-003390,C0961,2026-05-13,184000,transferencia,F-003201
P-003391,C0248,2026-05-13,948275,transferencia,F-003219
P-003392,C0969,2026-05-13,530930,transferencia,F-003327
P-003393,C0089,2026-05-13,544901,depósito,F-003343
P-003394,C0140,2026-05-13,630950,transferencia,F-003357
P-003395,C0507,2026-05-13,1088910,transferencia,F-003479
P-003396,C0313,2026-05-13,671838,depósito,F-003579
P-003397,C1007,2026-05-13,687737,transferencia,F-003610
P-003398,C0749,2026-05-13,534608,transferencia,F-003696
P-003399,C0049,2026-05-13,2346430,transferencia,F-003706
P-003400,C0819,2026-05-13,225196,transferencia,F-003709
P-003401,C0631,2026-05-13,358737,depósito,F-003718
P-003402,C0204,2026-05-13,241534,transferencia,F-003728
P-003403,C0028,2026-05-13,1219381,transferencia,F-003749
P-003404,C1121,2026-05-13,498669,transferencia,F-003753
P-003405,C0958,2026-05-13,387321,transferencia,F-002687
P-003406,C1078,2026-05-13,412383,transferencia,F-002922
P-003407,C0482,2026-05-14,850910,transferencia,F-002319
P-003408,C1089,2026-05-14,712144,cheque,F-003023
P-003409,C0643,2026-05-14,652322,transferencia,F-003092
P-003410,C0139,2026-05-14,219698,transferencia,F-003170
P-003411,C1102,2026-05-14,241023,transferencia,F-003281
P-003412,C0606,2026-05-14,363735,transferencia,F-003309
P-003413,C0566,2026-05-14,314000,transferencia,F-003371
P-003414,C0469,2026-05-14,1398214,transferencia,F-003393
P-003415,C0915,2026-05-14,299273,transferencia,F-003425
P-003416,C0688,2026-05-14,2573458,transferencia,F-003445
P-003417,C1103,2026-05-14,984868,transferencia,F-003492
P-003418,C0549,2026-05-14,5072530,transferencia,F-003598
P-003419,C1109,2026-05-14,461184,transferencia,F-003630
P-003420,C0832,2026-05-14,1175815,transferencia,F-003693
P-003421,C0964,2026-05-14,402506,transferencia,F-003695
P-003422,C0249,2026-05-14,2240960,transferencia,F-003712
P-003423,C0733,2026-05-14,1525140,transferencia,F-003734
P-003424,C0761,2026-05-14,1089814,transferencia,F-003742
P-003425,C1184,2026-05-14,1275347,cheque,F-003746
P-003426,C0190,2026-05-14,635662,transferencia,F-003218
P-003427,C0382,2026-05-14,437706,transferencia,F-003310
P-003428,C0939,2026-05-14,1405176,transferencia,F-003314
P-003429,C0274,2026-05-14,312375,transferencia,F-003573
P-003430,C0742,2026-05-14,266500,transferencia,F-003806
P-003431,C1127,2026-05-15,219674,transferencia,F-002860
P-003432,C0926,2026-05-15,343000,transferencia,F-002910
P-003433,C0257,2026-05-15,751436,transferencia,F-002989
P-003434,C0593,2026-05-15,311000,transferencia,F-003009
P-003435,C0293,2026-05-15,2282444,transferencia,F-003183
P-003436,C0926,2026-05-15,601000,transferencia,F-003263
P-003437,C0530,2026-05-15,1059040,transferencia,F-003358
P-003438,C0332,2026-05-15,583136,transferencia,F-003374
P-003439,C0274,2026-05-15,1134606,transferencia,F-003397
P-003440,C0771,2026-05-15,744738,transferencia,F-003480
P-003441,C0677,2026-05-15,736265,transferencia,F-003496
P-003442,C0345,2026-05-15,753651,transferencia,F-003535
P-003443,C0249,2026-05-15,525421,transferencia,F-003632
P-003444,C0761,2026-05-15,1848130,cheque,F-003705
P-003445,C0249,2026-05-15,274819,transferencia,F-003719
P-003446,C1096,2026-05-15,1997832,transferencia,F-003752
P-003447,C0003,2026-05-15,1324589,transferencia,F-003761
P-003448,C0940,2026-05-15,1950315,transferencia,F-003831
P-003449,C0325,2026-05-15,5594393,depósito,"F-002797, F-002840, F-002888"
P-003450,C1054,2026-05-15,1635405,transferencia,F-003436
P-003451,C0418,2026-05-15,1056149,depósito,F-003505
P-003452,C0177,2026-05-15,1367619,transferencia,F-003699
P-003453,C0726,2026-05-15,2870245,transferencia,"F-003727, F-003766, F-003814, F-003822"
P-003454,C0843,2026-05-15,1229282,cheque,F-003765
P-003455,C0323,2026-05-15,563453,transferencia,F-003779
P-003456,C0442,2026-05-18,313970,transferencia,F-001895
P-003457,C0275,2026-05-18,1041678,transferencia,F-002030
P-003458,C0593,2026-05-18,73788,transferencia,F-002178
P-003459,C0102,2026-05-18,687392,transferencia,F-002691
P-003460,C0293,2026-05-18,2304292,transferencia,F-002727
P-003461,C0961,2026-05-18,264926,transferencia,F-002820
P-003462,C0958,2026-05-18,595785,transferencia,F-002945
P-003463,C0141,2026-05-18,335901,cheque,F-003060
P-003464,C0632,2026-05-18,580649,transferencia,F-003258
P-003465,C0914,2026-05-18,1113662,transferencia,F-003260
P-003466,C0302,2026-05-18,389225,depósito,F-003323
P-003467,C0906,2026-05-18,808000,transferencia,F-003363
P-003468,C0961,2026-05-18,247000,transferencia,F-003418
P-003469,C0138,2026-05-18,978168,transferencia,F-003424
P-003470,C0683,2026-05-18,156000,transferencia,F-003460
P-003471,C1040,2026-05-18,403077,transferencia,F-003484
P-003472,C0274,2026-05-18,467694,cheque,F-003503
P-003473,C0544,2026-05-18,4197868,transferencia,F-003522
P-003474,C0942,2026-05-18,1393026,transferencia,F-003558
P-003475,C0892,2026-05-18,164000,cheque,F-003586
P-003476,C1103,2026-05-18,1004836,transferencia,F-003646
P-003477,C0249,2026-05-18,887835,transferencia,F-003685
P-003478,C0582,2026-05-18,385370,transferencia,F-003704
P-003479,C0502,2026-05-18,248000,transferencia,F-003716
P-003480,C0347,2026-05-18,697138,transferencia,F-003732
P-003481,C0726,2026-05-18,2278231,transferencia,F-003758
P-003482,C0448,2026-05-18,680430,depósito,F-003781
P-003483,C0011,2026-05-18,865190,transferencia,F-003785
P-003484,C0872,2026-05-18,1986324,transferencia,F-003800
P-003485,C0936,2026-05-18,291003,depósito,F-003801
P-003486,C0730,2026-05-18,1086506,transferencia,F-003804
P-003487,C1121,2026-05-18,299226,transferencia,F-003813
P-003488,C0894,2026-05-18,1101000,depósito,F-003816
P-003489,C1141,2026-05-18,1693882,transferencia,F-003819
P-003490,C0676,2026-05-18,2271210,transferencia,F-003843
P-003491,C0996,2026-05-18,667804,transferencia,F-003862
P-003492,C0810,2026-05-18,1005288,transferencia,F-003863
P-003493,C0718,2026-05-18,255541,transferencia,F-003893
P-003494,C1158,2026-05-18,1131500,transferencia,F-003909
P-003495,C1080,2026-05-18,4213885,transferencia,F-003917
P-003496,C1158,2026-05-18,1364073,transferencia,F-003961
P-003497,C0249,2026-05-18,3002061,transferencia,F-007023
P-003498,C0958,2026-05-18,1188418,depósito,"F-002815, F-002900, F-003017"
P-003499,C0468,2026-05-18,1726726,depósito,F-002884
P-003500,C0747,2026-05-18,843900,cheque,F-003208
P-003501,C0603,2026-05-18,1216656,transferencia,F-003235
P-003502,C0190,2026-05-18,1645116,transferencia,F-003375
P-003503,C1195,2026-05-18,1854877,transferencia,F-003487
P-003504,C0771,2026-05-18,297393,transferencia,F-003540
P-003505,C0310,2026-05-18,870568,transferencia,F-003599
P-003506,C0688,2026-05-18,629177,transferencia,F-003651
P-003507,C0798,2026-05-18,1678257,transferencia,F-003791
P-003508,C0850,2026-05-18,417726,transferencia,F-003809
P-003509,C1141,2026-05-18,219138,transferencia,F-003840
P-003510,C0761,2026-05-18,306818,transferencia,F-003849
P-003511,C0119,2026-05-18,638387,transferencia,"F-003878, F-003908"
P-003512,C0958,2026-05-19,404755,transferencia,F-002768
P-003513,C1196,2026-05-19,860834,transferencia,F-002886
P-003514,C0484,2026-05-19,93478,transferencia,F-002894
P-003515,C0853,2026-05-19,1516048,transferencia,F-002906
P-003516,C0593,2026-05-19,2372000,transferencia,F-003001
P-003517,C0530,2026-05-19,3396129,transferencia,F-003103
P-003518,C0227,2026-05-19,1089647,depósito,F-003262
P-003519,C0461,2026-05-19,211063,transferencia,F-003293
P-003520,C0242,2026-05-19,2304209,depósito,F-003571
P-003521,C0249,2026-05-19,1927217,transferencia,F-003614
P-003522,C1147,2026-05-19,309186,transferencia,F-003850
P-003523,C0137,2026-05-19,366032,transferencia,F-003858
P-003524,C1106,2026-05-19,792873,transferencia,F-003945
P-003525,C1078,2026-05-19,1549916,transferencia,"F-002798, F-002856"
P-003526,C1167,2026-05-19,1547571,transferencia,F-003213
P-003527,C0586,2026-05-19,691402,transferencia,F-003241
P-003528,C0301,2026-05-19,1008085,cheque,F-003307
P-003529,C0939,2026-05-19,231110,transferencia,F-003527
P-003530,C0554,2026-05-19,8828562,transferencia,"F-003773, F-003915"
P-003531,C0344,2026-05-20,3814593,transferencia,F-003119
P-003532,C0417,2026-05-20,180809,transferencia,F-003324
P-003533,C0234,2026-05-20,315000,transferencia,F-003410
P-003534,C0221,2026-05-20,307425,cheque,F-003448
P-003535,C0048,2026-05-20,261526,depósito,F-003489
P-003536,C0599,2026-05-20,464231,transferencia,F-003533
P-003537,C0906,2026-05-20,535000,transferencia,F-003537
P-003538,C0032,2026-05-20,134708,cheque,F-003799
P-003539,C0625,2026-05-20,212010,cheque,F-003803
P-003540,C0225,2026-05-20,565083,transferencia,F-003833
P-003541,C1132,2026-05-20,1398786,transferencia,F-003846
P-003542,C0003,2026-05-20,564964,transferencia,F-003856
P-003543,C0437,2026-05-20,952190,transferencia,F-003864
P-003544,C0659,2026-05-20,267917,transferencia,F-003866
P-003545,C0728,2026-05-20,546591,transferencia,F-003966
P-003546,C0972,2026-05-20,1120040,transferencia,F-003967
P-003547,C0249,2026-05-20,1422847,transferencia,F-007025
P-003548,C0227,2026-05-20,1233090,transferencia,F-003305
P-003549,C1054,2026-05-20,2014741,transferencia,F-003434
P-003550,C0677,2026-05-20,1747729,transferencia,F-003469
P-003551,C0167,2026-05-20,677253,transferencia,F-003538
P-003552,C0283,2026-05-20,2314574,transferencia,F-003542
P-003553,C0969,2026-05-20,174252,transferencia,F-003631
P-003554,C0177,2026-05-20,87656,transferencia,F-003837
P-003555,C1104,2026-05-21,181796,depósito,F-003019
P-003556,C1078,2026-05-21,1023602,transferencia,F-003140
P-003557,C0906,2026-05-21,186363,transferencia,F-003175
P-003558,C0257,2026-05-21,403063,depósito,F-003403
P-003559,C0906,2026-05-21,238000,depósito,F-003477
P-003560,C0961,2026-05-21,176000,transferencia,F-003498
P-003561,C0311,2026-05-21,211035,transferencia,F-003549
P-003562,C0622,2026-05-21,2066042,transferencia,F-003644
P-003563,C0150,2026-05-21,643409,transferencia,F-003655
P-003564,C0035,2026-05-21,298000,depósito,F-003714
P-003565,C0186,2026-05-21,172324,transferencia,F-003721
P-003566,C0942,2026-05-21,584040,transferencia,F-003796
P-003567,C0347,2026-05-21,503679,transferencia,F-003838
P-003568,C1188,2026-05-21,831346,transferencia,F-003879
P-003569,C1099,2026-05-21,833060,transferencia,F-003899
P-003570,C0031,2026-05-21,164000,transferencia,F-003946
P-003571,C0180,2026-05-21,3861312,transferencia,F-003964
P-003572,C0248,2026-05-21,408051,depósito,F-003267
P-003573,C0245,2026-05-21,1522367,transferencia,"F-003336, F-003485, F-003587"
P-003574,C0590,2026-05-21,474679,transferencia,F-003339
P-003575,C0507,2026-05-21,6184169,transferencia,"F-003422, F-003597"
P-003576,C0428,2026-05-21,985249,transferencia,F-003694
P-003577,C0770,2026-05-21,127032,transferencia,F-004017
P-003578,C0475,2026-05-22,402958,transferencia,F-002411
P-003579,C1196,2026-05-22,222268,transferencia,F-003024
P-003580,C0625,2026-05-22,214747,transferencia,F-003349
P-003581,C0502,2026-05-22,2002000,transferencia,F-003596
P-003582,C0746,2026-05-22,826229,depósito,F-003859
P-003583,C0536,2026-05-22,1465854,transferencia,F-003873
P-003584,C0579,2026-05-22,2616096,transferencia,F-003894
P-003585,C1007,2026-05-22,451308,depósito,F-003900
P-003586,C0631,2026-05-22,429721,depósito,F-003907
P-003587,C0589,2026-05-22,653000,transferencia,F-003910
P-003588,C1175,2026-05-22,1123277,transferencia,F-003923
P-003589,C1144,2026-05-22,244081,transferencia,F-003926
P-003590,C1057,2026-05-22,528658,transferencia,F-003940
P-003591,C0281,2026-05-22,477583,transferencia,F-003968
P-003592,C0643,2026-05-22,1285878,cheque,F-003380
P-003593,C0140,2026-05-22,11103759,transferencia,"F-003412, F-003458, F-003510, F-003566, F-003649"
P-003594,C0742,2026-05-22,629427,cheque,F-003869
P-003595,C0631,2026-05-22,359820,transferencia,F-003984
P-003596,C0323,2026-05-22,1179195,transferencia,F-004076
P-003597,C1064,2026-05-25,936580,transferencia,F-003116
P-003598,C0228,2026-05-25,393000,transferencia,F-003122
P-003599,C0031,2026-05-25,585332,transferencia,F-003197
P-003600,C1194,2026-05-25,179131,transferencia,F-003226
P-003601,C0683,2026-05-25,553379,transferencia,F-003296
P-003602,C0741,2026-05-25,560252,transferencia,F-003368
P-003603,C0035,2026-05-25,89809,transferencia,F-003414
P-003604,C0257,2026-05-25,277591,transferencia,F-003482
P-003605,C0150,2026-05-25,1510336,transferencia,F-003502
P-003606,C0906,2026-05-25,142000,transferencia,F-003504
P-003607,C0794,2026-05-25,1540253,transferencia,F-003513
P-003608,C0883,2026-05-25,773143,transferencia,F-003548
P-003609,C1056,2026-05-25,920286,transferencia,F-003606
P-003610,C0606,2026-05-25,1510800,transferencia,F-003635
P-003611,C0163,2026-05-25,494136,cheque,F-003652
P-003612,C1000,2026-05-25,2020798,transferencia,F-003654
P-003613,C1117,2026-05-25,482010,transferencia,F-003682
P-003614,C0258,2026-05-25,1057172,depósito,F-003717
P-003615,C1052,2026-05-25,3961855,transferencia,F-003731
P-003616,C0939,2026-05-25,1481776,depósito,F-003738
P-003617,C0538,2026-05-25,872686,transferencia,F-003793
P-003618,C0001,2026-05-25,1536254,transferencia,F-003842
P-003619,C0835,2026-05-25,1170127,transferencia,F-003872
P-003620,C0642,2026-05-25,1163903,transferencia,F-003874
P-003621,C0554,2026-05-25,332617,transferencia,F-003876
P-003622,C0288,2026-05-25,398019,transferencia,F-003884
P-003623,C0374,2026-05-25,3108530,transferencia,F-003916
P-003624,C0326,2026-05-25,1767959,transferencia,F-003927
P-003625,C0536,2026-05-25,695376,transferencia,F-003956
P-003626,C1006,2026-05-25,449177,transferencia,F-003957
P-003627,C1093,2026-05-25,641470,transferencia,F-003960
P-003628,C0119,2026-05-25,1246513,transferencia,F-003965
P-003629,C0003,2026-05-25,1200258,cheque,F-003976
P-003630,C0651,2026-05-25,284743,transferencia,F-004003
P-003631,C0486,2026-05-25,283874,transferencia,F-004027
P-003632,C0843,2026-05-25,761005,transferencia,F-004044
P-003633,C0249,2026-05-25,892964,transferencia,F-007018
P-003634,C0632,2026-05-25,2641407,transferencia,F-003415
P-003635,C0969,2026-05-25,388333,transferencia,F-003523
P-003636,C1056,2026-05-25,497289,cheque,F-003581
P-003637,C0677,2026-05-25,896510,transferencia,F-003589
P-003638,C0850,2026-05-25,246044,transferencia,F-003918
P-003639,C0266,2026-05-25,344648,transferencia,F-003991
P-003640,C0420,2026-05-25,380514,transferencia,F-004039
P-003641,C0308,2026-05-25,107850,transferencia,F-004059
P-003642,C0926,2026-05-26,183000,transferencia,F-002817
P-003643,C0906,2026-05-26,596229,transferencia,F-003052
P-003644,C0248,2026-05-26,872913,transferencia,F-003369
P-003645,C1122,2026-05-26,692282,cheque,F-003556
P-003646,C0625,2026-05-26,1644116,transferencia,F-003594
P-003647,C0679,2026-05-26,1380674,transferencia,F-003601
P-003648,C0140,2026-05-26,173585,transferencia,F-003653
P-003649,C0140,2026-05-26,2062627,transferencia,F-003675
P-003650,C0578,2026-05-26,556991,transferencia,F-003797
P-003651,C0829,2026-05-26,2237057,transferencia,F-003871
P-003652,C0546,2026-05-26,1797269,transferencia,F-003889
P-003653,C0011,2026-05-26,1202638,transferencia,F-003919
P-003654,C1031,2026-05-26,113371,transferencia,F-003942
P-003655,C1198,2026-05-26,364152,transferencia,F-003949
P-003656,C0513,2026-05-26,1125954,depósito,F-003980
P-003657,C1024,2026-05-26,3446478,transferencia,F-003999
P-003658,C0866,2026-05-26,424866,transferencia,F-004008
P-003659,C1159,2026-05-26,516662,transferencia,F-004021
P-003660,C0249,2026-05-26,833488,transferencia,F-007013
P-003661,C0325,2026-05-26,2466370,transferencia,F-002994
P-003662,C1196,2026-05-26,2006864,transferencia,F-003096
P-003663,C0838,2026-05-26,1584521,depósito,F-003692
P-003664,C0806,2026-05-26,768502,transferencia,F-003713
P-003665,C1141,2026-05-26,269464,transferencia,F-004112
P-003666,C0325,2026-05-27,332367,depósito,F-003134
P-003667,C0958,2026-05-27,1333466,transferencia,F-003176
P-003668,C0344,2026-05-27,395508,transferencia,F-003209
P-003669,C0834,2026-05-27,287754,transferencia,F-003640
P-003670,C1138,2026-05-27,1482454,depósito,F-003674
P-003671,C0956,2026-05-27,2058295,transferencia,F-003726
P-003672,C0829,2026-05-27,3205503,transferencia,F-003820
P-003673,C0860,2026-05-27,382014,transferencia,F-003886
P-003674,C0177,2026-05-27,748784,transferencia,F-003993
P-003675,C1191,2026-05-27,609566,transferencia,F-003997
P-003676,C0596,2026-05-27,1250797,transferencia,F-004013
P-003677,C0300,2026-05-27,1768649,transferencia,F-004016
P-003678,C1064,2026-05-27,142000,transferencia,F-004028
P-003679,C0631,2026-05-27,84633,transferencia,F-004030
P-003680,C0044,2026-05-27,489554,transferencia,F-004155
P-003681,C0958,2026-05-27,793218,transferencia,"F-003038, F-003065"
P-003682,C0841,2026-05-27,1043225,transferencia,F-003441
P-003683,C0554,2026-05-27,3080933,transferencia,F-004031
P-003684,C0253,2026-05-28,4487966,transferencia,F-002408
P-003685,C0228,2026-05-28,517716,transferencia,F-002862
P-003686,C0228,2026-05-28,168000,transferencia,F-003507
P-003687,C0389,2026-05-28,1371939,cheque,F-003657
P-003688,C0090,2026-05-28,199282,transferencia,F-003660
P-003689,C0969,2026-05-28,2501582,transferencia,F-003687
P-003690,C0671,2026-05-28,1917257,transferencia,F-003720
P-003691,C0048,2026-05-28,1498960,transferencia,F-003733
P-003692,C0899,2026-05-28,1740792,depósito,F-003973
P-003693,C1096,2026-05-28,1778158,transferencia,F-003992
P-003694,C1193,2026-05-28,543937,transferencia,F-004005
P-003695,C0561,2026-05-28,798014,transferencia,F-004007
P-003696,C0060,2026-05-28,1425751,depósito,F-004012
P-003697,C0201,2026-05-28,442014,transferencia,F-004066
P-003698,C0676,2026-05-28,5830393,transferencia,F-004070
P-003699,C0119,2026-05-28,5458982,transferencia,F-004125
P-003700,C0492,2026-05-28,404207,cheque,F-004174
P-003701,C1078,2026-05-28,2953973,transferencia,"F-002923, F-003151, F-003160"
P-003702,C0754,2026-05-28,1174637,transferencia,"F-002949, F-003091"
P-003703,C0896,2026-05-28,2073575,transferencia,F-003603
P-003704,C0127,2026-05-28,416524,transferencia,F-003824
P-003705,C1080,2026-05-28,1748181,transferencia,F-003941
P-003706,C0783,2026-05-28,567833,transferencia,"F-003978, F-004120"
P-003707,C0799,2026-05-28,1207445,cheque,F-004009
P-003708,C1158,2026-05-28,552291,depósito,F-004032
P-003709,C0958,2026-05-29,339174,transferencia,F-003034
P-003710,C0906,2026-05-29,151000,transferencia,F-003105
P-003711,C0906,2026-05-29,1809940,transferencia,F-003363
P-003712,C0050,2026-05-29,1905166,transferencia,F-003707
P-003713,C0487,2026-05-29,617729,transferencia,F-003763
P-003714,C0077,2026-05-29,127830,transferencia,F-003835
P-003715,C1053,2026-05-29,2128862,transferencia,F-003904
P-003716,C0484,2026-05-29,2422000,transferencia,F-003947
P-003717,C1048,2026-05-29,191257,transferencia,F-003994
P-003718,C0596,2026-05-29,630581,depósito,F-004057
P-003719,C0450,2026-05-29,2518016,transferencia,F-004078
P-003720,C0184,2026-05-29,4094576,depósito,F-004089
P-003721,C0675,2026-05-29,457638,transferencia,F-004109
P-003722,C0507,2026-05-29,772500,cheque,F-003807
P-003723,C1077,2026-05-29,847530,transferencia,F-004004
P-003724,C0770,2026-05-29,731469,transferencia,F-004063
P-003725,C0593,2026-06-01,448418,transferencia,F-002510
P-003726,C0736,2026-06-01,494710,transferencia,F-003187
P-003727,C1078,2026-06-01,735194,transferencia,F-003216
P-003728,C0659,2026-06-01,1437364,transferencia,F-003334
P-003729,C0566,2026-06-01,583668,cheque,F-003371
P-003730,C0906,2026-06-01,437241,transferencia,F-003420
P-003731,C0906,2026-06-01,222000,transferencia,F-003477
P-003732,C0906,2026-06-01,349000,transferencia,F-003537
P-003733,C0614,2026-06-01,138885,transferencia,F-003723
P-003734,C0947,2026-06-01,1371261,transferencia,F-003736
P-003735,C1084,2026-06-01,683024,transferencia,F-003741
P-003736,C1179,2026-06-01,977002,transferencia,F-003748
P-003737,C1179,2026-06-01,1951457,transferencia,F-003759
P-003738,C1180,2026-06-01,1818296,transferencia,F-003762
P-003739,C1003,2026-06-01,751366,transferencia,F-003769
P-003740,C0449,2026-06-01,416560,depósito,F-003783
P-003741,C1052,2026-06-01,951036,transferencia,F-003786
P-003742,C1157,2026-06-01,1755916,transferencia,F-003789
P-003743,C0418,2026-06-01,352776,transferencia,F-003805
P-003744,C0507,2026-06-01,896974,transferencia,F-003823
P-003745,C0589,2026-06-01,177572,transferencia,F-003836
P-003746,C0090,2026-06-01,215000,transferencia,F-003851
P-003747,C0322,2026-06-01,1565731,depósito,F-003870
P-003748,C0047,2026-06-01,345338,transferencia,F-003925
P-003749,C0831,2026-06-01,289789,depósito,F-003939
P-003750,C0123,2026-06-01,297167,transferencia,F-003971
P-003751,C0510,2026-06-01,177786,depósito,F-003988
P-003752,C0551,2026-06-01,777796,transferencia,F-004010
P-003753,C0510,2026-06-01,285398,transferencia,F-004026
P-003754,C1154,2026-06-01,746404,transferencia,F-004033
P-003755,C0420,2026-06-01,670101,transferencia,F-004060
P-003756,C0764,2026-06-01,3052005,transferencia,F-004064
P-003757,C0430,2026-06-01,498908,transferencia,F-004097
P-003758,C0249,2026-06-01,302712,transferencia,F-004099
P-003759,C0953,2026-06-01,1413054,transferencia,F-004102
P-003760,C0651,2026-06-01,118691,transferencia,F-004119
P-003761,C1077,2026-06-01,602211,transferencia,F-004133
P-003762,C0430,2026-06-01,304557,cheque,F-004198
P-003763,C0249,2026-06-01,1610320,transferencia,F-007048
P-003764,C1078,2026-06-01,1405009,transferencia,F-003113
P-003765,C0653,2026-06-01,519007,depósito,F-003203
P-003766,C1127,2026-06-01,1253558,transferencia,F-003316
P-003767,C0227,2026-06-01,358333,transferencia,F-003322
P-003768,C0376,2026-06-01,666971,transferencia,F-003463
P-003769,C0747,2026-06-01,760077,transferencia,F-003547
P-003770,C0507,2026-06-01,522243,transferencia,F-003764
P-003771,C0313,2026-06-01,2223836,transferencia,F-003784
P-003772,C0163,2026-06-01,280650,transferencia,F-003817
P-003773,C0806,2026-06-01,389499,transferencia,F-003830
P-003774,C0783,2026-06-01,1537753,transferencia,"F-003979, F-004083"
P-003775,C1149,2026-06-01,383442,transferencia,F-004002
P-003776,C0308,2026-06-01,3698330,transferencia,F-004072
P-003777,C1141,2026-06-01,1269159,transferencia,F-004100
P-003778,C0379,2026-06-01,493100,transferencia,F-004251
P-003779,C0926,2026-06-02,349036,transferencia,F-003263
P-003780,C0538,2026-06-02,321836,transferencia,F-003408
P-003781,C0679,2026-06-02,1521082,transferencia,F-003887
P-003782,C0965,2026-06-02,534762,transferencia,F-003895
P-003783,C0997,2026-06-02,414489,transferencia,F-003986
P-003784,C0618,2026-06-02,181546,transferencia,F-004011
P-003785,C0249,2026-06-02,173597,transferencia,F-004022
P-003786,C0306,2026-06-02,249079,transferencia,F-004042
P-003787,C0952,2026-06-02,633175,transferencia,F-004098
P-003788,C0326,2026-06-02,717963,transferencia,F-004142
P-003789,C0580,2026-06-02,2431896,transferencia,F-004143
P-003790,C0399,2026-06-02,408194,transferencia,F-004179
P-003791,C0181,2026-06-02,1561399,transferencia,F-004238
P-003792,C0798,2026-06-02,217794,depósito,F-004241
P-003793,C0958,2026-06-02,701077,transferencia,F-003229
P-003794,C0632,2026-06-02,88084,transferencia,F-003490
P-003795,C0631,2026-06-02,681334,transferencia,F-004048
P-003796,C0761,2026-06-02,3247677,transferencia,"F-004061, F-004206"
P-003797,C0944,2026-06-02,3366022,transferencia,F-004150
P-003798,C0653,2026-06-03,1750526,transferencia,F-003234
P-003799,C0683,2026-06-03,543946,transferencia,F-003460
P-003800,C0961,2026-06-03,796000,transferencia,F-003700
P-003801,C0496,2026-06-03,492600,transferencia,F-003798
P-003802,C0233,2026-06-03,1337477,transferencia,F-004123
P-003803,C0301,2026-06-03,1254831,transferencia,F-003495
P-003804,C0418,2026-06-03,400233,transferencia,F-003683
P-003805,C0076,2026-06-04,1554652,transferencia,F-002736
P-003806,C0228,2026-06-04,359000,transferencia,F-003122
P-003807,C0961,2026-06-04,140000,transferencia,F-003201
P-003808,C0325,2026-06-04,1506492,cheque,F-003210
P-003809,C0961,2026-06-04,151000,transferencia,F-003744
P-003810,C1004,2026-06-04,226624,transferencia,F-003755
P-003811,C0342,2026-06-04,2284003,transferencia,F-003827
P-003812,C0589,2026-06-04,270000,transferencia,F-003910
P-003813,C0550,2026-06-04,1102559,depósito,F-004053
P-003814,C0980,2026-06-04,1442458,transferencia,F-004153
P-003815,C0863,2026-06-04,1809740,transferencia,F-004156
P-003816,C0315,2026-06-04,1086172,transferencia,F-004162
P-003817,C1035,2026-06-04,1807074,transferencia,F-004168
P-003818,C1012,2026-06-04,543532,transferencia,F-004182
P-003819,C0624,2026-06-04,813984,transferencia,F-004243
P-003820,C0004,2026-06-04,1616234,transferencia,F-004247
P-003821,C0249,2026-06-04,1051448,transferencia,F-007014
P-003822,C0565,2026-06-05,543461,transferencia,F-002533
P-003823,C0926,2026-06-05,694708,transferencia,F-002817
P-003824,C0228,2026-06-05,213000,transferencia,F-003156
P-003825,C0958,2026-06-05,658534,depósito,F-003251
P-003826,C0643,2026-06-05,496968,transferencia,F-003534
P-003827,C0228,2026-06-05,496000,transferencia,F-003567
P-003828,C0301,2026-06-05,730612,transferencia,F-003607
P-003829,C0140,2026-06-05,1799363,cheque,F-003768
P-003830,C0370,2026-06-05,804107,transferencia,F-003826
P-003831,C1028,2026-06-05,644849,transferencia,F-003839
P-003832,C0829,2026-06-05,425080,transferencia,F-003932
P-003833,C0066,2026-06-05,776070,transferencia,F-004118
P-003834,C0023,2026-06-05,630000,transferencia,F-004152
P-003835,C0592,2026-06-05,2110132,transferencia,F-004177
P-003836,C0986,2026-06-05,812163,transferencia,F-004186
P-003837,C0137,2026-06-05,374457,transferencia,F-004188
P-003838,C0137,2026-06-05,5186651,transferencia,F-004194
P-003839,C0811,2026-06-05,2289262,depósito,F-004232
P-003840,C0959,2026-06-05,847566,transferencia,F-004284
P-003841,C0139,2026-06-05,5257325,depósito,"F-003462, F-003561"
P-003842,C0248,2026-06-05,5322262,transferencia,"F-003467, F-003554, F-003590"
P-003843,C0140,2026-06-05,9865932,depósito,"F-003611, F-003678, F-003757, F-003810, F-003892"
P-003844,C1191,2026-06-05,2982200,transferencia,"F-004114, F-004154, F-004195, F-004237"
P-003845,C0017,2026-06-08,3105317,cheque,F-002607
P-003846,C0482,2026-06-08,351502,transferencia,F-002782
P-003847,C0926,2026-06-08,285391,transferencia,F-002910
P-003848,C0593,2026-06-08,453250,transferencia,F-003001
P-003849,C0593,2026-06-08,406332,transferencia,F-003009
P-003850,C0228,2026-06-08,246000,transferencia,F-003211
P-003851,C0653,2026-06-08,1273490,depósito,F-003382
P-003852,C0234,2026-06-08,404412,transferencia,F-003410
P-003853,C0961,2026-06-08,95000,transferencia,F-003418
P-003854,C0139,2026-06-08,801429,transferencia,F-003552
P-003855,C0865,2026-06-08,443513,transferencia,F-003562
P-003856,C0756,2026-06-08,1761736,transferencia,F-003578
P-003857,C0332,2026-06-08,2069220,transferencia,F-003760
P-003858,C0615,2026-06-08,192732,transferencia,F-003782
P-003859,C0150,2026-06-08,774262,transferencia,F-003792
P-003860,C1068,2026-06-08,377492,transferencia,F-003808
P-003861,C1066,2026-06-08,512747,transferencia,F-003818
P-003862,C0995,2026-06-08,533917,transferencia,F-003841
P-003863,C0963,2026-06-08,257266,transferencia,F-003865
P-003864,C0253,2026-06-08,566595,transferencia,F-003867
P-003865,C0048,2026-06-08,1127406,cheque,F-003880
P-003866,C0130,2026-06-08,464838,transferencia,F-003883
P-003867,C0755,2026-06-08,3029264,depósito,F-003914
P-003868,C0328,2026-06-08,637000,transferencia,F-003934
P-003869,C0031,2026-06-08,209624,transferencia,F-003946
P-003870,C0476,2026-06-08,315410,transferencia,F-004023
P-003871,C1064,2026-06-08,230000,transferencia,F-004028
P-003872,C0031,2026-06-08,458000,depósito,F-004040
P-003873,C0992,2026-06-08,576531,transferencia,F-004065
P-003874,C0403,2026-06-08,835606,depósito,F-004095
P-003875,C0305,2026-06-08,3140101,depósito,F-004096
P-003876,C0984,2026-06-08,616765,transferencia,F-004107
P-003877,C0315,2026-06-08,156675,transferencia,F-004130
P-003878,C0249,2026-06-08,2080215,transferencia,F-004144
P-003879,C0606,2026-06-08,1900418,depósito,F-004159
P-003880,C0371,2026-06-08,1553093,transferencia,F-004166
P-003881,C0184,2026-06-08,1137009,transferencia,F-004173
P-003882,C0512,2026-06-08,331736,transferencia,F-004193
P-003883,C0268,2026-06-08,494838,cheque,F-004196
P-003884,C0617,2026-06-08,432886,transferencia,F-004197
P-003885,C0589,2026-06-08,223000,transferencia,F-004209
P-003886,C0303,2026-06-08,685214,transferencia,F-004215
P-003887,C0055,2026-06-08,8559813,depósito,F-004228
P-003888,C0192,2026-06-08,338995,transferencia,F-004248
P-003889,C0763,2026-06-08,633782,transferencia,F-004255
P-003890,C0820,2026-06-08,1430297,cheque,F-004261
P-003891,C0749,2026-06-08,569748,transferencia,F-004283
P-003892,C0285,2026-06-08,532822,transferencia,F-004286
P-003893,C0399,2026-06-08,199599,depósito,F-004293
P-003894,C0168,2026-06-08,1410626,transferencia,F-004301
P-003895,C1184,2026-06-08,360713,transferencia,F-004314
P-003896,C0204,2026-06-08,991080,transferencia,F-004382
P-003897,C0249,2026-06-08,1112793,transferencia,F-007021
P-003898,C0227,2026-06-08,3422643,transferencia,"F-003530, F-003565"
P-003899,C0643,2026-06-08,1549047,transferencia,F-003585
P-003900,C0428,2026-06-08,412418,transferencia,F-003844
P-003901,C0992,2026-06-08,612767,transferencia,F-003852
P-003902,C0554,2026-06-08,155247,transferencia,F-004205
P-003903,C1097,2026-06-08,147405,transferencia,F-004223
P-003904,C0266,2026-06-08,787506,transferencia,F-004254
P-003905,C0228,2026-06-09,161000,transferencia,F-003507
P-003906,C0892,2026-06-09,253000,transferencia,F-003586
P-003907,C0632,2026-06-09,1972663,transferencia,F-003701
P-003908,C1004,2026-06-09,653655,transferencia,F-003832
P-003909,C0125,2026-06-09,1165296,depósito,F-003929
P-003910,C0428,2026-06-09,744095,transferencia,F-003954
P-003911,C1195,2026-06-09,636936,cheque,F-004094
P-003912,C0589,2026-06-09,203859,transferencia,F-004187
P-003913,C0956,2026-06-09,411740,transferencia,F-004189
P-003914,C0427,2026-06-09,890000,transferencia,F-004217
P-003915,C0296,2026-06-09,1045641,transferencia,F-004305
P-003916,C0857,2026-06-09,5915454,transferencia,F-004310
P-003917,C0718,2026-06-09,567523,depósito,F-004335
P-003918,C1155,2026-06-09,5309221,cheque,F-004343
P-003919,C1105,2026-06-09,1469483,transferencia,F-004371
P-003920,C0754,2026-06-09,1137069,transferencia,F-003214
P-003921,C0140,2026-06-09,634473,depósito,"F-003697, F-003901"
P-003922,C1054,2026-06-09,1052650,depósito,F-003861
P-003923,C0620,2026-06-09,1194046,transferencia,F-003985
P-003924,C0783,2026-06-09,487234,transferencia,F-004357
P-003925,C0275,2026-06-10,379003,transferencia,F-003442
P-003926,C0382,2026-06-10,530169,transferencia,F-003708
P-003927,C0253,2026-06-10,326298,cheque,F-003905
P-003928,C0342,2026-06-10,3457866,cheque,F-004051
P-003929,C0052,2026-06-10,2039303,transferencia,F-004055
P-003930,C0570,2026-06-10,300749,transferencia,F-004080
P-003931,C0249,2026-06-10,315778,transferencia,F-004110
P-003932,C0618,2026-06-10,1431570,transferencia,F-004164
P-003933,C0659,2026-06-10,315000,transferencia,F-004170
P-003934,C0608,2026-06-10,406504,transferencia,F-004266
P-003935,C0323,2026-06-10,391296,transferencia,F-004272
P-003936,C0940,2026-06-10,543782,transferencia,F-004280
P-003937,C0181,2026-06-10,556087,transferencia,F-004326
P-003938,C0064,2026-06-10,1112971,transferencia,F-004361
P-003939,C1078,2026-06-10,4259224,transferencia,"F-003321, F-003329, F-003428"
P-003940,C0245,2026-06-10,708919,transferencia,F-003948
P-003941,C1117,2026-06-10,248948,transferencia,F-003969
P-003942,C0379,2026-06-10,1385410,transferencia,F-004268
P-003943,C0906,2026-06-11,216460,transferencia,F-003105
P-003944,C0926,2026-06-11,450000,transferencia,F-003359
P-003945,C0228,2026-06-11,215000,transferencia,F-003508
P-003946,C0958,2026-06-11,2567758,transferencia,F-003524
P-003947,C0607,2026-06-11,547055,transferencia,F-003543
P-003948,C0502,2026-06-11,2178327,cheque,F-003596
P-003949,C0961,2026-06-11,643000,transferencia,F-003811
P-003950,C0038,2026-06-11,1017962,depósito,F-003815
P-003951,C0473,2026-06-11,895035,transferencia,F-003930
P-003952,C0737,2026-06-11,239654,transferencia,F-003936
P-003953,C0474,2026-06-11,329547,transferencia,F-004045
P-003954,C1104,2026-06-11,780747,transferencia,F-004229
P-003955,C0660,2026-06-11,255243,transferencia,F-004250
P-003956,C1119,2026-06-11,1138640,transferencia,F-004299
P-003957,C0340,2026-06-11,1305394,transferencia,F-004333
P-003958,C0560,2026-06-11,2221194,depósito,F-004347
P-003959,C0088,2026-06-11,462850,transferencia,F-004350
P-003960,C1008,2026-06-11,1758130,transferencia,F-004354
P-003961,C0315,2026-06-11,1024019,transferencia,F-004378
P-003962,C0841,2026-06-11,1378009,depósito,"F-003659, F-003777"
P-003963,C0313,2026-06-11,2929292,transferencia,F-003921
P-003964,C0843,2026-06-11,1548654,transferencia,F-004256
P-003965,C1096,2026-06-11,698756,transferencia,F-004317
P-003966,C0773,2026-06-12,788637,transferencia,F-002893
P-003967,C0477,2026-06-12,1339904,transferencia,F-003145
P-003968,C0958,2026-06-12,2465323,transferencia,F-003290
P-003969,C0906,2026-06-12,226000,cheque,F-003857
P-003970,C0078,2026-06-12,916478,transferencia,F-003868
P-003971,C0274,2026-06-12,863762,transferencia,F-003922
P-003972,C0216,2026-06-12,623298,transferencia,F-003924
P-003973,C0333,2026-06-12,583743,transferencia,F-004006
P-003974,C0090,2026-06-12,433000,transferencia,F-004090
P-003975,C0249,2026-06-12,1126585,cheque,F-004218
P-003976,C1199,2026-06-12,326488,transferencia,F-004298
P-003977,C0530,2026-06-12,1473863,transferencia,F-004309
P-003978,C1036,2026-06-12,288000,transferencia,F-004316
P-003979,C1097,2026-06-12,134934,transferencia,F-004331
P-003980,C0447,2026-06-12,2316966,transferencia,F-004337
P-003981,C0241,2026-06-12,978858,transferencia,F-004369
P-003982,C0249,2026-06-12,526539,depósito,F-007030
P-003983,C1191,2026-06-12,4479636,transferencia,"F-004172, F-004323"
P-003984,C0420,2026-06-12,482462,transferencia,F-004202
P-003985,C0181,2026-06-12,310947,transferencia,F-004375
P-003986,C0565,2026-06-15,1069179,depósito,F-003447
P-003987,C0961,2026-06-15,71000,depósito,F-003498
P-003988,C0906,2026-06-15,242108,transferencia,F-003504
P-003989,C0035,2026-06-15,351074,cheque,F-003714
P-003990,C0828,2026-06-15,343363,transferencia,F-003745
P-003991,C0747,2026-06-15,1575762,transferencia,F-003750
P-003992,C0565,2026-06-15,2699075,transferencia,F-003787
P-003993,C0376,2026-06-15,343589,transferencia,F-003812
P-003994,C0632,2026-06-15,298773,transferencia,F-003821
P-003995,C0090,2026-06-15,142083,transferencia,F-003851
P-003996,C0747,2026-06-15,1104380,transferencia,F-003860
P-003997,C1066,2026-06-15,411359,transferencia,F-003877
P-003998,C0589,2026-06-15,199289,cheque,F-003910
P-003999,C0459,2026-06-15,286385,transferencia,F-003928
P-004000,C0274,2026-06-15,938351,transferencia,F-003950
P-004001,C0758,2026-06-15,935518,transferencia,F-003981
P-004002,C0677,2026-06-15,1793401,transferencia,F-003982
P-004003,C1102,2026-06-15,2221575,transferencia,F-004049
P-004004,C0239,2026-06-15,735610,transferencia,F-004050
P-004005,C0345,2026-06-15,1775480,transferencia,F-004054
P-004006,C0683,2026-06-15,181000,transferencia,F-004068
P-004007,C0647,2026-06-15,373934,transferencia,F-004069
P-004008,C0657,2026-06-15,3676850,transferencia,F-004074
P-004009,C0587,2026-06-15,244355,transferencia,F-004075
P-004010,C0927,2026-06-15,1086637,transferencia,F-004079
P-004011,C0344,2026-06-15,2262571,cheque,F-004091
P-004012,C0618,2026-06-15,398150,transferencia,F-004101
P-004013,C0417,2026-06-15,1118505,cheque,F-004106
P-004014,C1109,2026-06-15,566404,transferencia,F-004140
P-004015,C1199,2026-06-15,1034312,transferencia,F-004157
P-004016,C0221,2026-06-15,1594243,transferencia,F-004167
P-004017,C0023,2026-06-15,89000,cheque,F-004257
P-004018,C0193,2026-06-15,467000,transferencia,F-004278
P-004019,C0079,2026-06-15,475048,transferencia,F-004282
P-004020,C0370,2026-06-15,2481876,transferencia,F-004292
P-004021,C0249,2026-06-15,849969,transferencia,F-004319
P-004022,C0201,2026-06-15,650097,transferencia,F-004327
P-004023,C0610,2026-06-15,860644,transferencia,F-004344
P-004024,C0321,2026-06-15,1472470,transferencia,F-004349
P-004025,C0201,2026-06-15,576722,transferencia,F-004351
P-004026,C0031,2026-06-15,183000,transferencia,F-004355
P-004027,C0028,2026-06-15,2200155,cheque,F-004363
P-004028,C0579,2026-06-15,817613,transferencia,F-004368
P-004029,C0471,2026-06-15,656261,transferencia,F-004372
P-004030,C0526,2026-06-15,1168342,transferencia,F-004373
P-004031,C0060,2026-06-15,1957276,transferencia,F-004397
P-004032,C0946,2026-06-15,1220762,transferencia,F-004399
P-004033,C0393,2026-06-15,2531558,transferencia,F-004424
P-004034,C0263,2026-06-15,555563,transferencia,F-004441
P-004035,C0844,2026-06-15,1332395,transferencia,F-004483
P-004036,C1032,2026-06-15,807463,transferencia,F-004488
P-004037,C0249,2026-06-15,234537,transferencia,F-007026
P-004038,C0754,2026-06-15,941409,cheque,F-003500
P-004039,C0245,2026-06-15,293668,transferencia,F-003881
P-004040,C0283,2026-06-15,1366382,transferencia,F-003903
P-004041,C0127,2026-06-15,246294,transferencia,F-004038
P-004042,C0428,2026-06-15,618871,transferencia,F-004116
P-004043,C0772,2026-06-15,518257,transferencia,F-004219
P-004044,C0119,2026-06-15,282982,cheque,F-004295
P-004045,C1077,2026-06-15,1457643,transferencia,F-004377
P-004046,C0228,2026-06-16,245051,transferencia,F-003156
P-004047,C0835,2026-06-16,519530,transferencia,F-003304
P-004048,C0102,2026-06-16,837522,transferencia,F-003776
P-004049,C0190,2026-06-16,567690,cheque,F-003885
P-004050,C0997,2026-06-16,406290,transferencia,F-004108
P-004051,C0058,2026-06-16,380657,transferencia,F-004149
P-004052,C0427,2026-06-16,137000,transferencia,F-004165
P-004053,C0124,2026-06-16,833143,depósito,F-004199
P-004054,C0199,2026-06-16,146000,transferencia,F-004208
P-004055,C0303,2026-06-16,1952695,transferencia,F-004260
P-004056,C0199,2026-06-16,962000,transferencia,F-004275
P-004057,C0363,2026-06-16,864071,depósito,F-004380
P-004058,C0884,2026-06-16,823492,transferencia,F-004391
P-004059,C0662,2026-06-16,2131718,transferencia,F-004474
P-004060,C1078,2026-06-16,4112985,transferencia,"F-003446, F-003461"
P-004061,C0301,2026-06-16,575984,transferencia,F-003778
P-004062,C0248,2026-06-16,656582,depósito,F-003890
P-004063,C0140,2026-06-16,2014361,transferencia,"F-003951, F-003998, F-004135"
P-004064,C1141,2026-06-16,314648,cheque,F-004405
P-004065,C1005,2026-06-17,229265,transferencia,F-003473
P-004066,C0653,2026-06-17,542640,transferencia,F-003620
P-004067,C0325,2026-06-17,1028160,transferencia,F-003666
P-004068,C0376,2026-06-17,174442,transferencia,F-003829
P-004069,C0603,2026-06-17,554016,cheque,F-003974
P-004070,C0538,2026-06-17,402101,transferencia,F-004148
P-004071,C0413,2026-06-17,180237,depósito,F-004176
P-004072,C0647,2026-06-17,1167961,transferencia,F-004211
P-004073,C0737,2026-06-17,261812,transferencia,F-004245
P-004074,C0513,2026-06-17,71947,cheque,F-004388
P-004075,C0840,2026-06-17,559336,transferencia,F-004407
P-004076,C0608,2026-06-17,2481126,cheque,F-004431
P-004077,C0240,2026-06-17,3243107,transferencia,F-004433
P-004078,C0658,2026-06-17,239476,transferencia,F-004453
P-004079,C1153,2026-06-17,543283,transferencia,F-004552
P-004080,C1167,2026-06-17,4537518,depósito,"F-003739, F-003794"
P-004081,C0004,2026-06-17,582624,transferencia,F-004387
P-004082,C0822,2026-06-17,3175622,transferencia,F-004422
P-004083,C1062,2026-06-18,580446,transferencia,F-003298
P-004084,C0756,2026-06-18,2840411,transferencia,F-003466
P-004085,C1078,2026-06-18,2712962,transferencia,F-003541
P-004086,C0417,2026-06-18,2928269,transferencia,F-003582
P-004087,C0643,2026-06-18,1733187,transferencia,F-003686
P-004088,C0838,2026-06-18,396591,transferencia,F-004025
P-004089,C0589,2026-06-18,743000,transferencia,F-004209
P-004090,C1064,2026-06-18,453000,transferencia,F-004225
P-004091,C0515,2026-06-18,2925234,transferencia,F-004307
P-004092,C0691,2026-06-18,5182807,depósito,F-004402
P-004093,C0440,2026-06-18,1493581,cheque,F-004408
P-004094,C0882,2026-06-18,3163425,transferencia,F-004420
P-004095,C0011,2026-06-18,1612069,transferencia,F-004471
P-004096,C1185,2026-06-18,1171531,transferencia,F-004484
P-004097,C0507,2026-06-18,4532496,transferencia,"F-003845, F-003987, F-003996, F-004018, F-004019, F-004175, F-004222"
P-004098,C0841,2026-06-18,992198,transferencia,F-003882
P-004099,C0418,2026-06-18,507844,transferencia,F-003935
P-004100,C0313,2026-06-18,1656349,transferencia,F-004181
P-004101,C1191,2026-06-18,1872596,transferencia,F-004374
P-004102,C0850,2026-06-18,2746401,transferencia,"F-004416, F-004423"
P-004103,C0843,2026-06-18,1326517,depósito,F-004443
P-004104,C0227,2026-06-19,892036,transferencia,F-003743
P-004105,C0961,2026-06-19,971000,transferencia,F-003913
P-004106,C0140,2026-06-19,532799,depósito,F-004001
P-004107,C0603,2026-06-19,2266819,transferencia,F-004115
P-004108,C0573,2026-06-19,303402,transferencia,F-004145
P-004109,C0319,2026-06-19,206739,transferencia,F-004184
P-004110,C0461,2026-06-19,297000,transferencia,F-004220
P-004111,C0249,2026-06-19,657963,transferencia,F-004313
P-004112,C0675,2026-06-19,1013452,depósito,F-004376
P-004113,C0940,2026-06-19,1327683,transferencia,F-004429
P-004114,C0347,2026-06-19,1255640,transferencia,F-004435
P-004115,C0996,2026-06-19,894392,cheque,F-004436
P-004116,C0340,2026-06-19,1886935,transferencia,F-004440
P-004117,C0288,2026-06-19,215069,transferencia,F-004442
P-004118,C0190,2026-06-19,377682,transferencia,F-003854
P-004119,C0590,2026-06-19,249900,transferencia,F-004000
P-004120,C0311,2026-06-19,587372,transferencia,F-004015
P-004121,C0992,2026-06-19,738014,transferencia,F-004073
P-004122,C0191,2026-06-22,1237600,transferencia,F-002678
P-004123,C0961,2026-06-22,320635,transferencia,F-003201
P-004124,C0961,2026-06-22,253928,transferencia,F-003418
P-004125,C1078,2026-06-22,340816,transferencia,F-003517
P-004126,C1078,2026-06-22,820731,transferencia,F-003602
P-004127,C1078,2026-06-22,5222720,transferencia,F-003609
P-004128,C0275,2026-06-22,1191785,depósito,F-003618
P-004129,C1127,2026-06-22,1710625,transferencia,F-003639
P-004130,C0593,2026-06-22,447000,transferencia,F-003771
P-004131,C0139,2026-06-22,429400,transferencia,F-003795
P-004132,C0227,2026-06-22,210154,cheque,F-003834
P-004133,C0565,2026-06-22,340852,depósito,F-003933
P-004134,C0190,2026-06-22,340673,transferencia,F-003938
P-004135,C0484,2026-06-22,735629,transferencia,F-003947
P-004136,C0258,2026-06-22,375576,transferencia,F-003983
P-004137,C0549,2026-06-22,513544,depósito,F-004117
P-004138,C0140,2026-06-22,461756,transferencia,F-004121
P-004139,C0759,2026-06-22,2031996,transferencia,F-004178
P-004140,C0245,2026-06-22,1882580,transferencia,F-004191
P-004141,C0427,2026-06-22,544735,depósito,F-004217
P-004142,C0186,2026-06-22,104000,transferencia,F-004234
P-004143,C0956,2026-06-22,290574,transferencia,F-004290
P-004144,C0309,2026-06-22,4608454,transferencia,F-004365
P-004145,C0300,2026-06-22,89762,transferencia,F-004401
P-004146,C0403,2026-06-22,5706919,transferencia,F-004426
P-004147,C0731,2026-06-22,823849,transferencia,F-004427
P-004148,C0312,2026-06-22,1511217,transferencia,F-004444
P-004149,C0944,2026-06-22,682048,depósito,F-004456
P-004150,C0557,2026-06-22,2473582,transferencia,F-004459
P-004151,C1141,2026-06-22,565512,transferencia,F-004464
P-004152,C1080,2026-06-22,379860,transferencia,F-004472
P-004153,C0031,2026-06-22,367000,transferencia,F-004482
P-004154,C0651,2026-06-22,1131333,transferencia,F-004487
P-004155,C1006,2026-06-22,1620804,transferencia,F-004497
P-004156,C1106,2026-06-22,1070881,transferencia,F-004510
P-004157,C0735,2026-06-22,916300,transferencia,F-004574
P-004158,C0219,2026-06-22,1197069,transferencia,F-004597
P-004159,C0204,2026-06-22,884265,transferencia,F-004610
P-004160,C0468,2026-06-22,2393709,transferencia,"F-003512, F-003576"
P-004161,C1078,2026-06-22,1079782,transferencia,F-003661
P-004162,C0643,2026-06-22,528265,transferencia,"F-003703, F-003772"
P-004163,C0632,2026-06-22,1635905,transferencia,F-003943
P-004164,C0127,2026-06-22,336699,transferencia,F-004147
P-004165,C0163,2026-06-22,528300,transferencia,F-004231
P-004166,C1099,2026-06-22,376433,transferencia,F-004409
P-004167,C1080,2026-06-22,2896305,transferencia,F-004514
P-004168,C0228,2026-06-23,243210,transferencia,F-003508
P-004169,C0906,2026-06-23,926561,transferencia,F-003537
P-004170,C0228,2026-06-23,304358,transferencia,F-003567
P-004171,C0227,2026-06-23,962115,transferencia,F-003962
P-004172,C0227,2026-06-23,383823,transferencia,F-003995
P-004173,C1002,2026-06-23,166564,transferencia,F-004103
P-004174,C0163,2026-06-23,2075538,transferencia,F-004262
P-004175,C0019,2026-06-23,1632942,transferencia,F-004302
P-004176,C0755,2026-06-23,1156894,transferencia,F-004325
P-004177,C0313,2026-06-23,2290774,transferencia,F-004367
P-004178,C1034,2026-06-23,918216,transferencia,F-004451
P-004179,C0181,2026-06-23,659331,depósito,F-004556
P-004180,C0695,2026-06-23,312089,cheque,F-004572
P-004181,C0520,2026-06-23,734932,transferencia,F-004505
P-004182,C1196,2026-06-24,1566052,transferencia,F-003672
P-004183,C0961,2026-06-24,764000,transferencia,F-003700
P-004184,C0747,2026-06-24,2128148,depósito,F-003963
P-004185,C0496,2026-06-24,2238902,transferencia,F-004056
P-004186,C0324,2026-06-24,538999,transferencia,F-004067
P-004187,C0200,2026-06-24,1231971,transferencia,F-004131
P-004188,C0023,2026-06-24,211000,transferencia,F-004152
P-004189,C0507,2026-06-24,234930,transferencia,F-004233
P-004190,C0057,2026-06-24,380157,transferencia,F-004244
P-004191,C1036,2026-06-24,167000,transferencia,F-004316
P-004192,C0441,2026-06-24,271939,transferencia,F-004318
P-004193,C1039,2026-06-24,1045000,transferencia,F-004324
P-004194,C0672,2026-06-24,1132761,transferencia,F-004339
P-004195,C0757,2026-06-24,1893266,transferencia,F-004348
P-004196,C0683,2026-06-24,390000,transferencia,F-004389
P-004197,C0067,2026-06-24,461827,transferencia,F-004519
P-004198,C1141,2026-06-24,447309,transferencia,F-004544
P-004199,C0676,2026-06-24,1011726,transferencia,F-004563
P-004200,C0742,2026-06-24,3189783,depósito,F-004589
P-004201,C0742,2026-06-24,821029,transferencia,F-004604
P-004202,C1188,2026-06-24,821052,transferencia,F-004607
P-004203,C0227,2026-06-24,975514,transferencia,F-003911
P-004204,C0507,2026-06-24,2361507,transferencia,"F-004203, F-004242"
P-004205,C0992,2026-06-24,576281,transferencia,F-004226
P-004206,C1117,2026-06-24,532370,transferencia,F-004236
P-004207,C1141,2026-06-24,1490915,transferencia,F-004432
P-004208,C0726,2026-06-24,1188846,transferencia,F-004522
P-004209,C0770,2026-06-24,402779,transferencia,F-004566
P-004210,C1167,2026-06-25,676753,transferencia,F-003891
P-004211,C0627,2026-06-25,389356,transferencia,F-004249
P-004212,C0134,2026-06-25,801524,transferencia,F-004289
P-004213,C0513,2026-06-25,891798,transferencia,F-004460
P-004214,C0803,2026-06-25,2604172,transferencia,F-004475
P-004215,C0899,2026-06-25,1138687,depósito,F-004512
P-004216,C0964,2026-06-25,2149188,transferencia,F-004536
P-004217,C0028,2026-06-25,1108461,cheque,F-004543
P-004218,C0778,2026-06-25,886966,transferencia,F-004549
P-004219,C0263,2026-06-25,5088940,transferencia,F-004567
P-004220,C0013,2026-06-25,1606845,transferencia,F-004577
P-004221,C0983,2026-06-25,864214,transferencia,F-004587
P-004222,C0958,2026-06-25,1643033,transferencia,"F-003627, F-003628"
P-004223,C0586,2026-06-25,570546,transferencia,F-003955
P-004224,C0677,2026-06-25,1726428,depósito,F-004127
P-004225,C0771,2026-06-25,1705960,transferencia,"F-004201, F-004259"
P-004226,C0216,2026-06-25,1975245,transferencia,F-004330
P-004227,C1101,2026-06-25,2429635,transferencia,"F-004498, F-004547"
P-004228,C0783,2026-06-25,1175708,cheque,F-004641
P-004229,C0091,2026-06-26,86120,transferencia,F-002491
P-004230,C0961,2026-06-26,161000,transferencia,F-003811
P-004231,C1194,2026-06-26,990937,transferencia,F-003989
P-004232,C0590,2026-06-26,557705,cheque,F-004041
P-004233,C0813,2026-06-26,313315,cheque,F-004287
P-004234,C0027,2026-06-26,476797,transferencia,F-004381
P-004235,C0102,2026-06-26,975776,transferencia,F-004392
P-004236,C0087,2026-06-26,1764000,transferencia,F-004468
P-004237,C0812,2026-06-26,469943,transferencia,F-004521
P-004238,C0380,2026-06-26,154974,transferencia,F-004538
P-004239,C0556,2026-06-26,324334,depósito,F-004596
P-004240,C0640,2026-06-26,199230,transferencia,F-004616
P-004241,C0268,2026-06-26,1151075,transferencia,F-004622
P-004242,C0393,2026-06-26,608899,transferencia,F-004632
P-004243,C0579,2026-06-26,820410,transferencia,F-004643
P-004244,C0841,2026-06-26,240011,transferencia,F-003977
P-004245,C1054,2026-06-26,2208842,transferencia,"F-004151, F-004246"
P-004246,C0140,2026-06-26,7739117,transferencia,"F-004200, F-004212, F-004227"
P-004247,C1056,2026-06-26,1550380,cheque,F-004264
P-004248,C0324,2026-06-29,775487,transferencia,F-001793
P-004249,C0607,2026-06-29,2668492,transferencia,F-003035
P-004250,C0228,2026-06-29,526679,transferencia,F-003122
P-004251,C0228,2026-06-29,115000,transferencia,F-003211
P-004252,C1078,2026-06-29,1633406,depósito,F-003658
P-004253,C0961,2026-06-29,372000,transferencia,F-003744
P-004254,C1196,2026-06-29,4054068,transferencia,F-003780
P-004255,C1199,2026-06-29,660855,transferencia,F-003896
P-004256,C0593,2026-06-29,245000,transferencia,F-003898
P-004257,C0301,2026-06-29,1659610,transferencia,F-003912
P-004258,C0191,2026-06-29,1126894,transferencia,F-004020
P-004259,C0926,2026-06-29,969000,cheque,F-004029
P-004260,C1167,2026-06-29,202716,transferencia,F-004037
P-004261,C0031,2026-06-29,566507,transferencia,F-004040
P-004262,C0926,2026-06-29,2016000,transferencia,F-004082
P-004263,C0906,2026-06-29,197000,cheque,F-004105
P-004264,C0956,2026-06-29,399673,transferencia,F-004185
P-004265,C0199,2026-06-29,174122,depósito,F-004208
P-004266,C0589,2026-06-29,305336,transferencia,F-004209
P-004267,C0023,2026-06-29,379000,cheque,F-004257
P-004268,C0992,2026-06-29,4817489,transferencia,F-004274
P-004269,C0193,2026-06-29,346924,depósito,F-004278
P-004270,C1054,2026-06-29,592287,transferencia,F-004304
P-004271,C0234,2026-06-29,671000,transferencia,F-004306
P-004272,C0807,2026-06-29,542842,transferencia,F-004332
P-004273,C0614,2026-06-29,863131,transferencia,F-004364
P-004274,C0496,2026-06-29,1448599,transferencia,F-004396
P-004275,C0755,2026-06-29,320229,transferencia,F-004413
P-004276,C0087,2026-06-29,217000,cheque,F-004415
P-004277,C0186,2026-06-29,611000,cheque,F-004421
P-004278,C0427,2026-06-29,279269,transferencia,F-004425
P-004279,C0873,2026-06-29,3319446,cheque,F-004428
P-004280,C0019,2026-06-29,108350,transferencia,F-004458
P-004281,C0186,2026-06-29,216000,depósito,F-004501
P-004282,C0915,2026-06-29,1296517,transferencia,F-004506
P-004283,C0501,2026-06-29,927629,transferencia,F-004508
P-004284,C0592,2026-06-29,233383,cheque,F-004528
P-004285,C0471,2026-06-29,1844964,transferencia,F-004585
P-004286,C1073,2026-06-29,443132,transferencia,F-004588
P-004287,C0168,2026-06-29,720462,transferencia,F-004594
P-004288,C0691,2026-06-29,529264,transferencia,F-004600
P-004289,C1038,2026-06-29,475286,transferencia,F-004602
P-004290,C0800,2026-06-29,453069,transferencia,F-004628
P-004291,C0610,2026-06-29,693532,transferencia,F-004651
P-004292,C0501,2026-06-29,2423756,cheque,F-004653
P-004293,C0528,2026-06-29,753794,transferencia,F-004657
P-004294,C0104,2026-06-29,1430118,cheque,F-004689
P-004295,C1007,2026-06-29,127449,transferencia,F-004712
P-004296,C0653,2026-06-29,852766,transferencia,F-003689
P-004297,C0248,2026-06-29,417154,depósito,F-003975
P-004298,C0376,2026-06-29,1363407,transferencia,"F-004014, F-004047"
P-004299,C0841,2026-06-29,605377,transferencia,"F-004034, F-004180"
P-004300,C0190,2026-06-29,494064,transferencia,F-004081
P-004301,C0747,2026-06-29,503548,transferencia,F-004113
P-004302,C0167,2026-06-29,1605988,transferencia,F-004169
P-004303,C0934,2026-06-29,885681,transferencia,"F-004296, F-004329"
P-004304,C0507,2026-06-29,2120413,transferencia,F-004300
P-004305,C0184,2026-06-29,1360230,transferencia,F-004530
P-004306,C0993,2026-06-29,573687,cheque,F-004570
P-004307,C0783,2026-06-29,2296652,transferencia,F-004620
P-004308,C1100,2026-06-29,2318370,transferencia,F-004621
P-004309,C0944,2026-06-29,4017714,transferencia,F-004675
P-004310,C0194,2026-06-29,1857328,transferencia,F-004676
P-004311,C0477,2026-06-30,1237505,transferencia,F-003456
P-004312,C0376,2026-06-30,1509158,transferencia,F-004086
P-004313,C0275,2026-06-30,343815,transferencia,F-004087
P-004314,C0906,2026-06-30,1359000,transferencia,F-004253
P-004315,C0242,2026-06-30,893964,transferencia,F-004338
P-004316,C0998,2026-06-30,1273026,cheque,F-004395
P-004317,C0834,2026-06-30,1288818,transferencia,F-004417
P-004318,C0403,2026-06-30,1483799,transferencia,F-004476
P-004319,C0186,2026-06-30,484000,transferencia,F-004518
P-004320,C0240,2026-06-30,642719,transferencia,F-004633
P-004321,C0469,2026-06-30,1309131,transferencia,"F-004267, F-004271"
P-004322,C0319,2026-06-30,1224379,transferencia,F-004379
P-004323,C1195,2026-06-30,442430,transferencia,F-004383
P-004324,C0798,2026-06-30,529990,transferencia,F-004658
P-004325,C0275,2026-07-01,3025599,transferencia,F-003937
P-004326,C0683,2026-07-01,72000,transferencia,F-004068
P-004327,C0090,2026-07-01,322000,transferencia,F-004090
P-004328,C0659,2026-07-01,158000,transferencia,F-004170
P-004329,C0549,2026-07-01,1067525,transferencia,F-004210
P-004330,C0828,2026-07-01,5317146,transferencia,F-004366
P-004331,C0035,2026-07-01,1747000,transferencia,F-004496
P-004332,C0250,2026-07-01,318000,transferencia,F-004553
P-004333,C0690,2026-07-01,387000,transferencia,F-004598
P-004334,C0728,2026-07-01,1087136,transferencia,F-004618
P-004335,C0902,2026-07-01,427365,depósito,F-004635
P-004336,C0691,2026-07-01,862417,transferencia,F-004642
P-004337,C1173,2026-07-01,1109996,transferencia,F-004694
P-004338,C0323,2026-07-01,1695429,transferencia,F-004703
P-004339,C0811,2026-07-01,972432,transferencia,F-004705
P-004340,C0119,2026-07-01,215283,transferencia,F-004717
P-004341,C1106,2026-07-01,4075334,transferencia,F-004754
P-004342,C0754,2026-07-01,3404530,transferencia,F-003756
P-004343,C0325,2026-07-01,4169058,depósito,F-003767
P-004344,C0163,2026-07-01,1257485,depósito,F-004341
P-004345,C0726,2026-07-01,2601828,transferencia,F-004656
P-004346,C0961,2026-07-02,204391,depósito,F-003498
P-004347,C0228,2026-07-02,141835,depósito,F-003507
P-004348,C0906,2026-07-02,338000,transferencia,F-003857
P-004349,C0997,2026-07-02,456270,transferencia,F-004263
P-004350,C1000,2026-07-02,1894658,transferencia,F-004322
P-004351,C0313,2026-07-02,1159298,transferencia,F-004404
P-004352,C0357,2026-07-02,1972711,transferencia,F-004493
P-004353,C0959,2026-07-02,589026,transferencia,F-004599
P-004354,C0156,2026-07-02,542509,transferencia,F-004679
P-004355,C0352,2026-07-02,1371416,transferencia,F-004690
P-004356,C1139,2026-07-02,3061418,transferencia,F-004740
P-004357,C1167,2026-07-02,2555858,transferencia,"F-003931, F-004111"
P-004358,C0310,2026-07-02,1243431,cheque,F-004394
P-004359,C0177,2026-07-02,1588222,transferencia,F-004704
P-004360,C0843,2026-07-02,489721,transferencia,F-004736
P-004361,C0926,2026-07-03,683154,depósito,F-003359
P-004362,C0754,2026-07-03,5072149,depósito,F-003897
P-004363,C0482,2026-07-03,789803,transferencia,F-004132
P-004364,C0376,2026-07-03,1300039,transferencia,F-004138
P-004365,C0140,2026-07-03,673171,transferencia,F-004277
P-004366,C0373,2026-07-03,1665000,transferencia,F-004406
P-004367,C0683,2026-07-03,851000,transferencia,F-004411
P-004368,C0428,2026-07-03,2295248,transferencia,F-004503
P-004369,C0249,2026-07-03,3462043,transferencia,F-004637
P-004370,C0461,2026-07-03,240000,transferencia,F-004644
P-004371,C1040,2026-07-03,478582,transferencia,F-004648
P-004372,C0124,2026-07-03,584623,cheque,F-004674
P-004373,C0300,2026-07-03,992960,transferencia,F-004686
P-004374,C0066,2026-07-03,1121718,transferencia,F-004702
P-004375,C0554,2026-07-03,1545953,transferencia,"F-004681, F-004759"
P-004376,C0156,2026-07-03,774476,transferencia,F-004700
P-004377,C0754,2026-07-06,943372,transferencia,F-003875
P-004378,C0149,2026-07-06,1628277,transferencia,F-003953
P-004379,C0139,2026-07-06,818327,transferencia,F-004124
P-004380,C0052,2026-07-06,2270591,transferencia,F-004126
P-004381,C0961,2026-07-06,330000,depósito,F-004158
P-004382,C0427,2026-07-06,253000,transferencia,F-004165
P-004383,C1064,2026-07-06,356271,transferencia,F-004225
P-004384,C1054,2026-07-06,1092015,transferencia,F-004311
P-004385,C0698,2026-07-06,545817,transferencia,F-004312
P-004386,C0710,2026-07-06,860644,cheque,F-004340
P-004387,C0401,2026-07-06,595512,transferencia,F-004358
P-004388,C1195,2026-07-06,3476026,transferencia,F-004403
P-004389,C0469,2026-07-06,1028957,depósito,F-004445
P-004390,C0647,2026-07-06,339531,transferencia,F-004446
P-004391,C0310,2026-07-06,865130,transferencia,F-004455
P-004392,C0087,2026-07-06,1584184,transferencia,F-004468
P-004393,C0090,2026-07-06,487000,transferencia,F-004490
P-004394,C0163,2026-07-06,1253070,depósito,F-004491
P-004395,C0559,2026-07-06,840033,transferencia,F-004504
P-004396,C1064,2026-07-06,25000,cheque,F-004531
P-004397,C0081,2026-07-06,2066982,transferencia,F-004532
P-004398,C0677,2026-07-06,1412970,transferencia,F-004540
P-004399,C0956,2026-07-06,1219952,cheque,F-004568
P-004400,C0019,2026-07-06,1133213,transferencia,F-004603
P-004401,C0087,2026-07-06,126000,transferencia,F-004631
P-004402,C0551,2026-07-06,688391,transferencia,F-004639
P-004403,C0755,2026-07-06,1255414,depósito,F-004650
P-004404,C1158,2026-07-06,1985456,transferencia,F-004670
P-004405,C0249,2026-07-06,791588,cheque,F-004696
P-004406,C0457,2026-07-06,3044389,transferencia,F-004697
P-004407,C0476,2026-07-06,663604,transferencia,F-004718
P-004408,C0956,2026-07-06,2374455,depósito,F-004719
P-004409,C0561,2026-07-06,927296,transferencia,F-004727
P-004410,C1073,2026-07-06,231372,cheque,F-004737
P-004411,C0011,2026-07-06,394699,transferencia,F-004750
P-004412,C0708,2026-07-06,1630133,transferencia,F-004763
P-004413,C1067,2026-07-06,191000,transferencia,F-004772
P-004414,C0722,2026-07-06,1409186,transferencia,F-004775
P-004415,C0651,2026-07-06,602414,transferencia,F-004780
P-004416,C0289,2026-07-06,576436,transferencia,F-004820
P-004417,C0219,2026-07-06,141765,transferencia,F-004835
P-004418,C0437,2026-07-06,1807800,depósito,F-004845
P-004419,C0181,2026-07-06,2267700,transferencia,F-004906
P-004420,C0249,2026-07-06,658903,transferencia,F-007028
P-004421,C0754,2026-07-06,413454,transferencia,F-003828
P-004422,C0841,2026-07-06,1439983,transferencia,F-004161
P-004423,C0190,2026-07-06,525956,transferencia,F-004213
P-004424,C0632,2026-07-06,371827,transferencia,F-004214
P-004425,C0772,2026-07-06,470086,transferencia,F-004273
P-004426,C0245,2026-07-06,621358,transferencia,F-004294
P-004427,C0603,2026-07-06,380681,transferencia,F-004385
P-004428,C0771,2026-07-06,1859851,transferencia,F-004461
P-004429,C0163,2026-07-06,1537242,transferencia,F-004462
P-004430,C1012,2026-07-06,251506,transferencia,F-004699
P-004431,C0882,2026-07-06,561751,transferencia,F-004756
P-004432,C0308,2026-07-06,301403,transferencia,F-004786
P-004433,C0888,2026-07-07,1367155,transferencia,F-002394
P-004434,C1098,2026-07-07,323347,transferencia,F-003056
P-004435,C0926,2026-07-07,342000,transferencia,F-004035
P-004436,C1167,2026-07-07,547793,transferencia,F-004183
P-004437,C0127,2026-07-07,1386755,depósito,F-004437
P-004438,C0896,2026-07-07,265727,transferencia,F-004548
P-004439,C0031,2026-07-07,125000,transferencia,F-004713
P-004440,C0249,2026-07-07,1508718,transferencia,F-004730
P-004441,C0176,2026-07-07,196576,transferencia,F-004799
P-004442,C0503,2026-07-07,776832,transferencia,F-004806
P-004443,C1106,2026-07-07,1772279,transferencia,F-004837
P-004444,C0712,2026-07-07,560906,transferencia,F-004850
P-004445,C1132,2026-07-07,2588738,transferencia,F-004853
P-004446,C0382,2026-07-07,2405502,depósito,"F-004400, F-004525"
P-004447,C0140,2026-07-07,635781,depósito,F-004485
P-004448,C0004,2026-07-07,686690,transferencia,F-004789
P-004449,C0156,2026-07-07,573973,transferencia,F-004814
P-004450,C1089,2026-07-08,880790,transferencia,F-003642
P-004451,C1078,2026-07-08,722080,transferencia,F-003855
P-004452,C1078,2026-07-08,547352,transferencia,F-004036
P-004453,C0461,2026-07-08,585849,transferencia,F-004220
P-004454,C0632,2026-07-08,605294,cheque,F-004285
P-004455,C0031,2026-07-08,125000,transferencia,F-004355
P-004456,C1178,2026-07-08,202205,cheque,F-004470
P-004457,C1166,2026-07-08,2612000,transferencia,F-004561
P-004458,C0764,2026-07-08,83598,transferencia,F-004565
P-004459,C0484,2026-07-08,1561000,transferencia,F-004614
P-004460,C0290,2026-07-08,453818,transferencia,F-004771
P-004461,C0181,2026-07-08,466230,transferencia,F-004793
P-004462,C0869,2026-07-08,823944,transferencia,F-004834
P-004463,C0949,2026-07-08,1021686,cheque,F-004840
P-004464,C0525,2026-07-08,998077,transferencia,F-004885
P-004465,C0590,2026-07-08,372851,transferencia,F-004239
P-004466,C1191,2026-07-08,347373,transferencia,F-004779
P-004467,C0363,2026-07-08,418594,transferencia,F-004784
P-004468,C0993,2026-07-08,1910200,transferencia,F-004828
P-004469,C0850,2026-07-08,1744147,transferencia,F-004913
P-004470,C0031,2026-07-09,1085002,transferencia,F-004482
P-004471,C0428,2026-07-09,301998,transferencia,F-004492
P-004472,C0473,2026-07-09,1508694,cheque,F-004608
P-004473,C0123,2026-07-09,6137318,transferencia,F-004724
P-004474,C1100,2026-07-09,266286,transferencia,F-004773
P-004475,C0749,2026-07-09,682394,transferencia,F-004817
P-004476,C0617,2026-07-09,277770,transferencia,F-004818
P-004477,C0031,2026-07-09,602000,transferencia,F-004822
P-004478,C0882,2026-07-09,1194189,transferencia,F-004833
P-004479,C1038,2026-07-09,312458,depósito,F-004887
P-004480,C0325,2026-07-09,5351977,transferencia,"F-003754, F-003902, F-003906"
P-004481,C0227,2026-07-09,1062587,transferencia,F-004024
P-004482,C0376,2026-07-09,2695755,transferencia,F-004204
P-004483,C0507,2026-07-09,63855,cheque,F-004414
P-004484,C0677,2026-07-09,1729986,transferencia,F-004502
P-004485,C1100,2026-07-09,3210572,cheque,"F-004723, F-004781"
P-004486,C0228,2026-07-10,150355,transferencia,F-003211
P-004487,C0926,2026-07-10,98000,transferencia,F-004046
P-004488,C0023,2026-07-10,438928,transferencia,F-004152
P-004489,C1062,2026-07-10,3122524,transferencia,F-004269
P-004490,C0199,2026-07-10,531212,depósito,F-004275
P-004491,C0275,2026-07-10,1984682,transferencia,F-004276
P-004492,C0111,2026-07-10,1328254,transferencia,F-004384
P-004493,C0087,2026-07-10,357000,cheque,F-004415
P-004494,C0186,2026-07-10,482000,transferencia,F-004421
P-004495,C0007,2026-07-10,663830,transferencia,F-004454
P-004496,C0186,2026-07-10,525668,transferencia,F-004501
P-004497,C1179,2026-07-10,668137,transferencia,F-004523
P-004498,C0370,2026-07-10,540903,transferencia,F-004542
P-004499,C0752,2026-07-10,617372,transferencia,F-004554
P-004500,C1000,2026-07-10,969243,transferencia,F-004579
P-004501,C1056,2026-07-10,3391928,transferencia,F-004584
P-004502,C0249,2026-07-10,563893,transferencia,F-004729
P-004503,C0035,2026-07-10,1091000,transferencia,F-004785
P-004504,C0812,2026-07-10,1703711,cheque,F-004787
P-004505,C1096,2026-07-10,306687,transferencia,F-004805
P-004506,C0246,2026-07-10,1470007,transferencia,F-004846
P-004507,C0252,2026-07-10,296370,cheque,F-004856
P-004508,C0308,2026-07-10,898307,transferencia,F-004858
P-004509,C0176,2026-07-10,414120,depósito,F-004859
P-004510,C1009,2026-07-10,836725,cheque,F-004891
P-004511,C0595,2026-07-10,632449,transferencia,F-004934
P-004512,C0958,2026-07-10,2737178,transferencia,F-003970
P-004513,C0939,2026-07-10,751544,transferencia,F-004439
P-004514,C0838,2026-07-10,176691,transferencia,F-004535
P-004515,C0770,2026-07-10,980834,transferencia,"F-004783, F-004843"
P-004516,C0805,2026-07-10,1176505,transferencia,F-004854
P-004517,C1097,2026-07-10,254089,transferencia,F-004881
P-004518,C0565,2026-07-13,1887423,transferencia,F-002496
P-004519,C0256,2026-07-13,1012547,transferencia,F-003372
P-004520,C0191,2026-07-13,534001,transferencia,F-003557
P-004521,C0593,2026-07-13,411000,transferencia,F-003771
P-004522,C0961,2026-07-13,413000,transferencia,F-003913
P-004523,C0593,2026-07-13,1567000,transferencia,F-004141
P-004524,C0659,2026-07-13,83254,transferencia,F-004170
P-004525,C0643,2026-07-13,883908,transferencia,F-004207
P-004526,C0228,2026-07-13,126000,cheque,F-004224
P-004527,C0186,2026-07-13,258367,cheque,F-004234
P-004528,C1199,2026-07-13,1603239,transferencia,F-004235
P-004529,C0906,2026-07-13,2234110,transferencia,F-004253
P-004530,C0023,2026-07-13,159118,transferencia,F-004257
P-004531,C1036,2026-07-13,350380,cheque,F-004316
P-004532,C0888,2026-07-13,1105784,transferencia,F-004336
P-004533,C0961,2026-07-13,84000,transferencia,F-004362
P-004534,C0960,2026-07-13,1733425,transferencia,F-004412
P-004535,C0507,2026-07-13,4370822,cheque,F-004438
P-004536,C0906,2026-07-13,812000,transferencia,F-004452
P-004537,C0421,2026-07-13,1082067,depósito,F-004465
P-004538,C1115,2026-07-13,220364,transferencia,F-004469
P-004539,C1026,2026-07-13,402803,transferencia,F-004495
P-004540,C0879,2026-07-13,830929,transferencia,F-004509
P-004541,C0671,2026-07-13,439062,transferencia,F-004526
P-004542,C0647,2026-07-13,1783274,transferencia,F-004555
P-004543,C0414,2026-07-13,384703,transferencia,F-004557
P-004544,C1166,2026-07-13,353000,transferencia,F-004560
P-004545,C0140,2026-07-13,602033,transferencia,F-004562
P-004546,C0428,2026-07-13,507345,transferencia,F-004578
P-004547,C0551,2026-07-13,885824,transferencia,F-004580
P-004548,C0739,2026-07-13,1037311,transferencia,F-004590
P-004549,C0690,2026-07-13,97000,transferencia,F-004598
P-004550,C1054,2026-07-13,945384,transferencia,F-004612
P-004551,C0111,2026-07-13,339114,transferencia,F-004625
P-004552,C0842,2026-07-13,996292,transferencia,F-004646
P-004553,C0688,2026-07-13,1137997,transferencia,F-004649
P-004554,C0965,2026-07-13,1567956,transferencia,F-004685
P-004555,C0058,2026-07-13,865047,depósito,F-004709
P-004556,C0538,2026-07-13,1032789,transferencia,F-004714
P-004557,C0915,2026-07-13,149000,transferencia,F-004721
P-004558,C0417,2026-07-13,1291067,transferencia,F-004722
P-004559,C0757,2026-07-13,2348084,depósito,F-004728
P-004560,C0015,2026-07-13,852564,cheque,F-004739
P-004561,C1145,2026-07-13,1149635,transferencia,F-004741
P-004562,C0461,2026-07-13,287000,transferencia,F-004762
P-004563,C1109,2026-07-13,479558,transferencia,F-004767
P-004564,C1064,2026-07-13,199860,depósito,F-004777
P-004565,C0404,2026-07-13,230000,cheque,F-004802
P-004566,C0086,2026-07-13,986926,transferencia,F-004857
P-004567,C0592,2026-07-13,791088,transferencia,F-004862
P-004568,C0045,2026-07-13,1631050,transferencia,F-004883
P-004569,C0045,2026-07-13,1819153,transferencia,F-004893
P-004570,C0932,2026-07-13,1796662,depósito,F-004895
P-004571,C0790,2026-07-13,821005,transferencia,F-004900
P-004572,C0440,2026-07-13,717856,transferencia,F-004902
P-004573,C0405,2026-07-13,427888,transferencia,F-004911
P-004574,C0645,2026-07-13,2023797,cheque,F-004914
P-004575,C0526,2026-07-13,851695,transferencia,F-004926
P-004576,C0060,2026-07-13,319336,transferencia,F-004945
P-004577,C0249,2026-07-13,348158,transferencia,F-007022
P-004578,C0958,2026-07-13,309471,transferencia,F-003944
P-004579,C0586,2026-07-13,244950,transferencia,F-004265
P-004580,C0643,2026-07-13,645575,transferencia,F-004281
P-004581,C0747,2026-07-13,676039,transferencia,F-004359
P-004582,C0216,2026-07-13,3749880,transferencia,F-004473
P-004583,C0313,2026-07-13,295251,transferencia,F-004539
P-004584,C0274,2026-07-13,417619,transferencia,F-004551
P-004585,C0771,2026-07-13,1615139,cheque,F-004683
P-004586,C0525,2026-07-13,1561685,depósito,F-004849
P-004587,C1012,2026-07-13,1849498,transferencia,"F-004851, F-004886"
P-004588,C0944,2026-07-13,393830,transferencia,F-004905
P-004589,C0308,2026-07-13,832548,transferencia,F-004941
P-004590,C0961,2026-07-14,101918,cheque,F-003700
P-004591,C0293,2026-07-14,1584009,transferencia,F-003774
P-004592,C1078,2026-07-14,126247,transferencia,F-004085
P-004593,C0906,2026-07-14,175553,depósito,F-004105
P-004594,C0040,2026-07-14,867058,cheque,F-004252
P-004595,C0227,2026-07-14,450248,depósito,F-004320
P-004596,C0228,2026-07-14,326000,depósito,F-004342
P-004597,C0747,2026-07-14,571640,depósito,F-004353
P-004598,C0373,2026-07-14,350000,transferencia,F-004406
P-004599,C0606,2026-07-14,1198378,transferencia,F-004434
P-004600,C0752,2026-07-14,860965,transferencia,F-004500
P-004601,C0906,2026-07-14,867000,transferencia,F-004520
P-004602,C0647,2026-07-14,1185169,transferencia,F-004524
P-004603,C0947,2026-07-14,748427,transferencia,F-004558
P-004604,C0345,2026-07-14,497480,cheque,F-004647
P-004605,C0915,2026-07-14,334568,cheque,F-004731
P-004606,C1109,2026-07-14,537023,depósito,F-004766
P-004607,C0980,2026-07-14,422676,transferencia,F-004769
P-004608,C0394,2026-07-14,413989,transferencia,F-004955
P-004609,C0655,2026-07-14,2208664,transferencia,F-004958
P-004610,C0536,2026-07-14,1405949,transferencia,F-004979
P-004611,C1080,2026-07-14,1699011,transferencia,F-004981
P-004612,C0326,2026-07-14,1335501,depósito,F-005007
P-004613,C0249,2026-07-14,1187906,cheque,F-007031
P-004614,C0420,2026-07-14,787066,transferencia,F-004860
P-004615,C0805,2026-07-14,2100731,transferencia,F-004931
P-004616,C1099,2026-07-14,248329,transferencia,F-004999
P-004617,C0631,2026-07-14,1542169,transferencia,F-005009
P-004618,C0926,2026-07-15,934762,depósito,F-004029
P-004619,C0926,2026-07-15,1037000,transferencia,F-004082
P-004620,C0090,2026-07-15,428872,transferencia,F-004090
P-004621,C0191,2026-07-15,407408,transferencia,F-004291
P-004622,C0683,2026-07-15,58000,transferencia,F-004389
P-004623,C0507,2026-07-15,2470833,transferencia,F-004529
P-004624,C0260,2026-07-15,262193,cheque,F-004533
P-004625,C0250,2026-07-15,222000,transferencia,F-004553
P-004626,C0806,2026-07-15,646646,transferencia,F-004680
P-004627,C0186,2026-07-15,1081000,transferencia,F-004742
P-004628,C0728,2026-07-15,389475,depósito,F-004924
P-004629,C0358,2026-07-15,538427,transferencia,F-004942
P-004630,C0011,2026-07-15,654881,transferencia,F-004950
P-004631,C0156,2026-07-15,2816706,depósito,F-004961
P-004632,C0677,2026-07-15,495742,transferencia,F-004576
P-004633,C0783,2026-07-15,765075,transferencia,F-005143
P-004634,C0102,2026-07-16,1435616,transferencia,F-003491
P-004635,C0961,2026-07-16,450058,transferencia,F-003811
P-004636,C1078,2026-07-16,514734,cheque,F-003959
P-004637,C0477,2026-07-16,780438,cheque,F-004058
P-004638,C0961,2026-07-16,230000,transferencia,F-004346
P-004639,C0969,2026-07-16,859132,transferencia,F-004517
P-004640,C1017,2026-07-16,1267112,transferencia,F-004527
P-004641,C0381,2026-07-16,1040941,depósito,F-004573
P-004642,C0507,2026-07-16,538285,cheque,F-004583
P-004643,C0421,2026-07-16,837903,transferencia,F-004591
P-004644,C0245,2026-07-16,1012250,transferencia,F-004624
P-004645,C0087,2026-07-16,287870,transferencia,F-004631
P-004646,C1110,2026-07-16,637709,transferencia,F-004880
P-004647,C0902,2026-07-16,1925004,transferencia,F-004921
P-004648,C0826,2026-07-16,983416,depósito,F-004946
P-004649,C0993,2026-07-16,580411,transferencia,F-004953
P-004650,C0263,2026-07-16,335437,transferencia,F-004959
P-004651,C0632,2026-07-16,1063170,transferencia,"F-004303, F-004390, F-004477"
P-004652,C1195,2026-07-16,801513,transferencia,F-004671
P-004653,C0310,2026-07-16,303950,transferencia,F-004792
P-004654,C0177,2026-07-16,861762,transferencia,F-004982
P-004655,C0797,2026-07-17,731826,transferencia,F-003575
P-004656,C0906,2026-07-17,79266,transferencia,F-003857
P-004657,C0768,2026-07-17,1013892,depósito,F-003920
P-004658,C1078,2026-07-17,6003241,transferencia,F-004043
P-004659,C1078,2026-07-17,853861,cheque,F-004160
P-004660,C0427,2026-07-17,201966,transferencia,F-004165
P-004661,C0234,2026-07-17,773327,transferencia,F-004306
P-004662,C0227,2026-07-17,1660669,transferencia,F-004345
P-004663,C0050,2026-07-17,1455382,depósito,F-004360
P-004664,C1062,2026-07-17,731017,transferencia,F-004386
P-004665,C0956,2026-07-17,4008634,transferencia,F-004393
P-004666,C0035,2026-07-17,1714746,transferencia,F-004496
P-004667,C0502,2026-07-17,507000,transferencia,F-004682
P-004668,C0759,2026-07-17,306211,cheque,F-004734
P-004669,C0728,2026-07-17,783936,transferencia,F-004963
P-004670,C0708,2026-07-17,2161361,transferencia,F-004965
P-004671,C0249,2026-07-17,551624,transferencia,F-004973
P-004672,C0448,2026-07-17,2599722,transferencia,F-005011
P-004673,C1078,2026-07-17,6509002,transferencia,"F-003990, F-004052, F-004062, F-004129"
P-004674,C0184,2026-07-17,1387659,transferencia,F-004966
P-004675,C0477,2026-07-20,508761,transferencia,F-003391
P-004676,C0593,2026-07-20,187000,cheque,F-003898
P-004677,C0683,2026-07-20,201199,depósito,F-004068
P-004678,C0926,2026-07-20,135000,transferencia,F-004092
P-004679,C0593,2026-07-20,655000,cheque,F-004137
P-004680,C1078,2026-07-20,204335,depósito,F-004240
P-004681,C0149,2026-07-20,1675449,transferencia,F-004418
P-004682,C0747,2026-07-20,1178838,transferencia,F-004463
P-004683,C1167,2026-07-20,2156708,transferencia,F-004481
P-004684,C0186,2026-07-20,560000,transferencia,F-004518
P-004685,C0140,2026-07-20,535905,transferencia,F-004550
P-004686,C0620,2026-07-20,2005257,transferencia,F-004640
P-004687,C0414,2026-07-20,2589821,depósito,F-004662
P-004688,C0828,2026-07-20,861072,transferencia,F-004668
P-004689,C0681,2026-07-20,1498698,transferencia,F-004687
P-004690,C0127,2026-07-20,651727,transferencia,F-004735
P-004691,C0934,2026-07-20,1497115,transferencia,F-004743
P-004692,C1067,2026-07-20,59000,transferencia,F-004772
P-004693,C1109,2026-07-20,2018359,transferencia,F-004819
P-004694,C0956,2026-07-20,944384,transferencia,F-004868
P-004695,C0822,2026-07-20,2932458,transferencia,F-004922
P-004696,C0513,2026-07-20,839795,transferencia,F-004929
P-004697,C0734,2026-07-20,908006,transferencia,F-004937
P-004698,C0718,2026-07-20,2915084,transferencia,F-004943
P-004699,C0031,2026-07-20,624000,transferencia,F-004947
P-004700,C0064,2026-07-20,2187291,transferencia,F-004964
P-004701,C0049,2026-07-20,313327,transferencia,F-004970
P-004702,C0819,2026-07-20,4314178,transferencia,F-005001
P-004703,C0913,2026-07-20,1096264,cheque,F-005006
P-004704,C0949,2026-07-20,765884,cheque,F-005014
P-004705,C0296,2026-07-20,1404260,transferencia,F-005016
P-004706,C0137,2026-07-20,633163,transferencia,F-005017
P-004707,C0617,2026-07-20,508035,transferencia,F-005023
P-004708,C0259,2026-07-20,1980469,transferencia,F-005025
P-004709,C0676,2026-07-20,1100393,transferencia,F-005027
P-004710,C0843,2026-07-20,2918725,transferencia,F-005031
P-004711,C0128,2026-07-20,590668,depósito,F-005047
P-004712,C0978,2026-07-20,461827,transferencia,F-005052
P-004713,C0852,2026-07-20,1354327,transferencia,F-005055
P-004714,C0501,2026-07-20,234608,transferencia,F-005066
P-004715,C0010,2026-07-20,255588,transferencia,F-005071
P-004716,C0339,2026-07-20,318777,depósito,F-005073
P-004717,C0783,2026-07-20,356881,transferencia,F-005085
P-004718,C0249,2026-07-20,882552,transferencia,F-007024
P-004719,C1078,2026-07-20,1059826,transferencia,"F-004084, F-004088"
P-004720,C0468,2026-07-20,768216,transferencia,F-004134
P-004721,C0754,2026-07-20,453402,transferencia,F-004192
P-004722,C0586,2026-07-20,607995,transferencia,F-004356
P-004723,C0227,2026-07-20,551874,depósito,F-004449
P-004724,C0838,2026-07-20,2289965,depósito,F-004663
P-004725,C0771,2026-07-20,596785,depósito,F-004752
P-004726,C0345,2026-07-20,337936,transferencia,F-004798
P-004727,C0799,2026-07-20,498919,cheque,F-004978
P-004728,C0554,2026-07-20,349075,transferencia,F-005013
P-004729,C0520,2026-07-20,644992,transferencia,F-005020
P-004730,C0457,2026-07-20,553136,transferencia,F-005093
P-004731,C0275,2026-07-21,527991,transferencia,F-003958
P-004732,C0926,2026-07-21,67000,cheque,F-004046
P-004733,C0325,2026-07-21,4554535,depósito,F-004077
P-004734,C0468,2026-07-21,2060128,transferencia,F-004171
P-004735,C0090,2026-07-21,512588,transferencia,F-004490
P-004736,C0173,2026-07-21,554302,transferencia,F-004634
P-004737,C0012,2026-07-21,641969,transferencia,F-004830
P-004738,C0387,2026-07-21,201741,transferencia,F-004949
P-004739,C0031,2026-07-21,1120000,cheque,F-004976
P-004740,C1119,2026-07-21,457936,depósito,F-005026
P-004741,C0169,2026-07-21,486000,transferencia,F-005041
P-004742,C1093,2026-07-21,476298,transferencia,F-005046
P-004743,C0097,2026-07-21,2354974,transferencia,F-005068
P-004744,C0068,2026-07-21,809533,depósito,F-005087
P-004745,C0596,2026-07-21,689153,depósito,F-005113
P-004746,C0301,2026-07-21,554516,transferencia,F-004486
P-004747,C0507,2026-07-21,2045063,transferencia,F-004654
P-004748,C0363,2026-07-21,519887,transferencia,F-005072
P-004749,C0756,2026-07-22,719641,transferencia,F-003101
P-004750,C0102,2026-07-22,818482,transferencia,F-003888
P-004751,C1078,2026-07-22,130317,transferencia,F-004139
P-004752,C0906,2026-07-22,283839,transferencia,F-004457
P-004753,C0461,2026-07-22,421000,transferencia,F-004644
P-004754,C1117,2026-07-22,547924,transferencia,F-004677
P-004755,C0618,2026-07-22,418392,depósito,F-004706
P-004756,C0871,2026-07-22,89381,transferencia,F-004733
P-004757,C0992,2026-07-22,439134,transferencia,F-004738
P-004758,C0638,2026-07-22,1058802,transferencia,F-004816
P-004759,C0862,2026-07-22,747439,transferencia,F-004852
P-004760,C0024,2026-07-22,1481157,transferencia,F-004873
P-004761,C0985,2026-07-22,658000,transferencia,F-004876
P-004762,C1040,2026-07-22,2645239,transferencia,F-005022
P-004763,C0045,2026-07-22,3264206,transferencia,F-005044
P-004764,C0326,2026-07-22,189567,transferencia,F-005051
P-004765,C0567,2026-07-22,902484,depósito,F-005158
P-004766,C1167,2026-07-22,5030416,depósito,"F-004352, F-004410"
P-004767,C0274,2026-07-22,5552944,transferencia,"F-004592, F-004617"
P-004768,C0992,2026-07-22,443596,transferencia,F-004627
P-004769,C1195,2026-07-22,1869573,transferencia,F-004801
P-004770,C0993,2026-07-22,954606,transferencia,F-005059
P-004771,C1078,2026-07-23,242367,transferencia,F-004071
P-004772,C0906,2026-07-23,643000,transferencia,F-004452
P-004773,C0586,2026-07-23,701029,transferencia,F-004515
P-004774,C0834,2026-07-23,1362312,transferencia,F-004665
P-004775,C0314,2026-07-23,882195,transferencia,F-004732
P-004776,C0726,2026-07-23,169587,transferencia,F-004962
P-004777,C0813,2026-07-23,405730,transferencia,F-004996
P-004778,C0315,2026-07-23,1035693,depósito,F-005042
P-004779,C0755,2026-07-23,1498984,transferencia,F-005043
P-004780,C0203,2026-07-23,2956162,transferencia,F-005084
P-004781,C0181,2026-07-23,1362752,cheque,F-005096
P-004782,C0109,2026-07-23,353525,transferencia,F-005105
P-004783,C0399,2026-07-23,612029,transferencia,F-005106
P-004784,C0382,2026-07-23,4687660,transferencia,"F-004541, F-004619"
P-004785,C1054,2026-07-23,2163468,transferencia,"F-004803, F-004831"
P-004786,C1096,2026-07-23,930556,cheque,F-005060
P-004787,C1101,2026-07-23,271344,transferencia,F-005082
P-004788,C0926,2026-07-24,125908,transferencia,F-004035
P-004789,C1004,2026-07-24,477809,transferencia,F-004370
P-004790,C0593,2026-07-24,187000,transferencia,F-004507
P-004791,C1166,2026-07-24,3004134,cheque,F-004561
P-004792,C0747,2026-07-24,374362,depósito,F-004582
P-004793,C0690,2026-07-24,21310,transferencia,F-004598
P-004794,C1195,2026-07-24,438289,transferencia,F-004678
P-004795,C0418,2026-07-24,660260,depósito,F-004708
P-004796,C0918,2026-07-24,499788,transferencia,F-004753
P-004797,C0602,2026-07-24,510474,transferencia,F-004761
P-004798,C0710,2026-07-24,1008870,transferencia,F-004796
P-004799,C0140,2026-07-24,421474,transferencia,F-004807
P-004800,C0057,2026-07-24,399293,depósito,F-004884
P-004801,C0796,2026-07-24,2671360,transferencia,F-004904
P-004802,C0023,2026-07-24,90000,transferencia,F-004912
P-004803,C0490,2026-07-24,422355,transferencia,F-004939
P-004804,C0476,2026-07-24,2746687,transferencia,F-004957
P-004805,C0321,2026-07-24,1036109,transferencia,F-005067
P-004806,C0845,2026-07-24,635710,transferencia,F-005089
P-004807,C0375,2026-07-24,982095,transferencia,F-005094
P-004808,C0315,2026-07-24,1264672,transferencia,F-005114
P-004809,C1139,2026-07-24,680954,transferencia,F-005118
P-004810,C0009,2026-07-24,1262983,transferencia,F-005149
P-004811,C0680,2026-07-24,627868,transferencia,F-005213
P-004812,C0376,2026-07-24,3952895,transferencia,"F-004466, F-004609"
P-004813,C0248,2026-07-24,1194046,transferencia,"F-004559, F-004571"
P-004814,C0939,2026-07-24,2849384,depósito,F-004749
P-004815,C0245,2026-07-24,700505,transferencia,"F-004790, F-004933"
P-004816,C0140,2026-07-24,5425615,transferencia,F-004848
P-004817,C1077,2026-07-24,865927,depósito,F-005102
P-004818,C0593,2026-07-27,456748,transferencia,F-003771
P-004819,C0926,2026-07-27,28000,transferencia,F-004258
P-004820,C1078,2026-07-27,349765,transferencia,F-004334
P-004821,C0683,2026-07-27,290371,transferencia,F-004389
P-004822,C1167,2026-07-27,1401475,transferencia,F-004398
P-004823,C0683,2026-07-27,444000,depósito,F-004411
P-004824,C0087,2026-07-27,500844,transferencia,F-004415
P-004825,C0186,2026-07-27,1013336,transferencia,F-004421
P-004826,C0906,2026-07-27,1664761,transferencia,F-004520
P-004827,C0747,2026-07-27,578280,transferencia,F-004534
P-004828,C0376,2026-07-27,390546,transferencia,F-004564
P-004829,C0797,2026-07-27,773119,transferencia,F-004595
P-004830,C0835,2026-07-27,1896182,transferencia,F-004613
P-004831,C0050,2026-07-27,2718281,transferencia,F-004615
P-004832,C0538,2026-07-27,437837,transferencia,F-004672
P-004833,C0469,2026-07-27,858930,transferencia,F-004673
P-004834,C0502,2026-07-27,779000,transferencia,F-004682
P-004835,C0324,2026-07-27,1942925,transferencia,F-004688
P-004836,C0853,2026-07-27,882694,transferencia,F-004716
P-004837,C0494,2026-07-27,292788,transferencia,F-004760
P-004838,C0461,2026-07-27,880450,transferencia,F-004762
P-004839,C0382,2026-07-27,730720,transferencia,F-004764
P-004840,C1054,2026-07-27,1169841,transferencia,F-004797
P-004841,C1195,2026-07-27,4009098,transferencia,F-004821
P-004842,C0150,2026-07-27,2195443,transferencia,F-004823
P-004843,C0443,2026-07-27,1788023,transferencia,F-004842
P-004844,C0310,2026-07-27,1275716,depósito,F-004872
P-004845,C0199,2026-07-27,298000,cheque,F-004901
P-004846,C0551,2026-07-27,761243,depósito,F-004908
P-004847,C0382,2026-07-27,328630,cheque,F-004971
P-004848,C0427,2026-07-27,457000,transferencia,F-004985
P-004849,C0748,2026-07-27,1213000,transferencia,F-004990
P-004850,C0027,2026-07-27,2123067,transferencia,F-004992
P-004851,C0105,2026-07-27,196374,transferencia,F-005050
P-004852,C0783,2026-07-27,1078521,transferencia,F-005053
P-004853,C0257,2026-07-27,211000,transferencia,F-005054
P-004854,C0936,2026-07-27,544294,transferencia,F-005063
P-004855,C0186,2026-07-27,186000,transferencia,F-005080
P-004856,C0840,2026-07-27,801977,transferencia,F-005090
P-004857,C0317,2026-07-27,184000,depósito,F-005091
P-004858,C0733,2026-07-27,2184852,cheque,F-005092
P-004859,C0952,2026-07-27,421784,transferencia,F-005099
P-004860,C1009,2026-07-27,904317,transferencia,F-005100
P-004861,C0735,2026-07-27,3449965,transferencia,F-005103
P-004862,C0783,2026-07-27,1353637,cheque,F-005111
P-004863,C0642,2026-07-27,563334,transferencia,F-005127
P-004864,C0597,2026-07-27,1297528,transferencia,F-005130
P-004865,C0840,2026-07-27,1786202,transferencia,F-005140
P-004866,C0249,2026-07-27,1429250,transferencia,F-005141
P-004867,C0902,2026-07-27,602128,transferencia,F-005150
P-004868,C0646,2026-07-27,458674,transferencia,F-005161
P-004869,C0352,2026-07-27,966625,transferencia,F-005167
P-004870,C1153,2026-07-27,1459844,transferencia,F-005169
P-004871,C0082,2026-07-27,340971,transferencia,F-005171
P-004872,C0321,2026-07-27,917228,transferencia,F-005172
P-004873,C0845,2026-07-27,2540245,transferencia,F-005212
P-004874,C0249,2026-07-27,1480717,transferencia,F-005247
P-004875,C0682,2026-07-27,365628,cheque,F-005303
P-004876,C1196,2026-07-27,276496,transferencia,F-004230
P-004877,C0586,2026-07-27,660867,transferencia,F-004513
P-004878,C0301,2026-07-27,1838978,transferencia,F-004546
P-004879,C0139,2026-07-27,2815790,depósito,F-004569
P-004880,C0127,2026-07-27,196017,transferencia,F-004794
P-004881,C0620,2026-07-27,678728,depósito,F-004836
P-004882,C0771,2026-07-27,1131654,transferencia,F-004847
P-004883,C0838,2026-07-27,1331586,transferencia,F-004861
P-004884,C0184,2026-07-27,729387,cheque,F-005164
P-004885,C1080,2026-07-27,2574196,transferencia,F-005221
P-004886,C0457,2026-07-27,1586353,transferencia,F-005244
P-004887,C0554,2026-07-27,791219,transferencia,F-005280
P-004888,C0961,2026-07-28,129507,transferencia,F-004158
P-004889,C0958,2026-07-28,614159,transferencia,F-004297
P-004890,C1064,2026-07-28,391869,transferencia,F-004531
P-004891,C0961,2026-07-28,519000,depósito,F-004800
P-004892,C0896,2026-07-28,437860,transferencia,F-004878
P-004893,C1064,2026-07-28,618000,transferencia,F-004899
P-004894,C0324,2026-07-28,398912,transferencia,F-005012
P-004895,C0529,2026-07-28,1178148,transferencia,F-005125
P-004896,C0588,2026-07-28,1098501,transferencia,F-005142
P-004897,C0921,2026-07-28,429900,cheque,F-005174
P-004898,C0682,2026-07-28,599391,transferencia,F-005231
P-004899,C0882,2026-07-28,1810014,transferencia,F-005305
P-004900,C0632,2026-07-28,1798447,cheque,"F-004601, F-004720"
P-004901,C0917,2026-07-28,423723,transferencia,F-004879
P-004902,C0805,2026-07-28,360951,transferencia,F-005268
P-004903,C1078,2026-07-29,456936,transferencia,F-004288
P-004904,C0373,2026-07-29,551092,cheque,F-004406
P-004905,C0250,2026-07-29,121985,transferencia,F-004553
P-004906,C0590,2026-07-29,236191,transferencia,F-004715
P-004907,C0507,2026-07-29,635734,transferencia,F-004744
P-004908,C0672,2026-07-29,512093,transferencia,F-004811
P-004909,C1054,2026-07-29,961520,transferencia,F-004827
P-004910,C0906,2026-07-29,2072000,transferencia,F-004829
P-004911,C0906,2026-07-29,395000,cheque,F-004869
P-004912,C0848,2026-07-29,921560,transferencia,F-004875
P-004913,C0432,2026-07-29,975776,cheque,F-004882
P-004914,C0474,2026-07-29,3648838,cheque,F-004888
P-004915,C0589,2026-07-29,459000,transferencia,F-004918
P-004916,C0328,2026-07-29,155000,transferencia,F-004920
P-004917,C0428,2026-07-29,960044,transferencia,F-004928
P-004918,C0417,2026-07-29,957486,transferencia,F-005081
P-004919,C0719,2026-07-29,2065983,transferencia,F-005116
P-004920,C0220,2026-07-29,1093812,transferencia,F-005170
P-004921,C1082,2026-07-29,2617131,transferencia,F-005175
P-004922,C1093,2026-07-29,1341130,transferencia,F-005178
P-004923,C0144,2026-07-29,1562779,transferencia,F-005220
P-004924,C0901,2026-07-29,1531637,depósito,F-005223
P-004925,C0249,2026-07-29,334592,transferencia,F-007033
P-004926,C1167,2026-07-29,1570931,depósito,F-004629
P-004927,C0382,2026-07-29,1273419,transferencia,F-004855
P-004928,C1195,2026-07-29,358261,transferencia,F-004870
P-004929,C0919,2026-07-29,1249690,transferencia,F-005173
P-004930,C0593,2026-07-30,249856,transferencia,F-004141
P-004931,C0754,2026-07-30,2367719,transferencia,F-004216
P-004932,C0228,2026-07-30,571000,transferencia,F-004626
P-004933,C0589,2026-07-30,143000,transferencia,F-005086
P-004934,C1103,2026-07-30,1599241,transferencia,F-005148
P-004935,C0303,2026-07-30,593965,depósito,F-005183
P-004936,C0011,2026-07-30,641160,transferencia,F-005198
P-004937,C0855,2026-07-30,350038,transferencia,F-005199
P-004938,C0840,2026-07-30,635377,transferencia,F-005227
P-004939,C0745,2026-07-30,1270860,transferencia,F-005258
P-004940,C1191,2026-07-30,938874,transferencia,F-005260
P-004941,C0321,2026-07-30,2680677,transferencia,F-005311
P-004942,C0376,2026-07-30,1879772,transferencia,F-004638
P-004943,C0722,2026-07-30,2514982,cheque,F-005232
P-004944,C0156,2026-07-30,333498,transferencia,F-005241
P-004945,C0926,2026-07-31,1271174,transferencia,F-004082
P-004946,C0593,2026-07-31,1779811,cheque,F-004137
P-004947,C0228,2026-07-31,311000,cheque,F-004224
P-004948,C0228,2026-07-31,407000,transferencia,F-004479
P-004949,C0484,2026-07-31,2177528,cheque,F-004614
P-004950,C0293,2026-07-31,1499900,transferencia,F-004645
P-004951,C0031,2026-07-31,49000,cheque,F-004713
P-004952,C0404,2026-07-31,254984,transferencia,F-004802
P-004953,C0150,2026-07-31,548971,depósito,F-004808
P-004954,C0140,2026-07-31,657677,depósito,F-004815
P-004955,C0848,2026-07-31,1280976,transferencia,F-004927
P-004956,C0123,2026-07-31,1701831,transferencia,F-004932
P-004957,C0771,2026-07-31,1341975,cheque,F-004956
P-004958,C1195,2026-07-31,355834,transferencia,F-004968
P-004959,C0031,2026-07-31,2274011,transferencia,F-004976
P-004960,C0927,2026-07-31,2487350,cheque,F-005021
P-004961,C0370,2026-07-31,1558519,transferencia,F-005049
P-004962,C0741,2026-07-31,321193,transferencia,F-005181
P-004963,C0466,2026-07-31,1751942,transferencia,F-005251
P-004964,C0140,2026-07-31,189686,transferencia,F-004778
P-004965,C1054,2026-07-31,2065697,transferencia,"F-004788, F-004810"
P-004966,C0245,2026-07-31,817256,depósito,"F-004896, F-004944"
P-004967,C0651,2026-07-31,1137354,transferencia,"F-005117, F-005314"
P-004968,C0961,2026-08-03,496224,transferencia,F-003913
P-004969,C0926,2026-08-03,229000,transferencia,F-004092
P-004970,C1078,2026-08-03,1692025,depósito,F-004308
P-004971,C0031,2026-08-03,186504,transferencia,F-004355
P-004972,C0961,2026-08-03,111000,transferencia,F-004362
P-004973,C0593,2026-08-03,326000,transferencia,F-004581
P-004974,C0139,2026-08-03,2073218,transferencia,F-004586
P-004975,C0842,2026-08-03,2194003,transferencia,F-004630
P-004976,C0248,2026-08-03,1228520,transferencia,F-004636
P-004977,C0632,2026-08-03,219864,transferencia,F-004726
P-004978,C0186,2026-08-03,808565,transferencia,F-004742
P-004979,C0918,2026-08-03,504512,transferencia,F-004755
P-004980,C1067,2026-08-03,138571,transferencia,F-004772
P-004981,C1179,2026-08-03,1607523,transferencia,F-004776
P-004982,C0035,2026-08-03,877000,transferencia,F-004785
P-004983,C0031,2026-08-03,413939,transferencia,F-004822
P-004984,C0515,2026-08-03,1257199,transferencia,F-004826
P-004985,C0906,2026-08-03,440000,depósito,F-004864
P-004986,C0939,2026-08-03,653584,transferencia,F-004871
P-004987,C0985,2026-08-03,278685,transferencia,F-004876
P-004988,C0253,2026-08-03,556849,transferencia,F-004903
P-004989,C0198,2026-08-03,2284955,transferencia,F-004930
P-004990,C0031,2026-08-03,378000,transferencia,F-004947
P-004991,C0533,2026-08-03,518804,transferencia,F-004986
P-004992,C0969,2026-08-03,282851,transferencia,F-004989
P-004993,C1110,2026-08-03,1387552,transferencia,F-005005
P-004994,C0058,2026-08-03,521196,transferencia,F-005069
P-004995,C0249,2026-08-03,379146,transferencia,F-005101
P-004996,C0407,2026-08-03,1076296,transferencia,F-005112
P-004997,C1059,2026-08-03,224000,transferencia,F-005115
P-004998,C0708,2026-08-03,399888,transferencia,F-005162
P-004999,C0023,2026-08-03,127000,transferencia,F-005166
P-005000,C0681,2026-08-03,2384950,transferencia,F-005168
P-005001,C0852,2026-08-03,3108804,transferencia,F-005179
P-005002,C0651,2026-08-03,1696869,transferencia,F-005188
P-005003,C0805,2026-08-03,1647686,transferencia,F-005191
P-005004,C0079,2026-08-03,455830,transferencia,F-005203
P-005005,C0805,2026-08-03,2713866,transferencia,F-005235
P-005006,C1004,2026-08-03,1625659,transferencia,F-005245
P-005007,C0983,2026-08-03,948930,transferencia,F-005252
P-005008,C0484,2026-08-03,156000,transferencia,F-005253
P-005009,C1131,2026-08-03,427472,transferencia,F-005261
P-005010,C0658,2026-08-03,490720,transferencia,F-005263
P-005011,C0746,2026-08-03,558979,transferencia,F-005275
P-005012,C0023,2026-08-03,184000,transferencia,F-005287
P-005013,C1009,2026-08-03,1152705,transferencia,F-005288
P-005014,C0617,2026-08-03,1073023,transferencia,F-005292
P-005015,C1132,2026-08-03,2174356,transferencia,F-005294
P-005016,C0513,2026-08-03,629510,depósito,F-005299
P-005017,C0119,2026-08-03,478451,transferencia,F-005301
P-005018,C0718,2026-08-03,882802,transferencia,F-005309
P-005019,C0516,2026-08-03,2511650,cheque,F-005312
P-005020,C0082,2026-08-03,401232,cheque,F-005315
P-005021,C0289,2026-08-03,1435188,transferencia,F-005320
P-005022,C0291,2026-08-03,118845,transferencia,F-005334
P-005023,C0821,2026-08-03,350514,transferencia,F-005336
P-005024,C0177,2026-08-03,1156156,transferencia,F-005352
P-005025,C1184,2026-08-03,1439055,transferencia,F-005374
P-005026,C0866,2026-08-03,219519,transferencia,F-005421
P-005027,C0249,2026-08-03,1040738,transferencia,F-007039
P-005028,C0325,2026-08-03,672588,transferencia,F-004270
P-005029,C1127,2026-08-03,858061,cheque,F-004315
P-005030,C0248,2026-08-03,3311472,transferencia,F-004691
P-005031,C0227,2026-08-03,964566,transferencia,F-004698
P-005032,C0428,2026-08-03,1416052,transferencia,F-004967
P-005033,C0447,2026-08-03,951810,transferencia,F-005240
P-005034,C1012,2026-08-03,1388385,cheque,F-005283
P-005035,C0651,2026-08-03,517757,transferencia,F-005289
P-005036,C0843,2026-08-03,1623969,transferencia,F-005316
P-005037,C0475,2026-08-04,1424620,transferencia,F-003559
P-005038,C0961,2026-08-04,386503,cheque,F-004346
P-005039,C0482,2026-08-04,966268,transferencia,F-004605
P-005040,C0139,2026-08-04,957760,cheque,F-004725
P-005041,C0590,2026-08-04,613552,transferencia,F-004745
P-005042,C0593,2026-08-04,318000,transferencia,F-004746
P-005043,C0747,2026-08-04,705384,transferencia,F-004770
P-005044,C0926,2026-08-04,197000,transferencia,F-004809
P-005045,C0245,2026-08-04,5938457,transferencia,F-004915
P-005046,C0271,2026-08-04,347944,depósito,F-004940
P-005047,C0721,2026-08-04,3661166,transferencia,F-004952
P-005048,C0566,2026-08-04,376000,transferencia,F-005255
P-005049,C0610,2026-08-04,352014,depósito,F-005284
P-005050,C0249,2026-08-04,773631,transferencia,F-005306
P-005051,C0644,2026-08-04,1001278,transferencia,F-005310
P-005052,C0586,2026-08-04,1432248,transferencia,F-004659
P-005053,C0507,2026-08-04,1155038,transferencia,F-004975
P-005054,C1101,2026-08-04,1200853,cheque,F-005265
P-005055,C0554,2026-08-04,3207276,depósito,"F-005319, F-005441"
P-005056,C0004,2026-08-04,722842,transferencia,F-005362
P-005057,C1158,2026-08-04,968743,transferencia,F-005365
P-005058,C1078,2026-08-05,380526,transferencia,F-004450
P-005059,C1196,2026-08-05,220340,transferencia,F-004480
P-005060,C1166,2026-08-05,258000,cheque,F-004560
P-005061,C0496,2026-08-05,203335,transferencia,F-004841
P-005062,C0026,2026-08-05,1931965,cheque,F-004993
P-005063,C0689,2026-08-05,2065304,depósito,F-005189
P-005064,C1067,2026-08-05,520000,cheque,F-005193
P-005065,C0006,2026-08-05,1253665,transferencia,F-005298
P-005066,C0912,2026-08-05,726531,transferencia,F-005324
P-005067,C1070,2026-08-05,657713,transferencia,F-005337
P-005068,C0733,2026-08-05,2084428,transferencia,F-005353
P-005069,C0902,2026-08-05,324656,transferencia,F-005395
P-005070,C1050,2026-08-05,965471,transferencia,F-005408
P-005071,C0278,2026-08-05,581434,transferencia,F-005463
P-005072,C0590,2026-08-05,606055,transferencia,F-004695
P-005073,C1100,2026-08-05,861120,transferencia,F-005372
P-005074,C1097,2026-08-05,507832,transferencia,F-005415
P-005075,C0228,2026-08-06,171000,depósito,F-004342
P-005076,C0593,2026-08-06,151000,transferencia,F-004593
P-005077,C0548,2026-08-06,290158,transferencia,F-004925
P-005078,C0494,2026-08-06,680811,transferencia,F-005019
P-005079,C0755,2026-08-06,2149556,transferencia,F-005024
P-005080,C0169,2026-08-06,217338,transferencia,F-005041
P-005081,C0058,2026-08-06,1876547,transferencia,F-005126
P-005082,C0226,2026-08-06,464862,transferencia,F-005132
P-005083,C1058,2026-08-06,713084,transferencia,F-005157
P-005084,C1037,2026-08-06,2222944,transferencia,F-005313
P-005085,C0451,2026-08-06,888014,transferencia,F-005360
P-005086,C0993,2026-08-06,2582062,transferencia,F-005363
P-005087,C0264,2026-08-06,264823,depósito,F-005367
P-005088,C1185,2026-08-06,3297704,transferencia,F-005368
P-005089,C0001,2026-08-06,529443,transferencia,F-005416
P-005090,C0631,2026-08-06,1564636,transferencia,F-005430
P-005091,C0986,2026-08-06,590121,transferencia,F-005437
P-005092,C0321,2026-08-06,952357,cheque,F-005466
P-005093,C0049,2026-08-06,210582,depósito,F-005516
P-005094,C0249,2026-08-06,253886,transferencia,F-007051
P-005095,C0140,2026-08-06,2291024,transferencia,"F-004998, F-005109"
P-005096,C0482,2026-08-07,935078,transferencia,F-002608
P-005097,C0926,2026-08-07,155000,transferencia,F-004258
P-005098,C0565,2026-08-07,951346,transferencia,F-004328
P-005099,C0683,2026-08-07,685481,transferencia,F-004411
P-005100,C0607,2026-08-07,2256883,transferencia,F-004489
P-005101,C0293,2026-08-07,573961,transferencia,F-004693
P-005102,C0042,2026-08-07,568284,transferencia,F-005000
P-005103,C0287,2026-08-07,581434,transferencia,F-005083
P-005104,C0650,2026-08-07,1571000,transferencia,F-005120
P-005105,C0324,2026-08-07,2373979,transferencia,F-005151
P-005106,C0193,2026-08-07,299000,transferencia,F-005214
P-005107,C0956,2026-08-07,513628,transferencia,F-005361
P-005108,C0675,2026-08-07,2560559,transferencia,F-005384
P-005109,C1101,2026-08-07,264644,transferencia,F-005388
P-005110,C0249,2026-08-07,462827,transferencia,F-005396
P-005111,C0013,2026-08-07,1900121,depósito,F-005398
P-005112,C0031,2026-08-07,132078,transferencia,F-005399
P-005113,C0301,2026-08-07,2878801,transferencia,"F-004667, F-004812"
P-005114,C1167,2026-08-07,1236089,transferencia,F-004747
P-005115,C0770,2026-08-07,678574,depósito,F-005385
P-005116,C0805,2026-08-07,552124,cheque,F-005464
P-005117,C0324,2026-08-10,989009,cheque,F-003648
P-005118,C0593,2026-08-10,109771,transferencia,F-003898
P-005119,C1127,2026-08-10,1433367,transferencia,F-004447
P-005120,C0502,2026-08-10,1107959,cheque,F-004682
P-005121,C0227,2026-08-10,426044,transferencia,F-004748
P-005122,C0261,2026-08-10,751461,depósito,F-004765
P-005123,C0906,2026-08-10,1732000,cheque,F-004829
P-005124,C0023,2026-08-10,341530,transferencia,F-004912
P-005125,C0906,2026-08-10,855000,depósito,F-004936
P-005126,C0508,2026-08-10,705432,transferencia,F-004954
P-005127,C0794,2026-08-10,925130,transferencia,F-004972
P-005128,C0427,2026-08-10,346274,transferencia,F-004985
P-005129,C0342,2026-08-10,290931,transferencia,F-005034
P-005130,C1103,2026-08-10,682751,transferencia,F-005037
P-005131,C0163,2026-08-10,1147220,transferencia,F-005038
P-005132,C0469,2026-08-10,800454,transferencia,F-005040
P-005133,C1056,2026-08-10,2907527,cheque,F-005048
P-005134,C0345,2026-08-10,518578,transferencia,F-005079
P-005135,C0961,2026-08-10,187000,transferencia,F-005123
P-005136,C0711,2026-08-10,486000,transferencia,F-005128
P-005137,C0140,2026-08-10,705515,transferencia,F-005138
P-005138,C0507,2026-08-10,3481904,depósito,F-005159
P-005139,C1028,2026-08-10,326250,transferencia,F-005185
P-005140,C0102,2026-08-10,357024,transferencia,F-005217
P-005141,C0488,2026-08-10,629308,transferencia,F-005222
P-005142,C0683,2026-08-10,199000,transferencia,F-005226
P-005143,C1199,2026-08-10,593370,cheque,F-005296
P-005144,C0913,2026-08-10,1340678,transferencia,F-005356
P-005145,C0326,2026-08-10,2515434,transferencia,F-005364
P-005146,C0042,2026-08-10,1367881,transferencia,F-005377
P-005147,C0379,2026-08-10,448820,transferencia,F-005378
P-005148,C1149,2026-08-10,1125645,transferencia,F-005389
P-005149,C0068,2026-08-10,3025492,transferencia,F-005393
P-005150,C0122,2026-08-10,4328054,cheque,F-005394
P-005151,C0011,2026-08-10,745297,cheque,F-005414
P-005152,C0763,2026-08-10,616122,transferencia,F-005420
P-005153,C1045,2026-08-10,650097,transferencia,F-005447
P-005154,C0629,2026-08-10,226278,transferencia,F-005462
P-005155,C0266,2026-08-10,55323,transferencia,F-005480
P-005156,C0597,2026-08-10,2045681,depósito,F-005491
P-005157,C0035,2026-08-10,608000,transferencia,F-005498
P-005158,C0585,2026-08-10,354049,transferencia,F-005499
P-005159,C0952,2026-08-10,801810,transferencia,F-005512
P-005160,C0711,2026-08-10,216556,transferencia,F-005521
P-005161,C0674,2026-08-10,715142,transferencia,F-005533
P-005162,C1081,2026-08-10,531514,depósito,F-005612
P-005163,C0958,2026-08-10,2166049,transferencia,"F-004430, F-004448"
P-005164,C1056,2026-08-10,1793282,transferencia,F-004916
P-005165,C1054,2026-08-10,368019,transferencia,F-005018
P-005166,C0771,2026-08-10,4077702,transferencia,F-005033
P-005167,C0140,2026-08-10,2442094,transferencia,"F-005070, F-005145"
P-005168,C0806,2026-08-10,787018,transferencia,F-005156
P-005169,C1012,2026-08-10,312196,transferencia,F-005349
P-005170,C0293,2026-08-11,114335,transferencia,F-002821
P-005171,C0958,2026-08-11,1092325,transferencia,F-004511
P-005172,C0228,2026-08-11,321452,transferencia,F-004626
P-005173,C0589,2026-08-11,631000,transferencia,F-004918
P-005174,C0253,2026-08-11,1977911,transferencia,F-005075
P-005175,C0317,2026-08-11,332000,transferencia,F-005091
P-005176,C0838,2026-08-11,396330,transferencia,F-005139
P-005177,C1102,2026-08-11,1187180,transferencia,F-005147
P-005178,C0677,2026-08-11,639673,transferencia,F-005177
P-005179,C0507,2026-08-11,1762890,transferencia,F-005192
P-005180,C1094,2026-08-11,135053,transferencia,F-005371
P-005181,C0042,2026-08-11,1007311,transferencia,F-005392
P-005182,C0983,2026-08-11,2060164,depósito,F-005507
P-005183,C0303,2026-08-11,551101,transferencia,F-005550
P-005184,C1119,2026-08-11,545163,transferencia,F-005562
P-005185,C0104,2026-08-11,898450,transferencia,F-005580
P-005186,C0754,2026-08-11,2543958,transferencia,"F-004478, F-004499, F-004711"
P-005187,C0227,2026-08-11,1319567,transferencia,F-004824
P-005188,C0283,2026-08-11,587384,transferencia,F-005238
P-005189,C1149,2026-08-11,5038139,depósito,F-005541
P-005190,C0853,2026-08-12,568546,transferencia,F-003788
P-005191,C0140,2026-08-12,476892,transferencia,F-004987
P-005192,C0906,2026-08-12,1483000,transferencia,F-005057
P-005193,C0115,2026-08-12,1358671,depósito,F-005077
P-005194,C0813,2026-08-12,1363252,transferencia,F-005215
P-005195,C0983,2026-08-12,398959,depósito,F-005438
P-005196,C0249,2026-08-12,548935,transferencia,F-005488
P-005197,C0269,2026-08-12,333260,transferencia,F-005492
P-005198,C0938,2026-08-12,470562,transferencia,F-005501
P-005199,C0339,2026-08-12,825360,transferencia,F-005567
P-005200,C0799,2026-08-12,802465,transferencia,F-005630
P-005201,C0301,2026-08-12,2321178,transferencia,F-005010
P-005202,C0507,2026-08-12,3695009,transferencia,"F-005074, F-005119, F-005152"
P-005203,C0770,2026-08-12,397853,cheque,F-005433
P-005204,C1191,2026-08-12,1616734,transferencia,F-005536
P-005205,C0186,2026-08-13,733860,transferencia,F-004518
P-005206,C0228,2026-08-13,5798000,transferencia,F-004606
P-005207,C0275,2026-08-13,421379,transferencia,F-004757
P-005208,C0593,2026-08-13,193000,transferencia,F-004768
P-005209,C0926,2026-08-13,354000,transferencia,F-004782
P-005210,C1167,2026-08-13,1991251,transferencia,F-004874
P-005211,C0677,2026-08-13,373934,transferencia,F-005108
P-005212,C0755,2026-08-13,470264,transferencia,F-005184
P-005213,C1195,2026-08-13,759541,transferencia,F-005225
P-005214,C0031,2026-08-13,1323000,transferencia,F-005267
P-005215,C0681,2026-08-13,383228,transferencia,F-005391
P-005216,C0079,2026-08-13,1227223,transferencia,F-005436
P-005217,C0997,2026-08-13,366877,depósito,F-005455
P-005218,C0798,2026-08-13,735242,transferencia,F-005505
P-005219,C0899,2026-08-13,308555,transferencia,F-005518
P-005220,C0676,2026-08-13,1050639,transferencia,F-005523
P-005221,C0107,2026-08-13,3755664,transferencia,F-005539
P-005222,C0675,2026-08-13,517162,transferencia,F-005540
P-005223,C1106,2026-08-13,1641902,transferencia,F-005542
P-005224,C0882,2026-08-13,4495142,transferencia,F-005564
P-005225,C0249,2026-08-13,2150056,depósito,F-005569
P-005226,C0738,2026-08-13,344208,transferencia,F-005571
P-005227,C0423,2026-08-13,876899,transferencia,F-005606
P-005228,C0643,2026-08-13,264263,depósito,F-004839
P-005229,C0993,2026-08-13,795194,transferencia,F-005546
P-005230,C0520,2026-08-13,340019,transferencia,F-005584
P-005231,C0275,2026-08-14,352466,transferencia,F-004122
P-005232,C0461,2026-08-14,98268,transferencia,F-004644
P-005233,C0325,2026-08-14,2983925,transferencia,F-004666
P-005234,C0926,2026-08-14,19000,transferencia,F-004804
P-005235,C1167,2026-08-14,102066,transferencia,F-004948
P-005236,C0186,2026-08-14,198000,depósito,F-005080
P-005237,C0997,2026-08-14,815733,transferencia,F-005104
P-005238,C0759,2026-08-14,551196,depósito,F-005272
P-005239,C0324,2026-08-14,1280987,cheque,F-005276
P-005240,C1028,2026-08-14,1897622,transferencia,F-005307
P-005241,C0427,2026-08-14,365000,depósito,F-005355
P-005242,C0496,2026-08-14,1421003,transferencia,F-005445
P-005243,C0118,2026-08-14,1269147,transferencia,F-005477
P-005244,C0119,2026-08-14,939886,transferencia,F-005487
P-005245,C0204,2026-08-14,783805,transferencia,F-005528
P-005246,C0845,2026-08-14,318622,depósito,F-005556
P-005247,C0010,2026-08-14,932996,transferencia,F-005592
P-005248,C0118,2026-08-14,390570,transferencia,F-005593
P-005249,C0902,2026-08-14,1146494,cheque,F-005610
P-005250,C0651,2026-08-14,1567587,transferencia,F-005618
P-005251,C0941,2026-08-14,220662,transferencia,F-005641
P-005252,C0747,2026-08-14,3744990,depósito,F-004988
P-005253,C0805,2026-08-14,558598,transferencia,F-005482
P-005254,C1077,2026-08-14,1364930,transferencia,F-005551
P-005255,C0004,2026-08-14,612160,transferencia,F-005559
P-005256,C0755,2026-08-17,2327723,transferencia,F-002640
P-005257,C0784,2026-08-17,1724750,transferencia,F-003511
P-005258,C0477,2026-08-17,607828,transferencia,F-004190
P-005259,C0228,2026-08-17,1491000,transferencia,F-004479
P-005260,C0593,2026-08-17,295000,transferencia,F-004507
P-005261,C0906,2026-08-17,476000,transferencia,F-004869
P-005262,C0199,2026-08-17,292000,cheque,F-004901
P-005263,C0328,2026-08-17,175000,transferencia,F-004920
P-005264,C0149,2026-08-17,583076,transferencia,F-004960
P-005265,C0632,2026-08-17,2454851,transferencia,F-004969
P-005266,C0293,2026-08-17,3644922,transferencia,F-004995
P-005267,C0647,2026-08-17,820065,transferencia,F-005039
P-005268,C0192,2026-08-17,326631,transferencia,F-005133
P-005269,C1028,2026-08-17,374683,transferencia,F-005137
P-005270,C0632,2026-08-17,1345664,transferencia,F-005153
P-005271,C0023,2026-08-17,179000,transferencia,F-005166
P-005272,C1067,2026-08-17,931491,transferencia,F-005193
P-005273,C0688,2026-08-17,3084456,transferencia,F-005210
P-005274,C0917,2026-08-17,677027,transferencia,F-005233
P-005275,C0345,2026-08-17,2619726,transferencia,F-005242
P-005276,C0934,2026-08-17,760065,transferencia,F-005264
P-005277,C0779,2026-08-17,1429618,transferencia,F-005281
P-005278,C0832,2026-08-17,942004,depósito,F-005321
P-005279,C0956,2026-08-17,625916,transferencia,F-005335
P-005280,C0370,2026-08-17,333343,transferencia,F-005386
P-005281,C0249,2026-08-17,707514,transferencia,F-005417
P-005282,C0443,2026-08-17,816459,transferencia,F-005484
P-005283,C0831,2026-08-17,948394,transferencia,F-005490
P-005284,C0843,2026-08-17,767776,transferencia,F-005517
P-005285,C0583,2026-08-17,235644,transferencia,F-005534
P-005286,C0843,2026-08-17,229991,transferencia,F-005554
P-005287,C0373,2026-08-17,407000,transferencia,F-005563
P-005288,C0312,2026-08-17,35379,transferencia,F-005574
P-005289,C0567,2026-08-17,469336,depósito,F-005581
P-005290,C0502,2026-08-17,1674000,transferencia,F-005582
P-005291,C0964,2026-08-17,495849,transferencia,F-005600
P-005292,C0249,2026-08-17,138730,transferencia,F-005603
P-005293,C0760,2026-08-17,2718210,transferencia,F-005605
P-005294,C0919,2026-08-17,1058326,transferencia,F-005608
P-005295,C0486,2026-08-17,390296,cheque,F-005613
P-005296,C0761,2026-08-17,740394,depósito,F-005614
P-005297,C0156,2026-08-17,167754,transferencia,F-005615
P-005298,C0430,2026-08-17,894547,transferencia,F-005640
P-005299,C0770,2026-08-17,2485874,transferencia,F-005653
P-005300,C0646,2026-08-17,537237,transferencia,F-005682
P-005301,C0088,2026-08-17,415953,transferencia,F-005705
P-005302,C1081,2026-08-17,517590,transferencia,F-005707
P-005303,C1001,2026-08-17,1088814,transferencia,F-005708
P-005304,C0728,2026-08-17,198123,transferencia,F-005756
P-005305,C0180,2026-08-17,887359,transferencia,F-005759
P-005306,C1196,2026-08-17,740751,transferencia,F-004758
P-005307,C0632,2026-08-17,1241491,transferencia,F-004919
P-005308,C0139,2026-08-17,1650958,transferencia,F-005036
P-005309,C0140,2026-08-17,346004,transferencia,F-005195
P-005310,C0418,2026-08-17,1027946,transferencia,F-005229
P-005311,C0677,2026-08-17,1324482,transferencia,F-005243
P-005312,C0806,2026-08-17,411228,transferencia,F-005246
P-005313,C0772,2026-08-17,1501364,transferencia,F-005257
P-005314,C0310,2026-08-17,219246,transferencia,F-005262
P-005315,C1054,2026-08-17,494290,transferencia,F-005279
P-005316,C0620,2026-08-17,5541532,transferencia,F-005282
P-005317,C0060,2026-08-17,1361431,transferencia,F-005565
P-005318,C1080,2026-08-17,1003075,transferencia,F-005568
P-005319,C0194,2026-08-17,382109,transferencia,F-005575
P-005320,C0156,2026-08-17,82336,transferencia,F-005601
P-005321,C1101,2026-08-17,1494759,depósito,F-005660
P-005322,C1012,2026-08-17,100638,transferencia,F-005687
P-005323,C0228,2026-08-18,256948,transferencia,F-004224
P-005324,C0593,2026-08-18,238227,transferencia,F-004581
P-005325,C0856,2026-08-18,763980,transferencia,F-004865
P-005326,C0748,2026-08-18,2025000,transferencia,F-004990
P-005327,C0593,2026-08-18,1045000,transferencia,F-004994
P-005328,C0841,2026-08-18,779676,transferencia,F-005056
P-005329,C0099,2026-08-18,491791,transferencia,F-005076
P-005330,C0961,2026-08-18,1380000,transferencia,F-005182
P-005331,C0111,2026-08-18,272498,transferencia,F-005204
P-005332,C0449,2026-08-18,2022155,transferencia,F-005209
P-005333,C0566,2026-08-18,531672,transferencia,F-005255
P-005334,C0828,2026-08-18,830239,cheque,F-005338
P-005335,C0618,2026-08-18,463326,depósito,F-005383
P-005336,C0313,2026-08-18,1670915,transferencia,F-005406
P-005337,C0538,2026-08-18,1257033,transferencia,F-005476
P-005338,C0675,2026-08-18,427924,transferencia,F-005661
P-005339,C0046,2026-08-18,4010502,transferencia,F-005674
P-005340,C0814,2026-08-18,3197054,transferencia,F-005699
P-005341,C0045,2026-08-18,270654,transferencia,F-005716
P-005342,C0738,2026-08-18,347896,transferencia,F-005730
P-005343,C1050,2026-08-18,966054,transferencia,F-005735
P-005344,C0374,2026-08-18,643659,transferencia,F-005750
P-005345,C1020,2026-08-18,4108499,depósito,F-005757
P-005346,C0919,2026-08-18,733825,transferencia,F-005765
P-005347,C0675,2026-08-18,1232043,transferencia,F-005780
P-005348,C0249,2026-08-18,254041,transferencia,F-007029
P-005349,C1078,2026-08-18,484544,transferencia,"F-004655, F-004692"
P-005350,C0301,2026-08-18,231955,transferencia,F-004938
P-005351,C1195,2026-08-18,451403,cheque,F-005346
P-005352,C0770,2026-08-18,383240,transferencia,F-005679
P-005353,C0961,2026-08-19,243408,transferencia,F-004362
P-005354,C0906,2026-08-19,240097,transferencia,F-004864
P-005355,C1064,2026-08-19,512262,transferencia,F-004899
P-005356,C0590,2026-08-19,644682,cheque,F-005124
P-005357,C0998,2026-08-19,654928,transferencia,F-005136
P-005358,C0469,2026-08-19,1479301,cheque,F-005190
P-005359,C0736,2026-08-19,291122,transferencia,F-005218
P-005360,C0538,2026-08-19,386155,cheque,F-005256
P-005361,C0688,2026-08-19,891798,depósito,F-005266
P-005362,C0354,2026-08-19,1570681,depósito,F-005379
P-005363,C0324,2026-08-19,5149820,depósito,F-005473
P-005364,C0249,2026-08-19,462803,transferencia,F-005543
P-005365,C0075,2026-08-19,1970000,transferencia,F-005560
P-005366,C0109,2026-08-19,475702,transferencia,F-005627
P-005367,C1007,2026-08-19,2187708,transferencia,F-005684
P-005368,C0031,2026-08-19,256052,depósito,F-005725
P-005369,C0394,2026-08-19,1553140,cheque,F-005774
P-005370,C0961,2026-08-20,88864,transferencia,F-004800
P-005371,C0643,2026-08-20,1157775,cheque,F-004977
P-005372,C0124,2026-08-20,1250285,transferencia,F-005201
P-005373,C0891,2026-08-20,443346,transferencia,F-005300
P-005374,C0427,2026-08-20,716000,transferencia,F-005302
P-005375,C1056,2026-08-20,1596611,transferencia,F-005328
P-005376,C1047,2026-08-20,654143,transferencia,F-005339
P-005377,C0469,2026-08-20,187913,transferencia,F-005348
P-005378,C0324,2026-08-20,802691,depósito,F-005483
P-005379,C0125,2026-08-20,583719,transferencia,F-005495
P-005380,C0971,2026-08-20,518757,transferencia,F-005500
P-005381,C0211,2026-08-20,1130631,transferencia,F-005644
P-005382,C0683,2026-08-20,220000,transferencia,F-005648
P-005383,C0682,2026-08-20,199170,depósito,F-005663
P-005384,C0631,2026-08-20,457674,depósito,F-005689
P-005385,C0447,2026-08-20,1866801,transferencia,F-005697
P-005386,C1149,2026-08-20,1449967,transferencia,F-005713
P-005387,C0116,2026-08-20,655464,depósito,F-005714
P-005388,C0550,2026-08-20,451224,transferencia,F-005746
P-005389,C0586,2026-08-20,3562479,transferencia,F-005015
P-005390,C0376,2026-08-20,883825,transferencia,F-005061
P-005391,C0992,2026-08-20,1897300,transferencia,F-005475
P-005392,C0181,2026-08-20,257159,transferencia,F-005681
P-005393,C0218,2026-08-20,2850835,transferencia,"F-005741, F-005769"
P-005394,C0784,2026-08-21,619990,depósito,F-003710
P-005395,C0926,2026-08-21,171691,transferencia,F-004258
P-005396,C0926,2026-08-21,845000,transferencia,F-004710
P-005397,C0926,2026-08-21,250000,transferencia,F-004809
P-005398,C0248,2026-08-21,413156,transferencia,F-004983
P-005399,C0755,2026-08-21,2859820,cheque,F-005002
P-005400,C0248,2026-08-21,2701490,transferencia,F-005154
P-005401,C0019,2026-08-21,429054,transferencia,F-005259
P-005402,C0414,2026-08-21,2144916,transferencia,F-005342
P-005403,C0274,2026-08-21,863845,transferencia,F-005409
P-005404,C0509,2026-08-21,903567,transferencia,F-005461
P-005405,C0035,2026-08-21,245896,transferencia,F-005498
P-005406,C0748,2026-08-21,744000,transferencia,F-005594
P-005407,C0046,2026-08-21,3467458,transferencia,F-005609
P-005408,C0069,2026-08-21,94688,transferencia,F-005702
P-005409,C0471,2026-08-21,1669118,transferencia,F-005747
P-005410,C0269,2026-08-21,3704648,transferencia,F-005875
P-005411,C1127,2026-08-21,1453157,cheque,"F-004623, F-004707"
P-005412,C1056,2026-08-21,194386,cheque,F-005237
P-005413,C0771,2026-08-21,643159,transferencia,F-005429
P-005414,C0761,2026-08-21,507499,transferencia,F-005671
P-005415,C0843,2026-08-21,3749262,cheque,F-005686
P-005416,C0681,2026-08-24,2763335,transferencia,F-003612
P-005417,C0593,2026-08-24,124000,depósito,F-004746
P-005418,C1078,2026-08-24,176513,transferencia,F-004774
P-005419,C0035,2026-08-24,1194342,transferencia,F-004785
P-005420,C1078,2026-08-24,422426,depósito,F-004813
P-005421,C1167,2026-08-24,1094336,transferencia,F-004866
P-005422,C1167,2026-08-24,965495,cheque,F-004974
P-005423,C0227,2026-08-24,1994035,cheque,F-005078
P-005424,C0589,2026-08-24,648000,transferencia,F-005086
P-005425,C0632,2026-08-24,290598,transferencia,F-005107
P-005426,C1059,2026-08-24,273979,transferencia,F-005115
P-005427,C0961,2026-08-24,198000,transferencia,F-005123
P-005428,C0711,2026-08-24,591914,cheque,F-005128
P-005429,C0954,2026-08-24,159032,transferencia,F-005216
P-005430,C0484,2026-08-24,78000,transferencia,F-005253
P-005431,C0794,2026-08-24,2948808,cheque,F-005270
P-005432,C1017,2026-08-24,395294,transferencia,F-005329
P-005433,C0838,2026-08-24,5941158,transferencia,F-005332
P-005434,C1109,2026-08-24,152713,transferencia,F-005381
P-005435,C0515,2026-08-24,341221,transferencia,F-005390
P-005436,C0545,2026-08-24,473632,transferencia,F-005404
P-005437,C0917,2026-08-24,781878,transferencia,F-005405
P-005438,C0519,2026-08-24,703885,transferencia,F-005410
P-005439,C0647,2026-08-24,396782,transferencia,F-005453
P-005440,C1040,2026-08-24,4907334,transferencia,F-005454
P-005441,C0222,2026-08-24,791552,transferencia,F-005456
P-005442,C0566,2026-08-24,101000,transferencia,F-005493
P-005443,C0161,2026-08-24,788744,transferencia,F-005631
P-005444,C0836,2026-08-24,1674758,transferencia,F-005637
P-005445,C0312,2026-08-24,1672343,transferencia,F-005639
P-005446,C1184,2026-08-24,1110068,transferencia,F-005649
P-005447,C0452,2026-08-24,303069,transferencia,F-005662
P-005448,C1149,2026-08-24,524647,transferencia,F-005668
P-005449,C0181,2026-08-24,199813,transferencia,F-005670
P-005450,C1191,2026-08-24,335961,transferencia,F-005693
P-005451,C0554,2026-08-24,857502,transferencia,F-005727
P-005452,C0844,2026-08-24,1546857,transferencia,F-005729
P-005453,C1076,2026-08-24,462065,transferencia,F-005731
P-005454,C0265,2026-08-24,1686873,transferencia,F-005733
P-005455,C0300,2026-08-24,1246918,cheque,F-005744
P-005456,C0658,2026-08-24,689605,cheque,F-005760
P-005457,C0913,2026-08-24,1221654,transferencia,F-005766
P-005458,C1185,2026-08-24,1325196,transferencia,F-005776
P-005459,C0393,2026-08-24,984404,transferencia,F-005787
P-005460,C0811,2026-08-24,323870,transferencia,F-005789
P-005461,C0919,2026-08-24,838248,transferencia,F-005809
P-005462,C0035,2026-08-24,1600000,transferencia,F-005821
P-005463,C0738,2026-08-24,730244,transferencia,F-005842
P-005464,C0944,2026-08-24,359332,transferencia,F-005850
P-005465,C0093,2026-08-24,2129564,transferencia,F-005856
P-005466,C0826,2026-08-24,945384,transferencia,F-005858
P-005467,C0745,2026-08-24,906602,transferencia,F-005921
P-005468,C0754,2026-08-24,850993,transferencia,F-004751
P-005469,C0468,2026-08-24,793278,transferencia,F-004832
P-005470,C1078,2026-08-24,2392662,cheque,F-004951
P-005471,C1167,2026-08-24,762968,cheque,F-005045
P-005472,C0301,2026-08-24,918168,transferencia,F-005165
P-005473,C0917,2026-08-24,3389322,cheque,F-005228
P-005474,C0939,2026-08-24,974003,transferencia,F-005234
P-005475,C1117,2026-08-24,554350,transferencia,F-005295
P-005476,C0992,2026-08-24,2905421,depósito,F-005343
P-005477,C0163,2026-08-24,3377934,transferencia,"F-005440, F-005460"
P-005478,C0507,2026-08-24,605472,transferencia,F-005448
P-005479,C0771,2026-08-24,134898,transferencia,F-005449
P-005480,C0934,2026-08-24,1121087,transferencia,"F-005451, F-005619"
P-005481,C0677,2026-08-24,3288137,transferencia,F-005515
P-005482,C0184,2026-08-24,568463,transferencia,F-005749
P-005483,C1037,2026-08-24,950132,transferencia,F-005771
P-005484,C0420,2026-08-24,691568,transferencia,F-005806
P-005485,C1099,2026-08-24,1120337,cheque,F-005822
P-005486,C0593,2026-08-25,150494,transferencia,F-004768
P-005487,C0958,2026-08-25,1284165,transferencia,F-004877
P-005488,C0926,2026-08-25,123000,depósito,F-005030
P-005489,C0906,2026-08-25,1260985,transferencia,F-005057
P-005490,C0186,2026-08-25,206645,transferencia,F-005080
P-005491,C0234,2026-08-25,343000,transferencia,F-005286
P-005492,C0873,2026-08-25,729827,transferencia,F-005419
P-005493,C0956,2026-08-25,993507,transferencia,F-005435
P-005494,C0659,2026-08-25,180000,transferencia,F-005508
P-005495,C0502,2026-08-25,149666,cheque,F-005535
P-005496,C0829,2026-08-25,763766,cheque,F-005718
P-005497,C0597,2026-08-25,339090,transferencia,F-005810
P-005498,C0144,2026-08-25,490018,transferencia,F-005839
P-005499,C0534,2026-08-25,699066,transferencia,F-005845
P-005500,C0004,2026-08-25,676920,transferencia,F-005848
P-005501,C0109,2026-08-25,142134,transferencia,F-005881
P-005502,C0688,2026-08-25,168813,transferencia,F-005271
P-005503,C1054,2026-08-25,3389680,transferencia,"F-005427, F-005432, F-005468"
P-005504,C0313,2026-08-25,224172,transferencia,F-005513
P-005505,C0926,2026-08-26,312000,cheque,F-004923
P-005506,C0023,2026-08-26,136000,transferencia,F-005287
P-005507,C0274,2026-08-26,2704882,transferencia,F-005326
P-005508,C0679,2026-08-26,160043,transferencia,F-005402
P-005509,C0856,2026-08-26,2649535,transferencia,F-005712
P-005510,C0567,2026-08-26,197683,depósito,F-005781
P-005511,C0019,2026-08-26,1365751,transferencia,F-005784
P-005512,C0109,2026-08-26,436635,depósito,F-005790
P-005513,C0069,2026-08-26,1770446,transferencia,F-005794
P-005514,C0447,2026-08-26,913135,transferencia,F-005815
P-005515,C0822,2026-08-26,519352,transferencia,F-005820
P-005516,C1057,2026-08-26,870378,cheque,F-005832
P-005517,C0430,2026-08-26,1257092,transferencia,F-005868
P-005518,C0379,2026-08-26,153522,transferencia,F-005884
P-005519,C0643,2026-08-26,1663906,transferencia,F-005058
P-005520,C0140,2026-08-26,1652100,transferencia,"F-005180, F-005196"
P-005521,C0428,2026-08-26,263930,transferencia,F-005599
P-005522,C0363,2026-08-26,861084,transferencia,F-005852
P-005523,C0926,2026-08-27,41385,transferencia,F-004092
P-005524,C0906,2026-08-27,924074,transferencia,F-004936
P-005525,C0650,2026-08-27,1555487,transferencia,F-005120
P-005526,C1028,2026-08-27,213581,transferencia,F-005323
P-005527,C0832,2026-08-27,185533,depósito,F-005331
P-005528,C0622,2026-08-27,440264,transferencia,F-005380
P-005529,C0538,2026-08-27,255933,transferencia,F-005403
P-005530,C0138,2026-08-27,758280,transferencia,F-005446
P-005531,C1064,2026-08-27,137000,transferencia,F-005520
P-005532,C0995,2026-08-27,1617067,transferencia,F-005557
P-005533,C0835,2026-08-27,876197,transferencia,F-005617
P-005534,C0578,2026-08-27,1182170,transferencia,F-005632
P-005535,C0029,2026-08-27,424532,transferencia,F-005734
P-005536,C0123,2026-08-27,474655,transferencia,F-005775
P-005537,C0162,2026-08-27,218900,transferencia,F-005802
P-005538,C0944,2026-08-27,216651,transferencia,F-005835
P-005539,C1007,2026-08-27,1915460,depósito,F-005840
P-005540,C0742,2026-08-27,396865,cheque,F-005844
P-005541,C0589,2026-08-27,361000,cheque,F-005883
P-005542,C0325,2026-08-27,4626470,transferencia,"F-004863, F-004889"
P-005543,C0382,2026-08-27,1188239,depósito,"F-005211, F-005308"
P-005544,C0167,2026-08-27,906661,transferencia,F-005344
P-005545,C0181,2026-08-27,951060,transferencia,F-005758
P-005546,C0651,2026-08-27,490589,transferencia,F-005910
P-005547,C0926,2026-08-28,54000,cheque,F-004804
P-005548,C0193,2026-08-28,1042000,cheque,F-005214
P-005549,C0530,2026-08-28,165779,transferencia,F-005442
P-005550,C0508,2026-08-28,1180159,transferencia,F-005486
P-005551,C0245,2026-08-28,406873,depósito,F-005529
P-005552,C0502,2026-08-28,371908,transferencia,F-005582
P-005553,C0305,2026-08-28,233645,transferencia,F-005607
P-005554,C0955,2026-08-28,377754,transferencia,F-005664
P-005555,C0218,2026-08-28,641946,transferencia,F-005813
P-005556,C0641,2026-08-28,1861850,cheque,F-005857
P-005557,C0996,2026-08-28,264478,transferencia,F-005866
P-005558,C0156,2026-08-28,246592,transferencia,F-005898
P-005559,C0249,2026-08-28,1212170,transferencia,F-005904
P-005560,C0610,2026-08-28,6159500,transferencia,F-005914
P-005561,C0712,2026-08-28,2755171,transferencia,F-006048
P-005562,C0249,2026-08-28,2366684,transferencia,F-007038
P-005563,C0249,2026-08-28,820041,transferencia,F-007042
P-005564,C0632,2026-08-28,3368402,transferencia,F-005186
P-005565,C0376,2026-08-28,1575179,transferencia,F-005207
P-005566,C0590,2026-08-28,901818,transferencia,F-005293
P-005567,C0418,2026-08-28,3696235,transferencia,F-005412
P-005568,C0843,2026-08-28,519376,transferencia,F-005847
P-005569,C1012,2026-08-28,1512074,transferencia,F-005862
P-005570,C0323,2026-08-28,548400,transferencia,F-005872
P-005571,C0798,2026-08-28,2407894,cheque,F-005906
P-005572,C1166,2026-08-31,300397,transferencia,F-004560
P-005573,C0593,2026-08-31,467360,transferencia,F-004593
P-005574,C0958,2026-08-31,1580915,transferencia,F-004909
P-005575,C1167,2026-08-31,664734,transferencia,F-005032
P-005576,C0317,2026-08-31,360387,transferencia,F-005091
P-005577,C0643,2026-08-31,331510,transferencia,F-005110
P-005578,C0191,2026-08-31,248520,transferencia,F-005131
P-005579,C0961,2026-08-31,473080,transferencia,F-005182
P-005580,C0643,2026-08-31,644385,transferencia,F-005200
P-005581,C0747,2026-08-31,1025649,transferencia,F-005208
P-005582,C0632,2026-08-31,736800,transferencia,F-005325
P-005583,C0403,2026-08-31,578411,transferencia,F-005340
P-005584,C0427,2026-08-31,83225,transferencia,F-005355
P-005585,C0467,2026-08-31,2205951,cheque,F-005431
P-005586,C0508,2026-08-31,608233,depósito,F-005434
P-005587,C0569,2026-08-31,532168,depósito,F-005465
P-005588,C1054,2026-08-31,1097347,transferencia,F-005489
P-005589,C0127,2026-08-31,194446,transferencia,F-005524
P-005590,C0679,2026-08-31,643469,transferencia,F-005527
P-005591,C0538,2026-08-31,443013,transferencia,F-005531
P-005592,C0140,2026-08-31,270797,transferencia,F-005558
P-005593,C0163,2026-08-31,407611,transferencia,F-005566
P-005594,C0167,2026-08-31,715059,transferencia,F-005583
P-005595,C0758,2026-08-31,277710,transferencia,F-005585
P-005596,C1109,2026-08-31,575841,transferencia,F-005586
P-005597,C0310,2026-08-31,1350341,depósito,F-005598
P-005598,C1103,2026-08-31,1057256,transferencia,F-005643
P-005599,C0313,2026-08-31,968791,depósito,F-005647
P-005600,C0169,2026-08-31,238000,transferencia,F-005691
P-005601,C0510,2026-08-31,891239,transferencia,F-005694
P-005602,C0249,2026-08-31,968482,transferencia,F-005726
P-005603,C0572,2026-08-31,1776944,transferencia,F-005796
P-005604,C1006,2026-08-31,976228,transferencia,F-005801
P-005605,C0855,2026-08-31,369745,cheque,F-005826
P-005606,C0321,2026-08-31,2442665,cheque,F-005837
P-005607,C0270,2026-08-31,2800130,transferencia,F-005843
P-005608,C0088,2026-08-31,662806,cheque,F-005859
P-005609,C0104,2026-08-31,4165619,depósito,F-005870
P-005610,C0315,2026-08-31,809283,cheque,F-005907
P-005611,C0733,2026-08-31,454842,transferencia,F-005913
P-005612,C0447,2026-08-31,2806496,cheque,F-005927
P-005613,C1076,2026-08-31,290491,transferencia,F-005933
P-005614,C0528,2026-08-31,362474,transferencia,F-005935
P-005615,C0218,2026-08-31,367270,transferencia,F-005962
P-005616,C0944,2026-08-31,3322778,transferencia,F-006026
P-005617,C0763,2026-08-31,145823,transferencia,F-006129
P-005618,C0139,2026-08-31,5158007,transferencia,F-005176
P-005619,C0586,2026-08-31,487971,transferencia,F-005205
P-005620,C0590,2026-08-31,676777,transferencia,F-005274
P-005621,C1054,2026-08-31,1334240,transferencia,"F-005458, F-005622"
P-005622,C0688,2026-08-31,645599,transferencia,F-005572
P-005623,C0934,2026-08-31,1099822,transferencia,F-005589
P-005624,C0310,2026-08-31,736455,transferencia,F-005590
P-005625,C0771,2026-08-31,582802,transferencia,F-005703
P-005626,C0770,2026-08-31,612790,depósito,F-005918
P-005627,C1149,2026-08-31,1227878,transferencia,F-005948
P-005628,C0554,2026-08-31,1091599,transferencia,F-005977
P-005629,C1100,2026-08-31,496896,transferencia,F-006005
P-005630,C0761,2026-08-31,202895,transferencia,F-006047
P-005631,C0926,2026-09-01,535000,transferencia,F-004710
P-005632,C0926,2026-09-01,330179,transferencia,F-004782
P-005633,C0124,2026-09-01,2281111,transferencia,F-004825
P-005634,C0906,2026-09-01,2016564,cheque,F-004829
P-005635,C0468,2026-09-01,642064,transferencia,F-004867
P-005636,C1078,2026-09-01,432494,transferencia,F-004898
P-005637,C0228,2026-09-01,104000,transferencia,F-005187
P-005638,C0683,2026-09-01,558875,depósito,F-005226
P-005639,C0031,2026-09-01,312655,cheque,F-005267
P-005640,C1133,2026-09-01,992841,transferencia,F-005333
P-005641,C0075,2026-09-01,2409700,transferencia,F-005560
P-005642,C1056,2026-09-01,1699034,transferencia,F-005717
P-005643,C0731,2026-09-01,1113316,transferencia,F-005878
P-005644,C1191,2026-09-01,1943282,transferencia,F-005879
P-005645,C0194,2026-09-01,324251,depósito,F-005939
P-005646,C1037,2026-09-01,1197426,transferencia,F-005941
P-005647,C0103,2026-09-01,888121,transferencia,F-006017
P-005648,C0437,2026-09-01,868926,transferencia,F-006039
P-005649,C0249,2026-09-01,2199180,transferencia,F-007034
P-005650,C0345,2026-09-01,1801053,transferencia,F-005777
P-005651,C0726,2026-09-01,822956,transferencia,F-005986
P-005652,C0701,2026-09-01,747201,cheque,F-006050
P-005653,C0228,2026-09-02,314364,transferencia,F-004606
P-005654,C0926,2026-09-02,241570,transferencia,F-004809
P-005655,C0227,2026-09-02,1266862,transferencia,F-005097
P-005656,C0496,2026-09-02,3659464,cheque,F-005163
P-005657,C0969,2026-09-02,432541,transferencia,F-005459
P-005658,C0370,2026-09-02,418297,depósito,F-005626
P-005659,C0917,2026-09-02,1094669,transferencia,F-005743
P-005660,C0418,2026-09-02,3268680,transferencia,F-005786
P-005661,C1032,2026-09-02,608709,cheque,F-005882
P-005662,C1176,2026-09-02,3330762,transferencia,F-005958
P-005663,C1034,2026-09-02,493219,transferencia,F-005966
P-005664,C0651,2026-09-02,310709,transferencia,F-006008
P-005665,C0554,2026-09-02,3586886,transferencia,F-006061
P-005666,C0555,2026-09-02,129210,depósito,F-006095
P-005667,C0677,2026-09-02,2900209,transferencia,"F-005577, F-005621"
P-005668,C0838,2026-09-02,1138080,transferencia,F-005587
P-005669,C1152,2026-09-02,1903072,cheque,F-005596
P-005670,C0944,2026-09-02,2323154,transferencia,"F-005915, F-006089"
P-005671,C1141,2026-09-02,3095297,transferencia,"F-005957, F-006018"
P-005672,C1080,2026-09-02,1424168,transferencia,F-006012
P-005673,C0520,2026-09-02,855301,transferencia,F-006077
P-005674,C0593,2026-09-03,33591,depósito,F-004507
P-005675,C0856,2026-09-03,403350,transferencia,F-004984
P-005676,C0227,2026-09-03,970754,depósito,F-005277
P-005677,C0190,2026-09-03,406932,transferencia,F-005424
P-005678,C1004,2026-09-03,2736964,transferencia,F-005646
P-005679,C0428,2026-09-03,232407,transferencia,F-005651
P-005680,C0199,2026-09-03,110000,depósito,F-005762
P-005681,C0058,2026-09-03,3934116,transferencia,F-005829
P-005682,C0451,2026-09-03,1101059,transferencia,F-005972
P-005683,C0420,2026-09-03,480927,transferencia,F-005981
P-005684,C0060,2026-09-03,2177795,depósito,F-005997
P-005685,C0001,2026-09-03,1292768,transferencia,F-006011
P-005686,C0358,2026-09-03,1299861,transferencia,F-006027
P-005687,C1078,2026-09-03,1734544,transferencia,F-004907
P-005688,C0248,2026-09-03,392545,transferencia,F-005304
P-005689,C0420,2026-09-03,194434,depósito,F-006021
P-005690,C0228,2026-09-04,520854,transferencia,F-004479
P-005691,C1109,2026-09-04,420677,transferencia,F-004980
P-005692,C0838,2026-09-04,6592921,transferencia,F-005444
P-005693,C0433,2026-09-04,1026625,depósito,F-005470
P-005694,C0267,2026-09-04,581267,transferencia,F-005553
P-005695,C0313,2026-09-04,516389,depósito,F-005680
P-005696,C0381,2026-09-04,685202,transferencia,F-005737
P-005697,C0755,2026-09-04,1077497,transferencia,F-005792
P-005698,C0031,2026-09-04,98000,transferencia,F-005892
P-005699,C0646,2026-09-04,3893882,transferencia,F-006001
P-005700,C0583,2026-09-04,1030469,transferencia,F-006006
P-005701,C1101,2026-09-04,155664,transferencia,F-006034
P-005702,C1185,2026-09-04,3942779,transferencia,F-006100
P-005703,C0227,2026-09-04,2993980,transferencia,"F-005273, F-005317"
P-005704,C0140,2026-09-04,3674019,transferencia,"F-005387, F-005478, F-005677"
P-005705,C0274,2026-09-04,503382,transferencia,F-005532
P-005706,C1097,2026-09-04,2336470,transferencia,"F-005819, F-005945, F-006046"
P-005707,C0799,2026-09-04,1327302,transferencia,F-005951
P-005708,C0525,2026-09-04,548435,transferencia,F-005974
P-005709,C1037,2026-09-04,1007514,depósito,F-006035
P-005710,C0563,2026-09-07,309174,transferencia,F-002792
P-005711,C0593,2026-09-07,122952,transferencia,F-004746
P-005712,C0199,2026-09-07,206431,transferencia,F-004901
P-005713,C0325,2026-09-07,257825,transferencia,F-004917
P-005714,C0748,2026-09-07,1628231,transferencia,F-004990
P-005715,C0468,2026-09-07,377016,transferencia,F-005035
P-005716,C1196,2026-09-07,998981,transferencia,F-005065
P-005717,C1078,2026-09-07,980953,transferencia,F-005122
P-005718,C0593,2026-09-07,475000,transferencia,F-005206
P-005719,C0139,2026-09-07,585409,transferencia,F-005269
P-005720,C0586,2026-09-07,2240044,transferencia,F-005318
P-005721,C0906,2026-09-07,247000,transferencia,F-005354
P-005722,C0253,2026-09-07,692366,transferencia,F-005376
P-005723,C0681,2026-09-07,719236,transferencia,F-005411
P-005724,C0906,2026-09-07,591000,transferencia,F-005428
P-005725,C0566,2026-09-07,184000,transferencia,F-005493
P-005726,C0659,2026-09-07,218000,cheque,F-005508
P-005727,C0079,2026-09-07,1107723,transferencia,F-005514
P-005728,C0755,2026-09-07,834226,transferencia,F-005555
P-005729,C0841,2026-09-07,606852,transferencia,F-005561
P-005730,C0449,2026-09-07,329083,transferencia,F-005633
P-005731,C0262,2026-09-07,205263,transferencia,F-005665
P-005732,C0332,2026-09-07,567083,transferencia,F-005678
P-005733,C0917,2026-09-07,564358,transferencia,F-005683
P-005734,C0392,2026-09-07,3405851,transferencia,F-005696
P-005735,C0115,2026-09-07,562620,transferencia,F-005720
P-005736,C0310,2026-09-07,1034455,transferencia,F-005740
P-005737,C0140,2026-09-07,186223,transferencia,F-005754
P-005738,C0816,2026-09-07,224374,transferencia,F-005782
P-005739,C0918,2026-09-07,858692,transferencia,F-005823
P-005740,C0764,2026-09-07,827002,transferencia,F-005841
P-005741,C0257,2026-09-07,205000,transferencia,F-005916
P-005742,C0692,2026-09-07,242332,transferencia,F-005970
P-005743,C0520,2026-09-07,5148476,transferencia,F-005975
P-005744,C0731,2026-09-07,426639,transferencia,F-006014
P-005745,C0363,2026-09-07,940136,transferencia,F-006031
P-005746,C0534,2026-09-07,799478,transferencia,F-006032
P-005747,C0944,2026-09-07,655952,transferencia,F-006053
P-005748,C0109,2026-09-07,402327,transferencia,F-006054
P-005749,C0420,2026-09-07,1774814,cheque,F-006067
P-005750,C1007,2026-09-07,1704187,transferencia,F-006072
P-005751,C0326,2026-09-07,1754155,transferencia,F-006079
P-005752,C0252,2026-09-07,3615970,transferencia,F-006193
P-005753,C0249,2026-09-07,290003,transferencia,F-007045
P-005754,C0958,2026-09-07,851088,transferencia,F-004997
P-005755,C0643,2026-09-07,2401718,transferencia,F-005248
P-005756,C0139,2026-09-07,450618,transferencia,F-005285
P-005757,C0747,2026-09-07,765003,transferencia,F-005504
P-005758,C0620,2026-09-07,262776,transferencia,F-005522
P-005759,C1117,2026-09-07,1862267,transferencia,F-005659
P-005760,C0266,2026-09-07,1559447,transferencia,F-006033
P-005761,C0770,2026-09-07,2706584,transferencia,F-006065
P-005762,C0420,2026-09-07,311482,cheque,F-006106
P-005763,C0651,2026-09-07,403719,transferencia,F-006113
P-005764,C0328,2026-09-08,271224,depósito,F-004920
P-005765,C0643,2026-09-08,505191,transferencia,F-005401
P-005766,C0906,2026-09-08,199384,transferencia,F-005525
P-005767,C0506,2026-09-08,1035812,transferencia,F-005623
P-005768,C0138,2026-09-08,476559,transferencia,F-005636
P-005769,C0035,2026-09-08,905569,transferencia,F-005821
P-005770,C1071,2026-09-08,207941,transferencia,F-005833
P-005771,C0163,2026-09-08,330070,transferencia,F-005851
P-005772,C0985,2026-09-08,85000,transferencia,F-005917
P-005773,C0832,2026-09-08,1092753,transferencia,F-005993
P-005774,C0035,2026-09-08,439000,transferencia,F-006063
P-005775,C0288,2026-09-08,1002289,transferencia,F-006083
P-005776,C0746,2026-09-08,706075,transferencia,F-006096
P-005777,C0632,2026-09-08,2475378,transferencia,"F-005357, F-005370"
P-005778,C0190,2026-09-08,1344902,transferencia,F-005545
P-005779,C1195,2026-09-08,1714005,transferencia,F-005825
P-005780,C0428,2026-09-08,2500892,transferencia,"F-005931, F-005955"
P-005781,C0379,2026-09-08,1499852,transferencia,F-006090
P-005782,C1110,2026-09-09,6639724,transferencia,F-004516
P-005783,C0926,2026-09-09,550000,transferencia,F-005290
P-005784,C0593,2026-09-09,596000,transferencia,F-005369
P-005785,C1053,2026-09-09,604092,cheque,F-005511
P-005786,C0603,2026-09-09,353275,cheque,F-005588
P-005787,C0786,2026-09-09,3363666,transferencia,F-005591
P-005788,C0354,2026-09-09,1609951,transferencia,F-005676
P-005789,C1072,2026-09-09,292264,transferencia,F-005751
P-005790,C0074,2026-09-09,1797293,transferencia,F-005770
P-005791,C0806,2026-09-09,440681,cheque,F-005779
P-005792,C0163,2026-09-09,205549,transferencia,F-005903
P-005793,C0578,2026-09-09,319348,transferencia,F-005987
P-005794,C0529,2026-09-09,1974436,transferencia,F-006015
P-005795,C0249,2026-09-09,1613354,cheque,F-006062
P-005796,C0728,2026-09-09,654869,transferencia,F-006123
P-005797,C1080,2026-09-09,1009667,transferencia,F-006168
P-005798,C1078,2026-09-09,1128739,transferencia,F-005129
P-005799,C0227,2026-09-09,1225034,transferencia,"F-005397, F-005544"
P-005800,C0248,2026-09-09,2022036,depósito,F-005611
P-005801,C1056,2026-09-09,979620,transferencia,F-005652
P-005802,C0677,2026-09-09,4408771,transferencia,"F-005709, F-005816"
P-005803,C0603,2026-09-09,433576,transferencia,F-005724
P-005804,C0799,2026-09-09,135970,transferencia,F-006029
P-005805,C0202,2026-09-09,947942,transferencia,F-006108
P-005806,C0850,2026-09-09,204156,cheque,F-006111
P-005807,C0058,2026-09-10,3136007,depósito,F-004664
P-005808,C0484,2026-09-10,247510,depósito,F-005253
P-005809,C0140,2026-09-10,224898,cheque,F-005695
P-005810,C0702,2026-09-10,1245240,transferencia,F-005996
P-005811,C0124,2026-09-10,1211670,transferencia,F-006055
P-005812,C0525,2026-09-10,835130,cheque,F-006116
P-005813,C0810,2026-09-10,525909,transferencia,F-006121
P-005814,C0923,2026-09-10,552362,transferencia,F-006160
P-005815,C0919,2026-09-10,1219976,transferencia,F-006197
P-005816,C0528,2026-09-10,2819693,transferencia,F-006218
P-005817,C0249,2026-09-10,504227,cheque,F-007036
P-005818,C0245,2026-09-10,699161,transferencia,F-005602
P-005819,C0469,2026-09-10,1765793,depósito,F-005824
P-005820,C0969,2026-09-10,5190530,transferencia,F-005956
P-005821,C0805,2026-09-10,683905,transferencia,F-006092
P-005822,C0457,2026-09-10,2093127,transferencia,F-006101
P-005823,C0993,2026-09-10,815293,transferencia,F-006103
P-005824,C1199,2026-09-11,1157572,transferencia,F-004611
P-005825,C1078,2026-09-11,190828,transferencia,F-005144
P-005826,C0575,2026-09-11,1460297,transferencia,F-005351
P-005827,C0643,2026-09-11,357381,transferencia,F-005452
P-005828,C1109,2026-09-11,908886,transferencia,F-005471
P-005829,C0748,2026-09-11,486650,transferencia,F-005594
P-005830,C0683,2026-09-11,776000,depósito,F-005648
P-005831,C0827,2026-09-11,1256235,transferencia,F-005739
P-005832,C0313,2026-09-11,651108,transferencia,F-005772
P-005833,C0589,2026-09-11,302699,depósito,F-005883
P-005834,C0052,2026-09-11,830084,depósito,F-005922
P-005835,C0322,2026-09-11,5487257,depósito,F-005923
P-005836,C0997,2026-09-11,383763,transferencia,F-006073
P-005837,C0061,2026-09-11,2352452,transferencia,F-006139
P-005838,C0286,2026-09-11,1011393,transferencia,F-006201
P-005839,C1167,2026-09-11,854718,transferencia,"F-005413, F-005479"
P-005840,C0376,2026-09-11,1052876,depósito,F-005467
P-005841,C0841,2026-09-11,2769761,transferencia,F-005472
P-005842,C0838,2026-09-11,1785321,transferencia,F-005628
P-005843,C0140,2026-09-11,3462483,transferencia,"F-005666, F-005752"
P-005844,C1054,2026-09-11,2854786,transferencia,F-005798
P-005845,C0293,2026-09-14,2259144,transferencia,F-003354
P-005846,C0668,2026-09-14,956451,transferencia,F-004660
P-005847,C0191,2026-09-14,1314700,transferencia,F-004894
P-005848,C0926,2026-09-14,537791,transferencia,F-004923
P-005849,C0958,2026-09-14,467039,cheque,F-005088
P-005850,C1078,2026-09-14,529728,transferencia,F-005146
P-005851,C1078,2026-09-14,631735,transferencia,F-005155
P-005852,C0193,2026-09-14,407729,transferencia,F-005214
P-005853,C0023,2026-09-14,202255,transferencia,F-005287
P-005854,C0427,2026-09-14,476000,cheque,F-005302
P-005855,C1167,2026-09-14,1740589,transferencia,F-005497
P-005856,C0841,2026-09-14,286314,transferencia,F-005503
P-005857,C0664,2026-09-14,4278847,transferencia,F-005538
P-005858,C0248,2026-09-14,307556,depósito,F-005578
P-005859,C0169,2026-09-14,276000,transferencia,F-005691
P-005860,C0519,2026-09-14,767300,transferencia,F-005721
P-005861,C0411,2026-09-14,585123,transferencia,F-005755
P-005862,C1117,2026-09-14,172360,transferencia,F-005778
P-005863,C0897,2026-09-14,361641,transferencia,F-005791
P-005864,C1036,2026-09-14,648000,transferencia,F-005799
P-005865,C0368,2026-09-14,903103,transferencia,F-005804
P-005866,C0927,2026-09-14,1887590,cheque,F-005811
P-005867,C0267,2026-09-14,1424347,transferencia,F-005817
P-005868,C1017,2026-09-14,1218393,transferencia,F-005855
P-005869,C0961,2026-09-14,1809000,cheque,F-005863
P-005870,C0274,2026-09-14,1009287,transferencia,F-005871
P-005871,C0102,2026-09-14,334450,transferencia,F-005886
P-005872,C0546,2026-09-14,785126,transferencia,F-005905
P-005873,C0544,2026-09-14,472037,transferencia,F-005911
P-005874,C0031,2026-09-14,226000,transferencia,F-005932
P-005875,C0245,2026-09-14,708895,transferencia,F-005937
P-005876,C0484,2026-09-14,721000,transferencia,F-005938
P-005877,C0677,2026-09-14,1419230,transferencia,F-005960
P-005878,C0452,2026-09-14,1082031,transferencia,F-005968
P-005879,C0019,2026-09-14,2898495,transferencia,F-006059
P-005880,C0249,2026-09-14,1569717,depósito,F-006118
P-005881,C0746,2026-09-14,467063,transferencia,F-006142
P-005882,C0746,2026-09-14,610089,transferencia,F-006144
P-005883,C0263,2026-09-14,879838,transferencia,F-006155
P-005884,C0298,2026-09-14,2256561,depósito,F-006167
P-005885,C1141,2026-09-14,2211270,transferencia,F-006183
P-005886,C0285,2026-09-14,2890094,transferencia,F-006187
P-005887,C0884,2026-09-14,2013052,transferencia,F-006189
P-005888,C0719,2026-09-14,3093643,transferencia,F-006198
P-005889,C1042,2026-09-14,2135491,transferencia,F-006205
P-005890,C0249,2026-09-14,2857107,depósito,F-006208
P-005891,C0866,2026-09-14,601831,transferencia,F-006222
P-005892,C0993,2026-09-14,1536052,transferencia,F-006230
P-005893,C0290,2026-09-14,2385974,transferencia,F-006261
P-005894,C1073,2026-09-14,468396,depósito,F-006322
P-005895,C0227,2026-09-14,1096823,cheque,F-005502
P-005896,C0376,2026-09-14,645789,transferencia,F-005548
P-005897,C0603,2026-09-14,338591,transferencia,F-005742
P-005898,C1056,2026-09-14,2220445,transferencia,F-005805
P-005899,C0311,2026-09-14,1280178,transferencia,F-005896
P-005900,C1191,2026-09-14,1423906,cheque,F-006163
P-005901,C0882,2026-09-14,1238469,transferencia,F-006177
P-005902,C0746,2026-09-14,1282784,transferencia,F-006178
P-005903,C0722,2026-09-14,543223,transferencia,F-006179
P-005904,C0742,2026-09-14,1615484,transferencia,F-006210
P-005905,C0926,2026-09-15,291000,transferencia,F-005030
P-005906,C0961,2026-09-15,290146,transferencia,F-005123
P-005907,C1196,2026-09-15,1410424,transferencia,F-005239
P-005908,C0234,2026-09-15,571563,transferencia,F-005286
P-005909,C0485,2026-09-15,705825,cheque,F-005579
P-005910,C0376,2026-09-15,1044772,depósito,F-005597
P-005911,C0756,2026-09-15,2275601,transferencia,F-005604
P-005912,C0414,2026-09-15,293406,depósito,F-005723
P-005913,C1000,2026-09-15,625500,transferencia,F-005897
P-005914,C0772,2026-09-15,635162,transferencia,F-005902
P-005915,C0947,2026-09-15,1104296,transferencia,F-005909
P-005916,C1054,2026-09-15,556611,transferencia,F-005929
P-005917,C0414,2026-09-15,1015201,transferencia,F-005942
P-005918,C0324,2026-09-15,384489,transferencia,F-006049
P-005919,C1109,2026-09-15,3456236,cheque,F-006105
P-005920,C0267,2026-09-15,2755493,transferencia,F-006138
P-005921,C0122,2026-09-15,1365406,transferencia,F-006231
P-005922,C0201,2026-09-15,489411,transferencia,F-006287
P-005923,C0733,2026-09-15,1551950,depósito,F-006350
P-005924,C0190,2026-09-15,671446,transferencia,F-005629
P-005925,C0939,2026-09-15,347432,transferencia,F-005830
P-005926,C0245,2026-09-15,2130386,transferencia,F-005849
P-005927,C0310,2026-09-15,644337,transferencia,F-005890
P-005928,C0992,2026-09-15,1045641,transferencia,F-005943
P-005929,C0620,2026-09-15,1700165,transferencia,F-006052
P-005930,C1127,2026-09-16,1000076,transferencia,F-005134
P-005931,C1156,2026-09-16,957926,transferencia,F-005753
P-005932,C0080,2026-09-16,170955,transferencia,F-005807
P-005933,C0488,2026-09-16,6225068,transferencia,F-005808
P-005934,C0832,2026-09-16,1491094,transferencia,F-005988
P-005935,C0832,2026-09-16,308531,transferencia,F-006040
P-005936,C0625,2026-09-16,850802,transferencia,F-006159
P-005937,C0974,2026-09-16,1668202,transferencia,F-006209
P-005938,C0194,2026-09-16,1830744,transferencia,F-006224
P-005939,C0735,2026-09-16,563500,transferencia,F-006253
P-005940,C0958,2026-09-16,1067930,transferencia,"F-005135, F-005327"
P-005941,C0139,2026-09-16,689546,depósito,F-005474
P-005942,C0420,2026-09-16,457507,transferencia,F-006301
P-005943,C1078,2026-09-17,314065,transferencia,F-005095
P-005944,C0593,2026-09-17,756000,transferencia,F-005206
P-005945,C0253,2026-09-17,1207434,transferencia,F-005530
P-005946,C1052,2026-09-17,1498174,transferencia,F-005732
P-005947,C0027,2026-09-17,6006073,transferencia,F-005768
P-005948,C0080,2026-09-17,1139401,transferencia,F-005980
P-005949,C0947,2026-09-17,595369,transferencia,F-006007
P-005950,C0757,2026-09-17,2688841,transferencia,F-006023
P-005951,C0204,2026-09-17,1300408,transferencia,F-006235
P-005952,C0845,2026-09-17,911445,transferencia,F-006236
P-005953,C0529,2026-09-17,1048330,transferencia,F-006239
P-005954,C0323,2026-09-17,1044070,transferencia,F-006241
P-005955,C0379,2026-09-17,1629384,transferencia,F-006244
P-005956,C0550,2026-09-17,3133996,transferencia,F-006248
P-005957,C0642,2026-09-17,1978423,transferencia,F-006274
P-005958,C0046,2026-09-17,607923,cheque,F-006278
P-005959,C0249,2026-09-17,1219750,transferencia,F-006281
P-005960,C0108,2026-09-17,707146,transferencia,F-006285
P-005961,C0249,2026-09-17,1089683,transferencia,F-006296
P-005962,C0468,2026-09-17,693878,transferencia,"F-005029, F-005197"
P-005963,C0586,2026-09-17,2156923,transferencia,"F-005547, F-005675"
P-005964,C0677,2026-09-17,8184570,transferencia,"F-005961, F-006004"
P-005965,C0798,2026-09-17,4097015,transferencia,F-006136
P-005966,C0926,2026-09-18,508982,transferencia,F-004710
P-005967,C1064,2026-09-18,131000,transferencia,F-005520
P-005968,C1138,2026-09-18,2457279,transferencia,F-005642
P-005969,C0091,2026-09-18,1846452,transferencia,F-005645
P-005970,C0376,2026-09-18,402375,transferencia,F-005701
P-005971,C0248,2026-09-18,3160580,transferencia,F-005715
P-005972,C0271,2026-09-18,608019,transferencia,F-005880
P-005973,C0031,2026-09-18,227000,cheque,F-005892
P-005974,C0956,2026-09-18,2030676,cheque,F-005934
P-005975,C0245,2026-09-18,1229746,cheque,F-005963
P-005976,C0320,2026-09-18,256409,depósito,F-005971
P-005977,C0711,2026-09-18,97000,depósito,F-006137
P-005978,C0492,2026-09-18,1118195,transferencia,F-006184
P-005979,C0133,2026-09-18,398000,transferencia,F-006242
P-005980,C1034,2026-09-18,901853,transferencia,F-006272
P-005981,C1007,2026-09-18,354834,depósito,F-006276
P-005982,C0106,2026-09-18,706622,cheque,F-006305
P-005983,C1078,2026-09-18,2443022,depósito,"F-005250, F-005254"
P-005984,C0140,2026-09-18,1460499,transferencia,"F-005854, F-005992"
P-005985,C0771,2026-09-18,640268,transferencia,F-005949
P-005986,C0934,2026-09-18,1164950,transferencia,F-006057
P-005987,C0772,2026-09-18,396770,transferencia,F-006119
P-005988,C0308,2026-09-18,878184,depósito,F-006214
P-005989,C0926,2026-09-21,307193,transferencia,F-004804
P-005990,C0756,2026-09-21,873520,transferencia,F-004892
P-005991,C0958,2026-09-21,185890,transferencia,F-005219
P-005992,C1078,2026-09-21,1176434,transferencia,F-005347
P-005993,C0906,2026-09-21,441000,depósito,F-005354
P-005994,C0926,2026-09-21,233000,transferencia,F-005366
P-005995,C1167,2026-09-21,3324455,transferencia,F-005481
P-005996,C0888,2026-09-21,804856,transferencia,F-005667
P-005997,C0149,2026-09-21,608697,transferencia,F-005700
P-005998,C0376,2026-09-21,681918,transferencia,F-005706
P-005999,C0403,2026-09-21,279721,transferencia,F-005748
P-006000,C1000,2026-09-21,3056860,cheque,F-005827
P-006001,C0449,2026-09-21,1301598,transferencia,F-005831
P-006002,C0917,2026-09-21,431946,transferencia,F-005846
P-006003,C1054,2026-09-21,271082,depósito,F-005876
P-006004,C0081,2026-09-21,820124,transferencia,F-005885
P-006005,C0992,2026-09-21,1115970,transferencia,F-005891
P-006006,C0356,2026-09-21,215842,transferencia,F-005893
P-006007,C0985,2026-09-21,495000,transferencia,F-005917
P-006008,C1068,2026-09-21,1517345,cheque,F-005924
P-006009,C0605,2026-09-21,296405,transferencia,F-005928
P-006010,C0649,2026-09-21,489840,cheque,F-005936
P-006011,C1000,2026-09-21,1414327,transferencia,F-005946
P-006012,C0620,2026-09-21,506631,transferencia,F-005991
P-006013,C0027,2026-09-21,453961,depósito,F-006041
P-006014,C0786,2026-09-21,387464,transferencia,F-006045
P-006015,C0915,2026-09-21,140491,transferencia,F-006051
P-006016,C0373,2026-09-21,4887000,cheque,F-006099
P-006017,C0124,2026-09-21,472037,transferencia,F-006110
P-006018,C0417,2026-09-21,1696524,cheque,F-006135
P-006019,C0023,2026-09-21,413000,transferencia,F-006146
P-006020,C0079,2026-09-21,807784,transferencia,F-006162
P-006021,C0428,2026-09-21,2635719,transferencia,F-006186
P-006022,C0493,2026-09-21,1179123,transferencia,F-006233
P-006023,C0043,2026-09-21,793920,cheque,F-006237
P-006024,C0748,2026-09-21,160000,depósito,F-006245
P-006025,C0249,2026-09-21,4608394,cheque,F-006247
P-006026,C0016,2026-09-21,818887,transferencia,F-006254
P-006027,C0993,2026-09-21,258599,transferencia,F-006289
P-006028,C0554,2026-09-21,517971,cheque,F-006299
P-006029,C0631,2026-09-21,1303514,cheque,F-006300
P-006030,C0011,2026-09-21,2885940,transferencia,F-006324
P-006031,C0119,2026-09-21,302439,transferencia,F-006332
P-006032,C1184,2026-09-21,555349,cheque,F-006336
P-006033,C1141,2026-09-21,606424,cheque,F-006337
P-006034,C0495,2026-09-21,704385,transferencia,F-006352
P-006035,C0747,2026-09-21,303069,transferencia,F-005573
P-006036,C0139,2026-09-21,2055356,transferencia,F-005690
P-006037,C1054,2026-09-21,1569920,transferencia,"F-005722, F-005920"
P-006038,C0140,2026-09-21,10370172,cheque,F-005984
P-006039,C0313,2026-09-21,1646924,transferencia,F-006194
P-006040,C0882,2026-09-21,317778,transferencia,F-006280
P-006041,C1158,2026-09-21,2038090,transferencia,"F-006288, F-006388"
P-006042,C0363,2026-09-21,1016998,transferencia,F-006297
P-006043,C0993,2026-09-21,6980219,transferencia,F-006342
P-006044,C0228,2026-09-22,316000,transferencia,F-005187
P-006045,C1078,2026-09-22,2536318,transferencia,F-005224
P-006046,C1127,2026-09-22,1153122,transferencia,F-005350
P-006047,C0926,2026-09-22,154724,transferencia,F-005658
P-006048,C0199,2026-09-22,258769,cheque,F-005762
P-006049,C0906,2026-09-22,867000,transferencia,F-005947
P-006050,C0127,2026-09-22,780450,depósito,F-005954
P-006051,C0007,2026-09-22,1381626,transferencia,F-005967
P-006052,C0357,2026-09-22,216889,transferencia,F-005973
P-006053,C0140,2026-09-22,302676,transferencia,F-005990
P-006054,C0614,2026-09-22,831120,cheque,F-006024
P-006055,C0133,2026-09-22,507000,transferencia,F-006080
P-006056,C0965,2026-09-22,839307,transferencia,F-006084
P-006057,C0659,2026-09-22,986000,transferencia,F-006088
P-006058,C0417,2026-09-22,479272,transferencia,F-006104
P-006059,C0650,2026-09-22,697000,transferencia,F-006158
P-006060,C0515,2026-09-22,753663,transferencia,F-006180
P-006061,C0317,2026-09-22,352000,transferencia,F-006181
P-006062,C0407,2026-09-22,1626552,transferencia,F-006188
P-006063,C0755,2026-09-22,2161576,transferencia,F-006226
P-006064,C1047,2026-09-22,493279,transferencia,F-006229
P-006065,C0086,2026-09-22,314993,transferencia,F-006325
P-006066,C1076,2026-09-22,2009648,transferencia,F-006338
P-006067,C0980,2026-09-22,6363501,transferencia,F-006359
P-006068,C0682,2026-09-22,1601478,transferencia,F-006375
P-006069,C0940,2026-09-22,1277762,transferencia,F-006383
P-006070,C0863,2026-09-22,1835158,depósito,F-006442
P-006071,C0249,2026-09-22,249733,transferencia,F-007044
P-006072,C0325,2026-09-22,525861,transferencia,F-005358
P-006073,C0227,2026-09-22,626987,transferencia,F-005650
P-006074,C0376,2026-09-22,1866967,transferencia,F-005764
P-006075,C0283,2026-09-22,2194777,transferencia,"F-006016, F-006098"
P-006076,C0906,2026-09-23,344000,transferencia,F-005428
P-006077,C0758,2026-09-23,2520587,cheque,F-005818
P-006078,C1117,2026-09-23,195291,transferencia,F-006010
P-006079,C0102,2026-09-23,7290309,transferencia,F-006182
P-006080,C0324,2026-09-23,174264,depósito,F-006203
P-006081,C0266,2026-09-23,1355232,transferencia,F-006264
P-006082,C0944,2026-09-23,1284117,transferencia,F-006316
P-006083,C0977,2026-09-23,1041559,transferencia,F-006387
P-006084,C0457,2026-09-23,620585,transferencia,F-006394
P-006085,C0440,2026-09-23,761314,transferencia,F-006399
P-006086,C0811,2026-09-23,1317259,transferencia,F-006409
P-006087,C0958,2026-09-23,707503,cheque,F-005194
P-006088,C0806,2026-09-23,961472,transferencia,F-006128
P-006089,C0266,2026-09-23,1470209,transferencia,F-006329
P-006090,C1100,2026-09-23,1082364,transferencia,"F-006401, F-006421"
P-006091,C1062,2026-09-24,312506,transferencia,F-004321
P-006092,C1062,2026-09-24,436206,transferencia,F-005230
P-006093,C0958,2026-09-24,2893509,cheque,F-005249
P-006094,C0370,2026-09-24,580946,transferencia,F-005375
P-006095,C0475,2026-09-24,799918,depósito,F-005400
P-006096,C0477,2026-09-24,684095,depósito,F-005788
P-006097,C1103,2026-09-24,1274740,cheque,F-005795
P-006098,C0939,2026-09-24,554623,transferencia,F-006078
P-006099,C1152,2026-09-24,5323965,transferencia,F-006115
P-006100,C0998,2026-09-24,846721,transferencia,F-006127
P-006101,C1104,2026-09-24,4056900,cheque,F-006199
P-006102,C0086,2026-09-24,1606798,transferencia,F-006211
P-006103,C0249,2026-09-24,1963702,transferencia,F-006353
P-006104,C0651,2026-09-24,2693708,transferencia,F-006358
P-006105,C0202,2026-09-24,1054911,transferencia,F-006419
P-006106,C0245,2026-09-24,2299044,cheque,"F-005959, F-006020"
P-006107,C0677,2026-09-24,225184,depósito,F-006093
P-006108,C1141,2026-09-24,475762,transferencia,F-006535
P-006109,C0958,2026-09-25,2797904,transferencia,F-005425
P-006110,C0961,2026-09-25,146000,transferencia,F-005919
P-006111,C0357,2026-09-25,1982718,transferencia,F-006134
P-006112,C0530,2026-09-25,479903,transferencia,F-006170
P-006113,C0313,2026-09-25,2515291,cheque,F-006174
P-006114,C0020,2026-09-25,1611926,transferencia,F-006252
P-006115,C0760,2026-09-25,2140822,transferencia,F-006362
P-006116,C0866,2026-09-25,1309393,transferencia,F-006367
P-006117,C0249,2026-09-25,821350,transferencia,F-006382
P-006118,C0722,2026-09-25,4500699,depósito,F-006403
P-006119,C0280,2026-09-25,205251,transferencia,F-006411
P-006120,C0712,2026-09-25,2772950,transferencia,F-006413
P-006121,C0249,2026-09-25,773202,transferencia,F-007037
P-006122,C0754,2026-09-25,1216228,transferencia,F-005359
P-006123,C1195,2026-09-25,1035681,transferencia,F-006068
P-006124,C0934,2026-09-25,791231,transferencia,"F-006086, F-006156"
P-006125,C1149,2026-09-25,1144947,transferencia,F-006379
P-006126,C1037,2026-09-25,819291,transferencia,F-006396
